sample_id,dept_code,zone,division,section_id,section_encoded,track_type_encoded,from_km,to_km,km_span,elementary_section_id,defect_type,defect_severity_score,days_overdue,work_category,demanded_duration_mins,power_cut_required,traffic_cut_required,tower_wagon_required,traffic_density_trains_per_day,coa_available_free_slot_mins,concurrent_engg_block_available,concurrent_engg_block_overlap_pct,peak_hours_conflict,ambient_temp_factor,speed_risk_factor,urgency_score
ML-GEN-00640,"TRD","WR","BCT","BCT-BVI",543,1,20.696,25.607,4.911,"ES-W42A","CANTILEVER_MISALIGN",0.7139,12,"AOH_SCHEDULE",139,1,1,1,267,30,1,0.73,0,0.544,0.709,0.6395
ML-GEN-01601,"TRD","ECR","DNR","MKA-BKP",417,0,489.747,490.677,0.93,"ES-32A","CANTILEVER_MISALIGN",0.6579,10,"AOH_SCHEDULE",209,1,1,1,89,130,1,0.75,0,0.266,0.664,0.6259
ML-GEN-01124,"TRD","ECR","DNR","BXR-DNR",655,0,612.562,614.474,1.912,"ES-09B","JUMPER_HOTSPOT",0.7638,8,"POH_SCHEDULE",110,1,1,1,102,120,0,0,0,0.555,0.864,0.655
ML-GEN-01120,"TRD","ECR","DNR","MKA-BKP",417,1,489.474,491.733,2.259,"ES-32A","ANTICREEP_DEFECT",0.6813,12,"PREVENTIVE_MAINT",148,1,1,1,90,154,0,0,0,0.475,0.849,0.6671
ML-GEN-02044,"TRD","NR","DLI","NDLS-PWL",389,0,5.928,7.692,1.764,"ES-D06B","NEUTRAL_PTFE",0.9019,4,"PREVENTIVE_MAINT",117,1,1,1,120,89,1,0.92,0,0.73,0.524,0.6359
ML-GEN-01858,"TRD","ECR","DNR","BXR-DNR",655,1,615.116,615.728,0.612,"ES-09C","DROPPER_DEFECTIVE",0.4452,9,"FOOT_PATROL",40,1,0,0,115,118,1,0.94,1,0.895,0.754,0.632
ML-GEN-01145,"TRD","WR","BCT","BVI-VR",208,0,71.512,75.095,3.583,"ES-W43B","DROPPER_DEFECTIVE",0.806,14,"FOOT_PATROL",92,1,1,1,192,30,1,0.66,1,0.749,0.522,0.6584
ML-GEN-00718,"TRD","CR","BSL","BSL-NGP",465,1,607.878,612.475,4.597,"ES-C54A","ANTICREEP_DEFECT",0.5773,15,"FOOT_PATROL",60,1,0,0,74,141,0,0,0,0.412,0.204,0.6016
ML-GEN-02046,"TRD","CR","BSL","KYN-BSL",386,1,224.937,229.71,4.772,"ES-C50A","DROPPER_DEFECTIVE",0.6182,11,"AOH_SCHEDULE",200,1,1,1,86,134,1,0.94,0,0.403,0.89,0.6175
ML-GEN-01453,"TRD","ECR","DNR","MKA-BKP",417,0,490.914,492.634,1.72,"ES-32A","NEUTRAL_PTFE",0.7408,9,"FOOT_PATROL",114,1,1,1,86,136,0,0,0,0.267,0.585,0.6456
ML-GEN-01265,"TRD","CR","BSL","BSL-NGP",465,0,634.271,639.084,4.813,"ES-C53B","JUMPER_HOTSPOT",0.9616,10,"AOH_SCHEDULE",168,1,1,1,73,142,1,0.59,0,0.791,0.143,0.653
ML-GEN-02135,"TRD","NR","DLI","GZB-MB",515,1,55.993,57.69,1.697,"ES-D04A","CW_WEAR",0.5805,9,"DEFECT_ATTENDANCE",121,1,1,1,100,128,0,0,0,0.446,0.549,0.6116
ML-GEN-02403,"TRD","CR","BSL","KYN-BSL",386,1,389.634,392.656,3.022,"ES-C50B","INSULATOR_FLASHOVER",0.7942,9,"AOH_SCHEDULE",112,1,1,1,83,152,1,0.66,0,0.643,0.59,0.6276
ML-GEN-01118,"TRD","CR","BSL","KYN-BSL",386,1,183.166,186.863,3.696,"ES-C51A","ANTICREEP_DEFECT",0.3542,17,"POH_SCHEDULE",156,1,1,1,91,135,0,0,0,0.657,0.888,0.6169
ML-GEN-00939,"TRD","WR","BCT","BVI-VR",208,0,59.829,64.324,4.495,"ES-W43A","ANTICREEP_DEFECT",0.4619,8,"AOH_SCHEDULE",197,1,1,1,184,47,0,0,0,0.167,0.464,0.5947
ML-GEN-01620,"TRD","WR","BCT","BCT-BVI",543,0,45.164,46.684,1.52,"ES-W41A","NEUTRAL_PTFE",0.7084,12,"PREVENTIVE_MAINT",121,1,1,1,256,30,0,0,0,0.886,0.672,0.6448
ML-GEN-00700,"TRD","WR","BCT","BCT-BVI",543,0,16.173,20.927,4.754,"ES-W41A","DROPPER_DEFECTIVE",0.7063,12,"FOOT_PATROL",96,1,1,1,250,30,0,0,0,0.169,0.715,0.6202
ML-GEN-01745,"TRD","WR","BCT","BVI-VR",208,1,65.008,68.093,3.085,"ES-W43A","DROPPER_DEFECTIVE",0.7091,9,"PREVENTIVE_MAINT",97,1,1,1,208,30,0,0,0,0.4,0.556,0.6378
ML-GEN-00961,"TRD","ECR","DNR","MKA-BKP",417,0,490.286,491.933,1.648,"ES-31A","NEUTRAL_PTFE",0.7036,19,"EMERGENCY_REPAIR",40,1,1,1,86,100,1,0.75,0,0.749,0.495,0.6571
ML-GEN-01121,"TRD","ECR","DNR","BXR-DNR",655,1,614.105,615.164,1.059,"ES-09B","CW_WEAR",0.6768,11,"EMERGENCY_REPAIR",50,1,1,0,123,61,1,0.84,1,0.711,0.887,0.6356
ML-GEN-02055,"TRD","CR","BSL","BSL-NGP",465,0,466.888,468.765,1.877,"ES-C54B","CANTILEVER_MISALIGN",0.6816,10,"DEFECT_ATTENDANCE",88,1,1,0,63,170,1,0.91,0,0.601,0.236,0.6039
ML-GEN-02129,"TRD","WR","BCT","BVI-VR",208,1,64.359,69.286,4.927,"ES-W44B","CANTILEVER_MISALIGN",0.8079,13,"EMERGENCY_REPAIR",89,1,1,1,160,39,0,0,0,0.502,0.809,0.6699
ML-GEN-01344,"TRD","ECR","DNR","BXR-DNR",655,0,612.905,613.54,0.635,"ES-10A","NEUTRAL_PTFE",0.4547,17,"EMERGENCY_REPAIR",57,1,0,0,106,127,1,0.78,0,0.225,0.773,0.6249
ML-GEN-00712,"TRD","CR","BSL","KYN-BSL",386,0,413.143,416.901,3.758,"ES-C52A","NEUTRAL_PTFE",0.755,7,"PREVENTIVE_MAINT",88,1,1,1,89,167,1,0.93,0,0.283,0.779,0.6334
ML-GEN-00628,"TRD","NR","DLI","NDLS-PWL",389,0,14.771,15.437,0.666,"ES-D06A","STEADYARM_CORRODED",0.4755,12,"DEFECT_ATTENDANCE",73,1,1,0,132,71,0,0,1,0.837,0.731,0.6319
ML-GEN-00714,"TRD","CR","BSL","BSL-NGP",465,1,554.391,557.017,2.626,"ES-C54A","CW_WEAR",0.6642,8,"FOOT_PATROL",83,1,1,0,72,165,1,0.82,0,0.388,0.321,0.6096
ML-GEN-00942,"TRD","CR","BSL","BSL-NGP",465,1,520.705,522.689,1.984,"ES-C54A","NEUTRAL_PTFE",0.4146,12,"EMERGENCY_REPAIR",41,1,1,1,60,194,1,0.99,0,0.828,0.149,0.6308
ML-GEN-00627,"TRD","CR","BSL","BSL-NGP",465,0,555.611,558.554,2.943,"ES-C54A","STEADYARM_CORRODED",0.5989,14,"POH_SCHEDULE",183,1,1,1,78,133,0,0,0,0.357,0.124,0.6167
ML-GEN-00765,"TRD","CR","BSL","KYN-BSL",386,0,446.04,447.616,1.576,"ES-C51A","ANTICREEP_DEFECT",0.5012,14,"DEFECT_ATTENDANCE",80,1,1,1,93,125,1,0.56,0,0.287,0.655,0.6356
ML-GEN-01638,"TRD","WR","BCT","BCT-BVI",543,0,3.139,7.966,4.827,"ES-W41A","CW_WEAR",0.6676,15,"FOOT_PATROL",92,1,1,1,224,30,1,0.93,0,0.714,0.759,0.6564
ML-GEN-02499,"TRD","NR","DLI","GZB-MB",515,1,58.778,60.009,1.231,"ES-D05B","CW_WEAR",0.8564,12,"FOOT_PATROL",109,1,1,1,117,83,1,0.73,0,0.598,0.536,0.6662
ML-GEN-00663,"TRD","ECR","DNR","MKA-BKP",417,1,490.161,492.273,2.112,"ES-31A","NEUTRAL_PTFE",0.6777,13,"AOH_SCHEDULE",145,1,1,1,83,159,0,0,0,0.418,0.64,0.6354
ML-GEN-01609,"TRD","NR","DLI","NDLS-GZB",823,0,0.858,2.309,1.451,"ES-D01B","INSULATOR_FLASHOVER",0.6132,15,"POH_SCHEDULE",155,1,1,1,178,35,1,0.81,0,0.444,0.823,0.6229
ML-GEN-02114,"TRD","WR","BCT","BCT-BVI",543,0,2.833,7.064,4.231,"ES-W40A","INSULATOR_FLASHOVER",0.7549,9,"DEFECT_ATTENDANCE",55,1,1,1,209,30,1,0.74,0,0.371,0.677,0.6289
ML-GEN-02375,"TRD","NR","DLI","GZB-MB",515,1,47.718,49.406,1.688,"ES-D05B","CANTILEVER_MISALIGN",0.6204,14,"DEFECT_ATTENDANCE",122,1,1,1,119,121,0,0,1,0.477,0.879,0.6287
ML-GEN-01115,"TRD","WR","BCT","BCT-BVI",543,0,14.345,17.978,3.633,"ES-W40A","CANTILEVER_MISALIGN",0.8379,10,"POH_SCHEDULE",111,1,1,1,307,30,1,0.82,0,0.558,0.861,0.6553
ML-GEN-01117,"TRD","WR","BCT","BCT-BVI",543,1,0.979,3.325,2.346,"ES-W40B","JUMPER_HOTSPOT",0.9689,10,"POH_SCHEDULE",99,1,1,1,274,30,1,0.82,1,0.815,0.73,0.6635
ML-GEN-01104,"TRD","NR","DLI","NDLS-GZB",823,0,10.009,13.257,3.248,"ES-D01B","CW_WEAR",0.4542,12,"DEFECT_ATTENDANCE",145,1,1,1,144,79,0,0,0,0.749,0.571,0.6307
ML-GEN-01228,"TRD","WR","BCT","BVI-VR",208,1,76.776,77.446,0.67,"ES-W43A","DROPPER_DEFECTIVE",0.6228,9,"AOH_SCHEDULE",163,1,1,1,209,30,1,0.91,1,0.37,0.752,0.615
ML-GEN-00824,"TRD","CR","BSL","KYN-BSL",386,0,201.885,203.61,1.725,"ES-C51A","DROPPER_DEFECTIVE",0.749,14,"DEFECT_ATTENDANCE",97,1,1,1,88,116,1,0.69,0,0.782,0.691,0.6621
ML-GEN-00736,"TRD","CR","BSL","BSL-NGP",465,1,536.972,538.225,1.253,"ES-C54B","CW_WEAR",0.7851,11,"POH_SCHEDULE",113,1,1,1,72,129,1,0.58,0,0.85,0.342,0.6507
ML-GEN-01038,"TRD","CR","BSL","KYN-BSL",386,1,248.121,249.793,1.671,"ES-C51B","CANTILEVER_MISALIGN",0.4961,17,"EMERGENCY_REPAIR",72,1,1,1,78,129,1,0.75,0,0.298,0.409,0.6258
ML-GEN-01360,"TRD","WR","BCT","BCT-BVI",543,0,17.629,18.318,0.69,"ES-W41A","DROPPER_DEFECTIVE",0.6906,16,"POH_SCHEDULE",191,1,1,1,270,30,1,0.71,0,0.633,0.84,0.6611
ML-GEN-00882,"TRD","CR","BSL","KYN-BSL",386,0,143.247,144.298,1.052,"ES-C50B","CANTILEVER_MISALIGN",0.811,4,"PREVENTIVE_MAINT",150,1,1,1,92,164,1,0.58,0,0.9,0.518,0.6404
ML-GEN-00858,"TRD","ECR","DNR","DNR-PNBE",454,1,541.957,543.939,1.981,"ES-25A","CANTILEVER_MISALIGN",0.767,17,"POH_SCHEDULE",158,1,1,1,101,131,1,0.99,0,0.163,0.531,0.6562
ML-GEN-00851,"TRD","NR","DLI","GZB-MB",515,1,50.96,51.519,0.559,"ES-D05B","STEADYARM_CORRODED",0.6603,8,"POH_SCHEDULE",132,1,1,1,118,73,1,0.66,1,0.438,0.62,0.6187
ML-GEN-01055,"TRD","ECR","DNR","MKA-BKP",417,0,489.114,491.04,1.927,"ES-32A","NEUTRAL_PTFE",0.6481,7,"FOOT_PATROL",112,1,1,1,77,160,1,0.91,0,0.887,0.475,0.635
ML-GEN-01123,"TRD","WR","BCT","BVI-VR",208,0,85.265,85.969,0.704,"ES-W43A","DROPPER_DEFECTIVE",0.5528,16,"POH_SCHEDULE",166,1,1,1,200,30,1,0.66,0,0.415,0.848,0.6317
ML-GEN-00734,"TRD","CR","BSL","KYN-BSL",386,1,242.223,244.421,2.198,"ES-C52A","NEUTRAL_PTFE",0.8021,16,"POH_SCHEDULE",150,1,1,1,82,134,1,0.54,0,0.756,0.8,0.6633
ML-GEN-02385,"TRD","ECR","DNR","PNBE-RJPB",870,0,545.548,547.636,2.089,"ES-18A","CW_WEAR",0.4704,7,"FOOT_PATROL",123,1,1,1,146,54,1,0.87,1,0.414,0.839,0.5968
ML-GEN-00545,"TRD","CR","BSL","BSL-NGP",465,1,608.479,609.017,0.538,"ES-C54A","CANTILEVER_MISALIGN",0.6944,54,"AOH_SCHEDULE",193,1,1,1,62,161,1,0.54,0,0.416,0.265,0.6896
ML-GEN-01187,"TRD","CR","BSL","KYN-BSL",386,1,273.408,275.728,2.319,"ES-C51B","INSULATOR_FLASHOVER",0.7336,11,"AOH_SCHEDULE",223,1,1,1,96,159,0,0,0,0.447,0.688,0.6482
ML-GEN-01498,"TRD","CR","BSL","BSL-NGP",465,1,531.656,532.67,1.014,"ES-C53B","CW_WEAR",0.7925,8,"DEFECT_ATTENDANCE",51,1,1,1,74,170,1,0.96,0,0.476,0.299,0.6165
ML-GEN-00484,"TRD","WR","BCT","BCT-BVI",543,1,18.587,19.338,0.751,"ES-W41A","ANTICREEP_DEFECT",0.6543,7,"POH_SCHEDULE",173,1,1,1,265,30,1,0.95,1,0.849,0.489,0.6268
ML-GEN-01191,"TRD","NR","DLI","NDLS-PWL",389,1,41.554,42.697,1.143,"ES-D06B","CW_WEAR",0.6729,5,"POH_SCHEDULE",150,1,1,1,109,121,0,0,1,0.32,0.696,0.6207
ML-GEN-01338,"TRD","ECR","DNR","MKA-BKP",417,0,489.213,490.863,1.65,"ES-31A","DROPPER_DEFECTIVE",0.5231,10,"EMERGENCY_REPAIR",70,1,1,0,97,99,1,0.7,0,0.525,0.88,0.6366
ML-GEN-02051,"TRD","ECR","DNR","PNBE-RJPB",870,0,546.186,546.884,0.697,"ES-18A","ANTICREEP_DEFECT",0.6731,11,"DEFECT_ATTENDANCE",83,1,1,0,145,77,0,0,0,0.561,0.528,0.6179
ML-GEN-01786,"TRD","CR","BSL","BSL-NGP",465,1,579.122,579.677,0.555,"ES-C53B","STEADYARM_CORRODED",0.6806,12,"EMERGENCY_REPAIR",83,1,1,1,84,131,1,0.99,0,0.259,0.427,0.6087
ML-GEN-00451,"TRD","CR","BSL","KYN-BSL",386,0,182.118,186.323,4.205,"ES-C52A","ANTICREEP_DEFECT",0.6336,14,"POH_SCHEDULE",113,1,1,1,99,94,0,0,0,0.159,0.643,0.6061
ML-GEN-00522,"TRD","ECR","DNR","BXR-DNR",655,0,611.938,614.855,2.917,"ES-09A","JUMPER_HOTSPOT",0.8451,14,"PREVENTIVE_MAINT",96,1,1,1,122,88,1,0.67,0,0.509,0.513,0.6513
ML-GEN-00313,"TRD","ECR","DNR","BXR-DNR",655,0,612.557,613.216,0.659,"ES-10A","JUMPER_HOTSPOT",0.8705,12,"AOH_SCHEDULE",167,1,1,1,85,161,0,0,0,0.225,0.601,0.6624
ML-GEN-02289,"TRD","ECR","DNR","MKA-BKP",417,0,491.03,491.55,0.52,"ES-32A","DROPPER_DEFECTIVE",0.7194,16,"FOOT_PATROL",55,1,1,0,81,135,0,0,0,0.188,0.666,0.64
ML-GEN-02045,"TRD","WR","BCT","BVI-VR",208,1,80.666,84.632,3.966,"ES-W44A","DROPPER_DEFECTIVE",0.6821,17,"EMERGENCY_REPAIR",89,1,1,1,159,34,0,0,1,0.754,0.453,0.6278
ML-GEN-00546,"TRD","CR","BSL","BSL-NGP",465,0,504.176,504.701,0.526,"ES-C54A","JUMPER_HOTSPOT",0.8963,8,"AOH_SCHEDULE",230,1,1,1,66,140,1,0.87,0,0.18,0.15,0.6416
ML-GEN-02155,"TRD","ECR","DNR","MKA-BKP",417,1,490.498,492.701,2.202,"ES-31A","CW_WEAR",0.334,10,"AOH_SCHEDULE",191,1,1,1,85,151,0,0,0,0.883,0.445,0.6093
ML-GEN-00653,"TRD","CR","BSL","KYN-BSL",386,1,150.571,154.615,4.044,"ES-C50B","INSULATOR_FLASHOVER",0.8828,8,"AOH_SCHEDULE",218,1,1,1,75,171,0,0,0,0.597,0.387,0.6609
ML-GEN-02248,"TRD","NR","DLI","GZB-MB",515,0,41.759,42.935,1.176,"ES-D05B","NEUTRAL_PTFE",0.7728,9,"PREVENTIVE_MAINT",173,1,1,1,132,115,0,0,1,0.442,0.854,0.6412
ML-GEN-01736,"TRD","ECR","DNR","BXR-DNR",655,0,611.72,612.631,0.911,"ES-09B","CW_WEAR",0.8341,10,"EMERGENCY_REPAIR",78,1,1,0,98,149,0,0,0,0.266,0.558,0.6272
ML-GEN-00499,"TRD","NR","DLI","NDLS-PWL",389,0,39.062,42.041,2.978,"ES-D07A","NEUTRAL_PTFE",0.7253,5,"POH_SCHEDULE",148,1,1,1,138,69,0,0,0,0.122,0.736,0.6108
ML-GEN-00358,"TRD","NR","DLI","NDLS-GZB",823,1,23.157,25.183,2.026,"ES-D01B","INSULATOR_FLASHOVER",0.852,14,"POH_SCHEDULE",134,1,1,1,189,30,1,0.7,1,0.156,0.615,0.6355
ML-GEN-00474,"TRD","CR","BSL","KYN-BSL",386,0,109.04,110.029,0.99,"ES-C50A","CW_WEAR",0.461,6,"POH_SCHEDULE",110,1,1,1,72,156,0,0,0,0.847,0.374,0.5882
ML-GEN-00591,"TRD","NR","DLI","NDLS-GZB",823,0,2.716,7.432,4.716,"ES-D01A","CW_WEAR",0.3712,12,"FOOT_PATROL",68,1,1,0,151,71,0,0,1,0.244,0.709,0.6276
ML-GEN-02067,"TRD","WR","BCT","BVI-VR",208,1,83.97,85.331,1.361,"ES-W43B","CW_WEAR",0.8186,34,"EMERGENCY_REPAIR",35,1,1,1,226,30,1,0.53,0,0.285,0.536,0.6908
ML-GEN-01255,"TRD","WR","BCT","BVI-VR",208,0,80.261,81.544,1.283,"ES-W43A","CW_WEAR",0.7999,12,"DEFECT_ATTENDANCE",101,1,1,1,184,30,0,0,1,0.746,0.591,0.6581
ML-GEN-02442,"TRD","NR","DLI","GZB-MB",515,1,46.616,47.794,1.178,"ES-D05A","CW_WEAR",0.4209,14,"PREVENTIVE_MAINT",113,1,1,1,119,95,1,0.89,1,0.33,0.709,0.6257
ML-GEN-00531,"TRD","WR","BCT","BVI-VR",208,0,70.029,71.282,1.253,"ES-W43A","STEADYARM_CORRODED",0.6758,8,"FOOT_PATROL",113,1,1,1,199,30,0,0,0,0.497,0.442,0.6051
ML-GEN-01027,"TRD","ECR","DNR","MKA-BKP",417,0,489.459,490.681,1.222,"ES-32A","BIRD_MENACE",0.8343,13,"PREVENTIVE_MAINT",148,1,1,1,78,108,1,0.96,0,0.875,0.172,0.6408
ML-GEN-01633,"TRD","ECR","DNR","BXR-DNR",655,0,612.31,612.899,0.589,"ES-10A","DROPPER_DEFECTIVE",0.4389,8,"POH_SCHEDULE",110,1,1,1,107,106,1,0.56,0,0.826,0.548,0.5982
ML-GEN-00324,"TRD","WR","BCT","BVI-VR",208,1,85.925,87.442,1.517,"ES-W43B","CANTILEVER_MISALIGN",0.5487,10,"FOOT_PATROL",72,1,1,0,185,43,1,0.97,0,0.159,0.495,0.5927
ML-GEN-02255,"TRD","CR","BSL","KYN-BSL",386,1,109.946,113.379,3.432,"ES-C51A","NEUTRAL_PTFE",0.8723,11,"PREVENTIVE_MAINT",103,1,1,1,112,99,1,0.99,1,0.593,0.417,0.6446
ML-GEN-00854,"TRD","CR","BSL","BSL-NGP",465,1,680.628,681.425,0.797,"ES-C53B","ANTICREEP_DEFECT",0.3397,55,"FOOT_PATROL",94,1,1,1,71,159,1,0.53,0,0.804,0.403,0.7067
ML-GEN-01097,"TRD","CR","BSL","BSL-NGP",465,0,779.358,780.655,1.296,"ES-C54B","DROPPER_DEFECTIVE",0.79,14,"EMERGENCY_REPAIR",30,1,1,0,66,178,1,0.79,0,0.624,0.206,0.6509
ML-GEN-02390,"TRD","CR","BSL","BSL-NGP",465,0,734.303,737.372,3.07,"ES-C53A","STEADYARM_CORRODED",0.6488,70,"DEFECT_ATTENDANCE",145,1,1,1,77,129,0,0,0,0.401,0.313,0.7531
ML-GEN-01020,"TRD","CR","BSL","BSL-NGP",465,0,583.631,587.866,4.235,"ES-C54A","CANTILEVER_MISALIGN",0.866,15,"POH_SCHEDULE",148,1,1,1,67,140,1,0.94,0,0.65,0.207,0.6345
ML-GEN-01365,"TRD","CR","BSL","KYN-BSL",386,1,335.962,337.775,1.813,"ES-C51B","INSULATOR_FLASHOVER",0.9284,20,"AOH_SCHEDULE",141,1,1,1,99,120,1,0.58,0,0.707,0.806,0.7024
ML-GEN-00832,"TRD","CR","BSL","KYN-BSL",386,1,285.107,289.057,3.95,"ES-C51B","STEADYARM_CORRODED",0.5338,8,"DEFECT_ATTENDANCE",44,1,1,0,91,127,0,0,0,0.732,0.538,0.6108
ML-GEN-02060,"TRD","ECR","DNR","MKA-BKP",417,0,490.717,492.221,1.504,"ES-32A","CW_WEAR",0.7332,9,"FOOT_PATROL",110,1,1,1,74,138,0,0,0,0.86,0.232,0.6412
ML-GEN-01563,"TRD","CR","BSL","KYN-BSL",386,0,83.924,87.714,3.789,"ES-C50B","JUMPER_HOTSPOT",0.9338,17,"DEFECT_ATTENDANCE",127,1,1,1,92,113,1,0.73,0,0.497,0.471,0.6594
ML-GEN-00500,"TRD","ECR","DNR","MKA-BKP",417,1,490.408,491.849,1.441,"ES-31A","INSULATOR_FLASHOVER",0.8704,13,"DEFECT_ATTENDANCE",83,1,1,1,71,179,1,0.99,0,0.483,0.184,0.636
ML-GEN-00731,"TRD","CR","BSL","BSL-NGP",465,0,727.263,729.282,2.019,"ES-C53A","CW_WEAR",0.5467,14,"PREVENTIVE_MAINT",138,1,1,1,69,159,1,0.52,0,0.385,0.198,0.6196
ML-GEN-02461,"TRD","ECR","DNR","MKA-BKP",417,0,491.318,491.938,0.62,"ES-31B","CW_WEAR",0.6804,14,"AOH_SCHEDULE",217,1,1,1,94,77,0,0,0,0.33,0.412,0.6255
ML-GEN-00716,"TRD","ECR","DNR","DNR-PNBE",454,0,540.371,542.325,1.954,"ES-24B","INSULATOR_FLASHOVER",0.8417,11,"POH_SCHEDULE",175,1,1,1,133,98,1,1,0,0.678,0.545,0.6385
ML-GEN-01631,"TRD","WR","BCT","BCT-BVI",543,1,26.625,28.384,1.759,"ES-W40B","DROPPER_DEFECTIVE",0.823,13,"DEFECT_ATTENDANCE",119,1,1,1,200,30,1,0.56,0,0.858,0.826,0.6812
ML-GEN-00600,"TRD","WR","BCT","BVI-VR",208,0,88.429,93.302,4.872,"ES-W43B","CANTILEVER_MISALIGN",0.6021,8,"POH_SCHEDULE",140,1,1,1,197,30,0,0,1,0.118,0.656,0.6101
ML-GEN-02175,"TRD","CR","BSL","KYN-BSL",386,1,77.556,79.045,1.489,"ES-C50A","INSULATOR_FLASHOVER",0.6535,8,"DEFECT_ATTENDANCE",109,1,1,1,100,111,1,0.59,0,0.169,0.548,0.6174
ML-GEN-01422,"TRD","NR","DLI","GZB-MB",515,0,40.814,43.533,2.718,"ES-D04B","DROPPER_DEFECTIVE",0.5711,21,"EMERGENCY_REPAIR",31,1,1,0,138,86,1,0.94,1,0.21,0.495,0.6218
ML-GEN-00476,"TRD","CR","BSL","BSL-NGP",465,0,748.678,749.889,1.211,"ES-C53B","CANTILEVER_MISALIGN",0.503,11,"AOH_SCHEDULE",169,1,1,1,77,144,1,0.74,0,0.846,0.418,0.6316
ML-GEN-02111,"TRD","CR","BSL","KYN-BSL",386,0,182.449,184.086,1.637,"ES-C50B","DROPPER_DEFECTIVE",0.6889,11,"FOOT_PATROL",98,1,1,1,84,180,1,0.64,0,0.546,0.41,0.6303
ML-GEN-01355,"TRD","ECR","DNR","BXR-DNR",655,1,611.016,613.679,2.663,"ES-10A","STEADYARM_CORRODED",0.6628,11,"FOOT_PATROL",106,1,1,1,115,80,1,0.67,0,0.154,0.777,0.6244
ML-GEN-01040,"TRD","CR","BSL","BSL-NGP",465,1,500.628,502.98,2.352,"ES-C54B","INSULATOR_FLASHOVER",0.7975,13,"AOH_SCHEDULE",129,1,1,1,87,133,1,0.81,0,0.56,0.711,0.6399
ML-GEN-01712,"TRD","CR","BSL","BSL-NGP",465,0,690.89,695.844,4.954,"ES-C54B","CW_WEAR",0.5376,9,"EMERGENCY_REPAIR",57,1,0,1,65,174,1,0.61,0,0.818,0.23,0.6326
ML-GEN-01458,"TRD","NR","DLI","NDLS-PWL",389,0,44.676,47.007,2.332,"ES-D07A","INSULATOR_FLASHOVER",0.8669,13,"EMERGENCY_REPAIR",37,1,1,0,104,121,1,0.68,0,0.844,0.46,0.6668
ML-GEN-02150,"TRD","WR","BCT","BCT-BVI",543,0,30.397,32.853,2.456,"ES-W42A","STEADYARM_CORRODED",0.6616,11,"AOH_SCHEDULE",201,1,1,1,266,30,1,0.66,0,0.842,0.777,0.6586
ML-GEN-00433,"TRD","ECR","DNR","MKA-BKP",417,0,491.18,492.848,1.668,"ES-31A","DROPPER_DEFECTIVE",0.6138,12,"AOH_SCHEDULE",181,1,1,1,89,119,0,0,0,0.473,0.891,0.6539
ML-GEN-01064,"TRD","NR","DLI","NDLS-PWL",389,0,48.451,53.404,4.953,"ES-D06A","NEUTRAL_PTFE",0.7168,14,"FOOT_PATROL",50,1,1,1,117,127,1,0.65,1,0.107,0.613,0.6246
ML-GEN-02352,"TRD","ECR","DNR","BXR-DNR",655,1,612.069,614.414,2.345,"ES-09B","INSULATOR_FLASHOVER",0.6105,13,"EMERGENCY_REPAIR",52,1,0,0,103,139,0,0,0,0.333,0.408,0.6371
ML-GEN-01274,"TRD","WR","BCT","BCT-BVI",543,0,48.109,49.061,0.953,"ES-W41B","INSULATOR_FLASHOVER",0.7864,8,"FOOT_PATROL",128,1,1,1,315,30,1,0.77,0,0.276,0.74,0.6334
ML-GEN-00849,"TRD","WR","BCT","BVI-VR",208,0,70.291,73.556,3.265,"ES-W44A","CW_WEAR",0.762,74,"DEFECT_ATTENDANCE",90,1,1,1,214,30,1,0.63,0,0.289,0.81,0.7446
ML-GEN-02186,"TRD","NR","DLI","NDLS-PWL",389,1,12.9,16.564,3.664,"ES-D06B","JUMPER_HOTSPOT",0.8844,8,"PREVENTIVE_MAINT",75,1,1,0,96,113,1,0.63,0,0.472,0.839,0.6537
ML-GEN-01437,"TRD","CR","BSL","BSL-NGP",465,0,727.814,730.745,2.931,"ES-C54B","NEUTRAL_PTFE",0.624,14,"EMERGENCY_REPAIR",98,1,1,1,77,131,1,0.65,0,0.706,0.403,0.6274
ML-GEN-01720,"TRD","ECR","DNR","PNBE-RJPB",870,0,546.475,548.383,1.908,"ES-19A","NEUTRAL_PTFE",0.6861,14,"AOH_SCHEDULE",164,1,1,1,136,67,1,0.71,0,0.545,0.493,0.6398
ML-GEN-02233,"TRD","ECR","DNR","DNR-PNBE",454,0,541.822,542.507,0.685,"ES-24A","CW_WEAR",0.6137,11,"DEFECT_ATTENDANCE",105,1,1,1,101,103,0,0,1,0.732,0.425,0.6114
ML-GEN-00541,"TRD","NR","DLI","NDLS-GZB",823,1,21.117,22.992,1.875,"ES-D01A","CW_WEAR",0.6938,2,"DEFECT_ATTENDANCE",107,1,1,1,186,30,1,0.6,1,0.262,0.837,0.6209
ML-GEN-01632,"TRD","NR","DLI","NDLS-PWL",389,1,32.721,35.859,3.138,"ES-D07B","DROPPER_DEFECTIVE",0.6018,9,"PREVENTIVE_MAINT",81,1,1,0,111,76,1,0.93,0,0.537,0.594,0.6269
ML-GEN-01101,"TRD","NR","DLI","NDLS-PWL",389,0,18.902,22.959,4.056,"ES-D06B","CW_WEAR",0.4506,9,"FOOT_PATROL",52,1,1,0,89,133,0,0,0,0.369,0.528,0.5946
ML-GEN-02419,"TRD","NR","DLI","NDLS-GZB",823,1,18.42,22.886,4.466,"ES-D01B","INSULATOR_FLASHOVER",0.9293,12,"POH_SCHEDULE",102,1,1,1,156,31,1,0.84,0,0.235,0.459,0.6628
ML-GEN-01654,"TRD","WR","BCT","BVI-VR",208,1,60.395,64.379,3.984,"ES-W44A","STEADYARM_CORRODED",0.5873,14,"POH_SCHEDULE",159,1,1,1,216,30,1,0.8,1,0.885,0.423,0.6602
ML-GEN-02262,"TRD","NR","DLI","NDLS-PWL",389,0,39.41,40.478,1.068,"ES-D07B","JUMPER_HOTSPOT",0.9176,43,"DEFECT_ATTENDANCE",86,1,1,0,98,111,0,0,0,0.344,0.704,0.7175
ML-GEN-00662,"TRD","CR","BSL","KYN-BSL",386,1,400.281,401.728,1.448,"ES-C50A","CW_WEAR",0.5975,17,"AOH_SCHEDULE",205,1,1,1,98,153,1,0.94,0,0.811,0.525,0.6413
ML-GEN-01122,"TRD","ECR","DNR","DNR-PNBE",454,1,541.633,543.821,2.188,"ES-24A","INSULATOR_FLASHOVER",0.9346,15,"POH_SCHEDULE",181,1,1,1,118,86,0,0,1,0.22,0.668,0.6679
ML-GEN-01783,"TRD","WR","BCT","BVI-VR",208,0,88.217,91.217,3,"ES-W44A","DROPPER_DEFECTIVE",0.7695,9,"EMERGENCY_REPAIR",31,1,1,0,199,30,0,0,0,0.171,0.507,0.6252
ML-GEN-01665,"TRD","WR","BCT","BVI-VR",208,0,62.557,67.478,4.921,"ES-W44A","JUMPER_HOTSPOT",0.9312,40,"EMERGENCY_REPAIR",75,1,1,0,159,30,1,0.63,1,0.414,0.879,0.7314
ML-GEN-01578,"TRD","ECR","DNR","BXR-DNR",655,0,610.072,612.886,2.814,"ES-09A","INSULATOR_FLASHOVER",0.7429,9,"FOOT_PATROL",70,1,1,1,92,167,1,0.74,0,0.738,0.409,0.609
ML-GEN-01393,"TRD","CR","BSL","BSL-NGP",465,0,485.073,488.206,3.133,"ES-C53A","STEADYARM_CORRODED",0.644,13,"AOH_SCHEDULE",237,1,1,1,69,152,1,0.65,0,0.689,0.208,0.6275
ML-GEN-02120,"TRD","WR","BCT","BCT-BVI",543,1,42.897,47.445,4.548,"ES-W42A","INSULATOR_FLASHOVER",0.8574,11,"PREVENTIVE_MAINT",155,1,1,1,251,30,0,0,0,0.632,0.812,0.6631
ML-GEN-02378,"TRD","CR","BSL","BSL-NGP",465,1,505.756,507.137,1.381,"ES-C53A","CW_WEAR",0.8008,13,"DEFECT_ATTENDANCE",105,1,1,1,63,168,1,0.87,0,0.504,0.296,0.6251
ML-GEN-02128,"TRD","CR","BSL","KYN-BSL",386,1,378.807,381.479,2.672,"ES-C50B","BIRD_MENACE",0.9932,15,"EMERGENCY_REPAIR",43,1,1,0,69,138,0,0,0,0.282,0.479,0.651
ML-GEN-00521,"TRD","WR","BCT","BVI-VR",208,1,82.143,84.495,2.352,"ES-W44B","BIRD_MENACE",0.8337,16,"EMERGENCY_REPAIR",53,1,1,1,217,30,0,0,1,0.533,0.778,0.6834
ML-GEN-00572,"TRD","ECR","DNR","PNBE-RJPB",870,0,546.956,548.677,1.721,"ES-18B","DROPPER_DEFECTIVE",0.7386,10,"PREVENTIVE_MAINT",169,1,1,1,137,103,0,0,0,0.879,0.587,0.6414
ML-GEN-02184,"TRD","ECR","DNR","BXR-DNR",655,0,610.881,611.703,0.821,"ES-09A","CW_WEAR",0.7681,12,"EMERGENCY_REPAIR",30,1,1,1,110,141,1,0.84,0,0.512,0.453,0.6518
ML-GEN-01446,"TRD","WR","BCT","BCT-BVI",543,1,12.041,14.492,2.451,"ES-W42A","DROPPER_DEFECTIVE",0.7644,13,"DEFECT_ATTENDANCE",112,1,1,1,218,30,0,0,0,0.53,0.769,0.6398
ML-GEN-01626,"TRD","NR","DLI","GZB-MB",515,1,56.335,57.354,1.018,"ES-D04B","DROPPER_DEFECTIVE",0.5626,18,"AOH_SCHEDULE",215,1,1,1,146,62,1,0.9,1,0.694,0.715,0.655
ML-GEN-01247,"TRD","CR","BSL","BSL-NGP",465,1,547.435,547.99,0.555,"ES-C53B","CANTILEVER_MISALIGN",0.8051,19,"POH_SCHEDULE",115,1,1,1,78,146,1,0.89,0,0.647,0.398,0.6789
ML-GEN-02202,"TRD","ECR","DNR","BXR-DNR",655,1,612.64,615.717,3.078,"ES-09C","DROPPER_DEFECTIVE",0.4707,19,"PREVENTIVE_MAINT",76,1,1,0,113,107,1,0.97,1,0.842,0.49,0.6465
ML-GEN-00316,"TRD","WR","BCT","BVI-VR",208,0,67.477,72.05,4.572,"ES-W43A","DROPPER_DEFECTIVE",0.4438,20,"EMERGENCY_REPAIR",59,1,1,0,236,30,0,0,0,0.709,0.805,0.6442
ML-GEN-01629,"TRD","NR","DLI","NDLS-GZB",823,1,7.767,11.819,4.052,"ES-D02B","INSULATOR_FLASHOVER",0.8678,6,"EMERGENCY_REPAIR",78,1,1,1,188,30,1,0.81,0,0.617,0.582,0.6354
ML-GEN-02132,"TRD","ECR","DNR","MKA-BKP",417,1,490.717,492.528,1.811,"ES-32A","JUMPER_HOTSPOT",0.9374,17,"PREVENTIVE_MAINT",177,1,1,1,81,113,0,0,0,0.884,0.656,0.6819
ML-GEN-02200,"TRD","NR","DLI","NDLS-PWL",389,0,8.976,12.772,3.796,"ES-D06B","CW_WEAR",0.7135,7,"PREVENTIVE_MAINT",101,1,1,1,126,92,1,0.56,1,0.373,0.66,0.6179
ML-GEN-00741,"TRD","NR","DLI","NDLS-PWL",389,1,15.165,17.549,2.385,"ES-D07A","DROPPER_DEFECTIVE",0.5164,15,"DEFECT_ATTENDANCE",49,1,1,0,124,119,1,0.53,0,0.63,0.558,0.6419
ML-GEN-00840,"TRD","NR","DLI","GZB-MB",515,1,60.764,64.354,3.59,"ES-D05B","CW_WEAR",0.6401,18,"EMERGENCY_REPAIR",42,1,1,1,121,103,0,0,0,0.432,0.455,0.6293
ML-GEN-00379,"TRD","CR","BSL","BSL-NGP",465,1,659.369,663.298,3.929,"ES-C54A","CW_WEAR",0.7372,12,"AOH_SCHEDULE",138,1,1,1,57,179,1,0.54,0,0.738,0.149,0.6431
ML-GEN-01278,"TRD","CR","BSL","KYN-BSL",386,1,312.914,314.768,1.854,"ES-C51B","NEUTRAL_PTFE",0.5615,10,"POH_SCHEDULE",151,1,1,1,83,139,1,0.79,0,0.518,0.88,0.6271
ML-GEN-01267,"TRD","CR","BSL","KYN-BSL",386,0,159.01,161.81,2.8,"ES-C51B","JUMPER_HOTSPOT",0.7659,14,"POH_SCHEDULE",143,1,1,1,76,159,1,0.58,0,0.757,0.249,0.645
ML-GEN-00985,"TRD","ECR","DNR","BXR-DNR",655,1,613.917,615.291,1.374,"ES-09B","ANTICREEP_DEFECT",0.3779,10,"DEFECT_ATTENDANCE",120,1,1,1,74,146,1,0.77,0,0.864,0.484,0.616
ML-GEN-01803,"TRD","WR","BCT","BVI-VR",208,0,94.82,96.392,1.572,"ES-W43B","CW_WEAR",0.7034,12,"EMERGENCY_REPAIR",30,1,1,1,234,30,1,0.6,0,0.687,0.689,0.6383
ML-GEN-01096,"TRD","ECR","DNR","DNR-PNBE",454,0,540.762,543.052,2.29,"ES-24A","BIRD_MENACE",0.7674,10,"PREVENTIVE_MAINT",185,1,1,1,111,129,0,0,0,0.686,0.743,0.6647
ML-GEN-01185,"TRD","NR","DLI","NDLS-PWL",389,1,4.685,7.184,2.499,"ES-D07A","NEUTRAL_PTFE",0.6317,11,"FOOT_PATROL",111,1,1,1,92,139,1,0.5,0,0.791,0.588,0.6486
ML-GEN-01281,"TRD","ECR","DNR","PNBE-RJPB",870,0,546.596,547.256,0.66,"ES-19A","CW_WEAR",0.7992,41,"EMERGENCY_REPAIR",57,1,1,1,138,64,0,0,0,0.353,0.795,0.6996
ML-GEN-00511,"TRD","NR","DLI","NDLS-PWL",389,0,30.184,34.733,4.549,"ES-D06A","DROPPER_DEFECTIVE",0.5196,13,"DEFECT_ATTENDANCE",125,1,1,1,113,92,1,0.7,0,0.705,0.788,0.626
ML-GEN-01105,"TRD","NR","DLI","GZB-MB",515,1,39.368,40.68,1.312,"ES-D04A","INSULATOR_FLASHOVER",0.7563,11,"FOOT_PATROL",52,1,1,1,124,85,1,0.64,0,0.685,0.663,0.6413
ML-GEN-00540,"TRD","NR","DLI","NDLS-PWL",389,1,4.407,7.822,3.415,"ES-D07B","NEUTRAL_PTFE",0.5806,8,"POH_SCHEDULE",139,1,1,1,112,137,0,0,1,0.633,0.607,0.6117
ML-GEN-00386,"TRD","ECR","DNR","DNR-PNBE",454,0,541.823,542.687,0.864,"ES-25B","INSULATOR_FLASHOVER",0.774,15,"DEFECT_ATTENDANCE",52,1,1,1,129,85,1,0.62,1,0.152,0.775,0.6252
ML-GEN-00353,"TRD","NR","DLI","GZB-MB",515,1,46.756,47.572,0.816,"ES-D05A","JUMPER_HOTSPOT",0.7809,86,"FOOT_PATROL",97,1,1,1,127,96,1,0.52,0,0.249,0.769,0.8034
ML-GEN-02241,"TRD","WR","BCT","BCT-BVI",543,0,12.117,15.041,2.924,"ES-W42A","CANTILEVER_MISALIGN",0.7628,17,"POH_SCHEDULE",213,1,1,1,285,30,1,0.66,0,0.762,0.444,0.6504
ML-GEN-01574,"TRD","ECR","DNR","MKA-BKP",417,0,489.883,490.709,0.826,"ES-32A","DROPPER_DEFECTIVE",0.6141,12,"EMERGENCY_REPAIR",70,1,1,0,84,166,0,0,0,0.483,0.851,0.6383
ML-GEN-00650,"TRD","CR","BSL","KYN-BSL",386,1,308.56,311.651,3.091,"ES-C51B","JUMPER_HOTSPOT",0.7443,11,"EMERGENCY_REPAIR",88,1,1,1,88,148,1,0.68,0,0.811,0.626,0.6271
ML-GEN-01719,"TRD","ECR","DNR","BXR-DNR",655,1,610.346,612.639,2.293,"ES-09B","INSULATOR_FLASHOVER",0.6746,18,"POH_SCHEDULE",138,1,1,1,86,157,0,0,0,0.878,0.852,0.6428
ML-GEN-00946,"TRD","NR","DLI","NDLS-PWL",389,0,24.249,29.248,4.999,"ES-D06A","CW_WEAR",0.4389,10,"PREVENTIVE_MAINT",51,1,0,0,103,104,1,0.57,1,0.702,0.733,0.6382
ML-GEN-01765,"TRD","NR","DLI","GZB-MB",515,0,32.202,36.028,3.826,"ES-D05A","CW_WEAR",0.8272,10,"AOH_SCHEDULE",186,1,1,1,153,76,1,0.78,0,0.306,0.549,0.6236
ML-GEN-02259,"TRD","WR","BCT","BCT-BVI",543,0,14.469,18.314,3.844,"ES-W42A","DROPPER_DEFECTIVE",0.6351,9,"DEFECT_ATTENDANCE",149,1,1,1,230,30,1,0.5,0,0.121,0.453,0.5989
ML-GEN-00479,"TRD","WR","BCT","BCT-BVI",543,0,18.972,23.072,4.101,"ES-W40B","INSULATOR_FLASHOVER",0.6829,12,"POH_SCHEDULE",108,1,1,1,252,30,1,0.79,0,0.703,0.5,0.6304
ML-GEN-00558,"TRD","WR","BCT","BVI-VR",208,0,102.81,106.503,3.693,"ES-W43B","ANTICREEP_DEFECT",0.622,68,"DEFECT_ATTENDANCE",70,1,1,1,215,30,1,0.73,0,0.295,0.403,0.7479
ML-GEN-00620,"TRD","NR","DLI","GZB-MB",515,1,41.48,44.429,2.95,"ES-D04B","CANTILEVER_MISALIGN",0.7307,13,"EMERGENCY_REPAIR",42,1,1,1,113,64,0,0,0,0.254,0.683,0.6551
ML-GEN-01672,"TRD","NR","DLI","NDLS-GZB",823,0,4.651,6.47,1.819,"ES-D03A","DROPPER_DEFECTIVE",0.7171,7,"POH_SCHEDULE",130,1,1,1,188,30,1,0.86,1,0.778,0.402,0.6231
ML-GEN-01652,"TRD","NR","DLI","NDLS-GZB",823,1,17.119,20.139,3.02,"ES-D03A","INSULATOR_FLASHOVER",0.801,9,"AOH_SCHEDULE",173,1,1,1,183,30,1,0.85,0,0.355,0.6,0.6705
ML-GEN-02156,"TRD","ECR","DNR","MKA-BKP",417,1,489.172,490.261,1.088,"ES-32A","DROPPER_DEFECTIVE",0.6992,63,"EMERGENCY_REPAIR",63,1,1,0,82,172,0,0,0,0.301,0.727,0.764
ML-GEN-00378,"TRD","WR","BCT","BCT-BVI",543,1,1.4,2.97,1.57,"ES-W41B","CW_WEAR",0.6208,11,"PREVENTIVE_MAINT",155,1,1,1,252,30,0,0,1,0.537,0.447,0.6169
ML-GEN-01882,"TRD","WR","BCT","BVI-VR",208,0,57.251,60.07,2.819,"ES-W44B","DROPPER_DEFECTIVE",0.5362,14,"POH_SCHEDULE",107,1,1,1,192,30,1,0.88,0,0.144,0.889,0.6301
ML-GEN-01634,"TRD","CR","BSL","KYN-BSL",386,1,180.748,183.934,3.186,"ES-C51B","BIRD_MENACE",0.7515,14,"POH_SCHEDULE",168,1,1,1,81,168,0,0,0,0.81,0.826,0.6618
ML-GEN-00465,"TRD","WR","BCT","BCT-BVI",543,1,0.128,0.926,0.799,"ES-W40A","CW_WEAR",0.4935,16,"AOH_SCHEDULE",212,1,1,1,270,30,0,0,1,0.737,0.858,0.6254
ML-GEN-01670,"TRD","ECR","DNR","MKA-BKP",417,1,489.634,491.721,2.087,"ES-31A","CW_WEAR",0.4617,14,"FOOT_PATROL",108,1,1,1,82,153,0,0,0,0.858,0.575,0.6294
ML-GEN-01329,"TRD","CR","BSL","BSL-NGP",465,0,647.681,650.133,2.452,"ES-C54B","DROPPER_DEFECTIVE",0.6102,11,"FOOT_PATROL",84,1,1,0,68,153,0,0,0,0.307,0.287,0.6229
ML-GEN-01207,"TRD","CR","BSL","BSL-NGP",465,1,776.434,780.89,4.457,"ES-C54B","CW_WEAR",0.8963,13,"AOH_SCHEDULE",191,1,1,1,69,169,0,0,0,0.503,0.193,0.6476
ML-GEN-01110,"TRD","ECR","DNR","MKA-BKP",417,1,489.374,491.04,1.665,"ES-31B","DROPPER_DEFECTIVE",0.6087,16,"EMERGENCY_REPAIR",61,1,1,1,64,175,1,0.98,0,0.776,0.23,0.6362
ML-GEN-00614,"TRD","NR","DLI","GZB-MB",515,1,42.626,47.552,4.926,"ES-D05B","INSULATOR_FLASHOVER",0.8745,10,"FOOT_PATROL",68,1,1,1,137,62,1,0.96,0,0.147,0.883,0.6401
ML-GEN-01229,"TRD","CR","BSL","KYN-BSL",386,0,398.571,402.56,3.989,"ES-C51B","CW_WEAR",0.7031,9,"PREVENTIVE_MAINT",153,1,1,1,75,122,0,0,0,0.297,0.105,0.6017
ML-GEN-00717,"TRD","ECR","DNR","BXR-DNR",655,1,610.027,610.922,0.895,"ES-09B","STEADYARM_CORRODED",0.4343,13,"DEFECT_ATTENDANCE",124,1,1,1,87,127,0,0,0,0.869,0.557,0.6293
ML-GEN-01995,"TRD","NR","DLI","NDLS-PWL",389,0,32.302,32.986,0.684,"ES-D06A","DROPPER_DEFECTIVE",0.4357,8,"FOOT_PATROL",94,1,1,1,112,122,0,0,0,0.614,0.492,0.6117
ML-GEN-00526,"TRD","NR","DLI","GZB-MB",515,1,50.568,52.245,1.678,"ES-D04A","CANTILEVER_MISALIGN",0.6869,12,"AOH_SCHEDULE",154,1,1,1,108,127,1,0.59,0,0.782,0.863,0.6482
ML-GEN-02032,"TRD","CR","BSL","BSL-NGP",465,0,518.919,520.008,1.089,"ES-C53B","JUMPER_HOTSPOT",0.8216,11,"POH_SCHEDULE",114,1,1,1,73,170,0,0,0,0.402,0.388,0.6288
ML-GEN-00575,"TRD","WR","BCT","BCT-BVI",543,1,44.008,48.601,4.593,"ES-W40B","JUMPER_HOTSPOT",0.8582,10,"POH_SCHEDULE",188,1,1,1,184,30,0,0,0,0.805,0.504,0.6501
ML-GEN-01407,"TRD","CR","BSL","BSL-NGP",465,1,723.877,728.872,4.994,"ES-C53A","CW_WEAR",0.3935,10,"FOOT_PATROL",64,1,1,0,78,164,1,0.6,0,0.804,0.227,0.608
ML-GEN-01797,"TRD","NR","DLI","NDLS-PWL",389,0,15.453,18.385,2.932,"ES-D06A","CW_WEAR",0.8529,9,"DEFECT_ATTENDANCE",124,1,1,1,120,99,0,0,0,0.148,0.689,0.65
ML-GEN-00756,"TRD","CR","BSL","KYN-BSL",386,1,334.529,338.193,3.664,"ES-C51A","DROPPER_DEFECTIVE",0.5888,11,"DEFECT_ATTENDANCE",129,1,1,1,86,115,0,0,0,0.418,0.494,0.6252
ML-GEN-02462,"TRD","ECR","DNR","MKA-BKP",417,0,490.713,492.925,2.212,"ES-31A","DROPPER_DEFECTIVE",0.6526,17,"FOOT_PATROL",89,1,1,1,96,138,0,0,0,0.58,0.518,0.6259
ML-GEN-00496,"TRD","WR","BCT","BCT-BVI",543,1,34.363,38.815,4.452,"ES-W40B","INSULATOR_FLASHOVER",0.5954,13,"PREVENTIVE_MAINT",121,1,1,1,237,30,0,0,0,0.315,0.466,0.6075
ML-GEN-02193,"TRD","NR","DLI","NDLS-PWL",389,0,10.823,13.601,2.778,"ES-D06B","ANTICREEP_DEFECT",0.3669,9,"FOOT_PATROL",81,1,1,0,111,107,1,0.53,0,0.537,0.566,0.6027
ML-GEN-01798,"TRD","WR","BCT","BCT-BVI",543,1,11.724,13.181,1.456,"ES-W41B","CW_WEAR",0.5131,12,"DEFECT_ATTENDANCE",95,1,1,1,305,30,0,0,1,0.502,0.816,0.6256
ML-GEN-00855,"TRD","ECR","DNR","MKA-BKP",417,0,491.133,491.983,0.85,"ES-31B","ANTICREEP_DEFECT",0.5281,17,"AOH_SCHEDULE",155,1,1,1,78,136,1,0.78,0,0.189,0.417,0.6108
ML-GEN-00737,"TRD","WR","BCT","BCT-BVI",543,0,10.685,13.071,2.386,"ES-W40B","DROPPER_DEFECTIVE",0.8426,12,"DEFECT_ATTENDANCE",124,1,1,1,252,30,0,0,0,0.795,0.663,0.6699
ML-GEN-02231,"TRD","NR","DLI","NDLS-GZB",823,0,26.43,27.351,0.921,"ES-D02A","CW_WEAR",0.7131,16,"POH_SCHEDULE",189,1,1,1,195,30,1,0.6,0,0.605,0.821,0.6572
ML-GEN-01735,"TRD","CR","BSL","BSL-NGP",465,1,776.67,778.332,1.662,"ES-C54A","DROPPER_DEFECTIVE",0.4473,5,"FOOT_PATROL",98,1,1,1,78,94,1,0.8,0,0.837,0.168,0.6034
ML-GEN-00740,"TRD","CR","BSL","BSL-NGP",465,1,549.037,554.028,4.991,"ES-C53A","NEUTRAL_PTFE",0.7524,12,"AOH_SCHEDULE",179,1,1,1,50,203,1,0.67,0,0.471,0.248,0.639
ML-GEN-00391,"TRD","NR","DLI","GZB-MB",515,1,32.018,32.655,0.637,"ES-D04B","DROPPER_DEFECTIVE",0.4361,10,"PREVENTIVE_MAINT",54,1,0,0,125,112,1,0.88,0,0.4,0.592,0.5941
ML-GEN-00738,"TRD","WR","BCT","BCT-BVI",543,0,5.967,9.22,3.253,"ES-W40A","BIRD_MENACE",0.8324,12,"FOOT_PATROL",50,1,1,1,283,30,1,0.89,0,0.477,0.545,0.6408
ML-GEN-00656,"TRD","NR","DLI","GZB-MB",515,0,61.016,63.389,2.373,"ES-D04A","BIRD_MENACE",0.9565,5,"AOH_SCHEDULE",222,1,1,1,142,80,1,0.83,1,0.45,0.562,0.6049
ML-GEN-00369,"TRD","WR","BCT","BCT-BVI",543,1,30.507,31.338,0.831,"ES-W41A","JUMPER_HOTSPOT",0.8504,9,"FOOT_PATROL",73,1,1,0,254,30,1,0.97,1,0.459,0.445,0.6529
ML-GEN-00340,"TRD","CR","BSL","BSL-NGP",465,1,653.504,654.482,0.977,"ES-C53A","DROPPER_DEFECTIVE",0.5491,10,"FOOT_PATROL",67,1,1,0,59,228,1,0.63,0,0.9,0.392,0.6241
ML-GEN-00157,"TRD","NR","DLI","NDLS-GZB",823,0,15.241,17.766,2.525,"ES-D01B","DROPPER_DEFECTIVE",0.4274,8,"FOOT_PATROL",64,1,1,0,192,30,1,0.97,0,0.343,0.679,0.6075
ML-GEN-02148,"TRD","NR","DLI","NDLS-PWL",389,1,48.437,52.926,4.489,"ES-D06B","INSULATOR_FLASHOVER",0.7227,11,"FOOT_PATROL",89,1,1,1,107,113,1,0.68,1,0.377,0.439,0.6071
ML-GEN-00763,"TRD","NR","DLI","NDLS-PWL",389,1,6.854,11.4,4.545,"ES-D06A","BIRD_MENACE",0.9067,16,"FOOT_PATROL",63,1,1,1,123,115,1,0.95,1,0.791,0.673,0.7051
ML-GEN-00112,"TRD","ECR","DNR","BXR-DNR",655,0,613.447,614.474,1.027,"ES-09A","NEUTRAL_PTFE",0.6236,13,"PREVENTIVE_MAINT",147,1,1,1,85,163,1,0.9,0,0.511,0.451,0.6205
ML-GEN-01112,"TRD","ECR","DNR","MKA-BKP",417,0,490.506,492.775,2.269,"ES-31A","CW_WEAR",0.8248,11,"AOH_SCHEDULE",179,1,1,1,87,127,1,0.97,0,0.147,0.854,0.6484
ML-GEN-00126,"TRD","NR","DLI","NDLS-PWL",389,1,30.691,31.766,1.075,"ES-D07A","CW_WEAR",0.8264,9,"POH_SCHEDULE",208,1,1,1,103,82,1,0.85,0,0.119,0.627,0.6338
ML-GEN-02176,"TRD","CR","BSL","KYN-BSL",386,0,416.62,419.51,2.89,"ES-C51A","NEUTRAL_PTFE",0.5698,13,"AOH_SCHEDULE",145,1,1,1,84,127,0,0,0,0.445,0.564,0.6221
ML-GEN-01179,"TRD","CR","BSL","BSL-NGP",465,0,705.503,708.278,2.774,"ES-C54B","CW_WEAR",0.6933,16,"PREVENTIVE_MAINT",130,1,1,1,76,160,0,0,0,0.24,0.27,0.6181
ML-GEN-01693,"TRD","CR","BSL","BSL-NGP",465,1,597.804,598.639,0.835,"ES-C53B","INSULATOR_FLASHOVER",0.6187,9,"AOH_SCHEDULE",208,1,1,1,75,159,1,0.86,0,0.75,0.201,0.6065
ML-GEN-02245,"TRD","ECR","DNR","BXR-DNR",655,0,611.168,612.502,1.334,"ES-09C","CANTILEVER_MISALIGN",0.6483,13,"EMERGENCY_REPAIR",71,1,1,1,85,123,1,0.79,0,0.197,0.666,0.6383
ML-GEN-00093,"TRD","CR","BSL","KYN-BSL",386,0,118.994,121.778,2.784,"ES-C51A","CANTILEVER_MISALIGN",0.7654,11,"POH_SCHEDULE",136,1,1,1,104,120,1,0.72,0,0.22,0.851,0.6248
ML-GEN-02040,"TRD","NR","DLI","NDLS-PWL",389,1,37.665,42.04,4.375,"ES-D06A","INSULATOR_FLASHOVER",0.8115,15,"PREVENTIVE_MAINT",66,1,1,1,101,107,1,0.52,0,0.496,0.816,0.6514
ML-GEN-01572,"TRD","CR","BSL","BSL-NGP",465,1,793.349,797.199,3.85,"ES-C54B","NEUTRAL_PTFE",0.643,23,"DEFECT_ATTENDANCE",144,1,1,1,73,129,0,0,0,0.417,0.465,0.6513
ML-GEN-00143,"TRD","ECR","DNR","MKA-BKP",417,0,489.915,490.732,0.817,"ES-31A","JUMPER_HOTSPOT",0.8872,79,"AOH_SCHEDULE",126,1,1,1,94,115,1,0.55,0,0.609,0.784,0.803
ML-GEN-02065,"TRD","WR","BCT","BCT-BVI",543,0,2.85,5.369,2.519,"ES-W41B","DROPPER_DEFECTIVE",0.4806,10,"AOH_SCHEDULE",192,1,1,1,251,30,0,0,0,0.425,0.899,0.6049
ML-GEN-00945,"TRD","WR","BCT","BCT-BVI",543,1,4.394,6.204,1.81,"ES-W40A","CANTILEVER_MISALIGN",0.8451,8,"POH_SCHEDULE",174,1,1,1,310,30,1,0.69,1,0.601,0.829,0.655
ML-GEN-00079,"TRD","CR","BSL","KYN-BSL",386,1,249.399,252.967,3.569,"ES-C51B","INSULATOR_FLASHOVER",1,19,"PREVENTIVE_MAINT",56,1,1,1,92,111,1,0.53,0,0.698,0.738,0.6991
ML-GEN-02188,"TRD","WR","BCT","BCT-BVI",543,1,20.391,21.514,1.123,"ES-W41B","DROPPER_DEFECTIVE",0.8035,10,"EMERGENCY_REPAIR",62,1,1,1,302,30,1,0.69,0,0.793,0.595,0.6279
ML-GEN-02215,"TRD","ECR","DNR","MKA-BKP",417,0,489.824,490.794,0.97,"ES-32A","ANTICREEP_DEFECT",0.5984,14,"EMERGENCY_REPAIR",85,1,1,1,97,137,0,0,0,0.509,0.651,0.6268
ML-GEN-02145,"TRD","CR","BSL","BSL-NGP",465,0,650.902,654.929,4.027,"ES-C53B","JUMPER_HOTSPOT",0.727,13,"PREVENTIVE_MAINT",85,1,1,1,72,142,1,0.68,0,0.627,0.465,0.6258
ML-GEN-01948,"TRD","CR","BSL","BSL-NGP",465,1,573.645,576.294,2.649,"ES-C54A","INSULATOR_FLASHOVER",0.9731,9,"PREVENTIVE_MAINT",118,1,1,1,75,126,1,0.88,0,0.268,0.228,0.6393
ML-GEN-02263,"TRD","CR","BSL","KYN-BSL",386,1,169.131,171.74,2.609,"ES-C51A","CW_WEAR",0.4674,53,"PREVENTIVE_MAINT",107,1,1,1,97,85,0,0,0,0.809,0.882,0.733
ML-GEN-02410,"TRD","ECR","DNR","DNR-PNBE",454,1,540.23,542.283,2.053,"ES-24A","JUMPER_HOTSPOT",0.8528,16,"DEFECT_ATTENDANCE",93,1,1,1,106,101,0,0,0,0.851,0.57,0.6795
ML-GEN-01751,"TRD","NR","DLI","NDLS-PWL",389,0,7.815,10.576,2.761,"ES-D06A","ANTICREEP_DEFECT",0.5428,12,"FOOT_PATROL",67,1,1,1,113,62,1,0.74,0,0.893,0.603,0.6527
ML-GEN-02149,"TRD","CR","BSL","BSL-NGP",465,1,795.948,798.051,2.103,"ES-C53A","CW_WEAR",0.4098,15,"DEFECT_ATTENDANCE",131,1,1,1,67,177,0,0,0,0.859,0.147,0.6174
ML-GEN-00679,"TRD","NR","DLI","NDLS-GZB",823,0,21.027,23.824,2.796,"ES-D03A","CANTILEVER_MISALIGN",0.6293,12,"DEFECT_ATTENDANCE",30,1,0,1,167,73,1,0.64,0,0.804,0.66,0.6274
ML-GEN-01287,"TRD","ECR","DNR","MKA-BKP",417,1,490.065,492.121,2.056,"ES-31A","INSULATOR_FLASHOVER",0.6866,12,"PREVENTIVE_MAINT",132,1,1,1,92,169,0,0,0,0.252,0.529,0.6287
ML-GEN-01865,"TRD","NR","DLI","NDLS-GZB",823,1,11.692,12.932,1.24,"ES-D02A","DROPPER_DEFECTIVE",0.5656,15,"EMERGENCY_REPAIR",99,1,1,1,169,30,0,0,1,0.759,0.467,0.6152
ML-GEN-01416,"TRD","CR","BSL","BSL-NGP",465,1,791.837,796.631,4.794,"ES-C53A","DROPPER_DEFECTIVE",0.7523,8,"POH_SCHEDULE",165,1,1,1,77,145,1,0.61,0,0.425,0.203,0.5866
ML-GEN-00325,"TRD","WR","BCT","BCT-BVI",543,0,37.974,39.518,1.544,"ES-W40B","CANTILEVER_MISALIGN",0.7413,20,"AOH_SCHEDULE",196,1,1,1,290,30,0,0,0,0.729,0.853,0.669
ML-GEN-00113,"TRD","WR","BCT","BVI-VR",208,0,64.972,69.368,4.397,"ES-W44B","NEUTRAL_PTFE",0.8432,13,"AOH_SCHEDULE",181,1,1,1,215,30,1,0.88,0,0.384,0.864,0.6554
ML-GEN-00635,"TRD","NR","DLI","NDLS-GZB",823,1,21.033,21.776,0.743,"ES-D01A","CW_WEAR",0.7908,11,"POH_SCHEDULE",98,1,1,1,159,39,1,0.69,0,0.608,0.522,0.6688
ML-GEN-00958,"TRD","WR","BCT","BCT-BVI",543,1,1.179,5.873,4.694,"ES-W40B","DROPPER_DEFECTIVE",0.586,14,"AOH_SCHEDULE",186,1,1,1,216,30,0,0,0,0.578,0.636,0.6315
ML-GEN-00542,"TRD","CR","BSL","KYN-BSL",386,1,319.427,320.881,1.454,"ES-C51B","STEADYARM_CORRODED",0.6957,11,"DEFECT_ATTENDANCE",112,1,1,1,91,141,1,0.74,0,0.308,0.449,0.6063
ML-GEN-00136,"TRD","NR","DLI","NDLS-GZB",823,0,14.153,15.377,1.224,"ES-D01B","NEUTRAL_PTFE",0.565,18,"EMERGENCY_REPAIR",50,1,0,0,201,30,1,0.61,0,0.82,0.404,0.6484
ML-GEN-02244,"TRD","ECR","DNR","MKA-BKP",417,0,489.57,491.252,1.682,"ES-32A","JUMPER_HOTSPOT",0.8215,10,"AOH_SCHEDULE",158,1,1,1,80,178,1,0.78,0,0.354,0.342,0.6414
ML-GEN-00796,"TRD","WR","BCT","BCT-BVI",543,1,26.517,28.289,1.772,"ES-W40A","CANTILEVER_MISALIGN",0.6027,9,"EMERGENCY_REPAIR",34,1,0,1,264,30,1,0.63,1,0.678,0.608,0.6371
ML-GEN-00155,"TRD","ECR","DNR","BXR-DNR",655,1,613.765,614.982,1.217,"ES-09B","CW_WEAR",0.5114,12,"PREVENTIVE_MAINT",156,1,1,1,89,90,1,0.81,0,0.486,0.795,0.634
ML-GEN-01270,"TRD","NR","DLI","NDLS-PWL",389,1,30.347,32.733,2.386,"ES-D07B","BIRD_MENACE",0.7582,9,"PREVENTIVE_MAINT",55,1,1,0,119,97,1,0.81,1,0.31,0.571,0.6196
ML-GEN-01126,"TRD","NR","DLI","NDLS-PWL",389,1,23.763,28.182,4.418,"ES-D07A","CANTILEVER_MISALIGN",0.5518,58,"DEFECT_ATTENDANCE",158,1,1,1,114,127,1,0.89,1,0.14,0.877,0.7449
ML-GEN-00445,"TRD","ECR","DNR","PNBE-RJPB",870,1,546.355,547.71,1.355,"ES-19A","JUMPER_HOTSPOT",0.8433,14,"POH_SCHEDULE",147,1,1,1,117,84,0,0,0,0.412,0.581,0.638
ML-GEN-00539,"TRD","CR","BSL","BSL-NGP",465,0,794.375,798.966,4.591,"ES-C54A","CANTILEVER_MISALIGN",0.8454,12,"FOOT_PATROL",107,1,1,1,73,174,1,0.79,0,0.17,0.21,0.612
ML-GEN-02253,"TRD","WR","BCT","BVI-VR",208,1,66.664,68.591,1.927,"ES-W43B","INSULATOR_FLASHOVER",0.8379,16,"FOOT_PATROL",98,1,1,1,202,30,0,0,0,0.317,0.531,0.6667
ML-GEN-00719,"TRD","NR","DLI","NDLS-PWL",389,1,10.539,14.159,3.62,"ES-D06A","JUMPER_HOTSPOT",0.7875,11,"DEFECT_ATTENDANCE",74,1,1,1,93,136,0,0,0,0.285,0.881,0.631
ML-GEN-01990,"TRD","CR","BSL","KYN-BSL",386,1,271.996,275.055,3.059,"ES-C51A","INSULATOR_FLASHOVER",0.7642,12,"FOOT_PATROL",71,1,1,1,93,84,1,0.76,0,0.107,0.57,0.6333
ML-GEN-00390,"TRD","ECR","DNR","PNBE-RJPB",870,1,546.577,547.605,1.028,"ES-18A","NEUTRAL_PTFE",0.573,13,"EMERGENCY_REPAIR",61,1,1,0,160,36,0,0,0,0.844,0.887,0.6508
ML-GEN-02182,"TRD","ECR","DNR","BXR-DNR",655,0,612.856,615.108,2.251,"ES-09C","JUMPER_HOTSPOT",0.8006,12,"EMERGENCY_REPAIR",76,1,1,0,112,75,1,0.78,1,0.699,0.514,0.6714
ML-GEN-01666,"TRD","ECR","DNR","PNBE-RJPB",870,0,545.866,547.754,1.888,"ES-18B","JUMPER_HOTSPOT",0.8818,15,"FOOT_PATROL",106,1,1,1,134,80,0,0,1,0.493,0.874,0.6744
ML-GEN-00940,"TRD","NR","DLI","NDLS-GZB",823,0,18.857,23.234,4.376,"ES-D01A","INSULATOR_FLASHOVER",0.9232,15,"DEFECT_ATTENDANCE",87,1,1,0,187,30,0,0,1,0.406,0.585,0.6583
ML-GEN-02432,"TRD","WR","BCT","BCT-BVI",543,0,34.753,36.465,1.712,"ES-W41B","CANTILEVER_MISALIGN",0.7319,13,"AOH_SCHEDULE",205,1,1,1,265,30,1,0.93,0,0.239,0.738,0.6443
ML-GEN-02347,"TRD","CR","BSL","BSL-NGP",465,1,676.705,677.666,0.961,"ES-C53B","BIRD_MENACE",0.9213,13,"FOOT_PATROL",66,1,1,0,71,141,1,0.86,0,0.594,0.311,0.6677
ML-GEN-00152,"TRD","NR","DLI","GZB-MB",515,1,46.228,49.897,3.669,"ES-D05B","CW_WEAR",0.6184,9,"EMERGENCY_REPAIR",30,1,0,0,132,78,1,0.54,0,0.646,0.487,0.6246
ML-GEN-00821,"TRD","WR","BCT","BVI-VR",208,0,105.94,109.127,3.187,"ES-W43A","CANTILEVER_MISALIGN",0.691,20,"EMERGENCY_REPAIR",52,1,0,1,185,30,1,0.98,1,0.35,0.546,0.6411
ML-GEN-00808,"TRD","CR","BSL","BSL-NGP",465,0,763.471,766.868,3.398,"ES-C54B","CW_WEAR",0.5178,13,"FOOT_PATROL",59,1,0,0,69,172,1,0.85,0,0.134,0.49,0.6379
ML-GEN-00137,"TRD","WR","BCT","BVI-VR",208,0,56.064,58.105,2.041,"ES-W43A","DROPPER_DEFECTIVE",0.6728,8,"AOH_SCHEDULE",127,1,1,1,202,30,1,0.66,0,0.547,0.8,0.6482
ML-GEN-01879,"TRD","NR","DLI","NDLS-PWL",389,1,30.472,35.43,4.958,"ES-D06A","CANTILEVER_MISALIGN",0.5395,12,"AOH_SCHEDULE",234,1,1,1,114,110,1,0.96,0,0.192,0.769,0.63
ML-GEN-00119,"TRD","CR","BSL","BSL-NGP",465,1,638.521,640.399,1.878,"ES-C54A","DROPPER_DEFECTIVE",0.6641,32,"EMERGENCY_REPAIR",61,1,1,0,81,154,0,0,0,0.648,0.84,0.7034
ML-GEN-00606,"TRD","NR","DLI","GZB-MB",515,1,53.288,54.857,1.569,"ES-D04A","CANTILEVER_MISALIGN",0.9081,14,"DEFECT_ATTENDANCE",137,1,1,1,135,56,1,0.8,0,0.189,0.837,0.6343
ML-GEN-00417,"TRD","NR","DLI","NDLS-PWL",389,0,38.671,40.033,1.362,"ES-D07B","INSULATOR_FLASHOVER",0.7126,66,"EMERGENCY_REPAIR",50,1,1,0,121,83,1,1,0,0.534,0.745,0.7448
ML-GEN-00131,"TRD","CR","BSL","KYN-BSL",386,1,144.733,147.752,3.019,"ES-C50A","DROPPER_DEFECTIVE",0.516,11,"PREVENTIVE_MAINT",149,1,1,1,96,122,0,0,0,0.232,0.806,0.6137
ML-GEN-02381,"TRD","ECR","DNR","BXR-DNR",655,1,610.227,613.711,3.484,"ES-09C","BIRD_MENACE",0.8774,9,"EMERGENCY_REPAIR",68,1,1,1,120,100,1,0.65,1,0.621,0.49,0.6323
ML-GEN-01614,"TRD","ECR","DNR","BXR-DNR",655,0,611.513,614.763,3.249,"ES-09A","CW_WEAR",0.4547,14,"AOH_SCHEDULE",124,1,1,1,115,104,0,0,1,0.796,0.836,0.6309
ML-GEN-01254,"TRD","NR","DLI","NDLS-GZB",823,1,7.465,9.93,2.465,"ES-D01B","DROPPER_DEFECTIVE",0.5726,10,"AOH_SCHEDULE",152,1,1,1,191,33,1,0.58,0,0.721,0.683,0.6457
ML-GEN-00122,"TRD","WR","BCT","BCT-BVI",543,0,4.995,9.847,4.851,"ES-W41B","STEADYARM_CORRODED",0.52,17,"AOH_SCHEDULE",147,1,1,1,285,30,1,0.63,0,0.427,0.524,0.6304
ML-GEN-00992,"TRD","CR","BSL","KYN-BSL",386,1,427.518,432.065,4.547,"ES-C50A","ANTICREEP_DEFECT",0.5409,8,"PREVENTIVE_MAINT",158,1,1,1,93,112,1,0.87,0,0.422,0.557,0.6197
ML-GEN-00438,"TRD","ECR","DNR","MKA-BKP",417,1,489.32,491.005,1.685,"ES-31A","DROPPER_DEFECTIVE",0.693,9,"POH_SCHEDULE",109,1,1,1,86,139,1,0.79,0,0.203,0.65,0.5929
ML-GEN-01471,"TRD","NR","DLI","NDLS-GZB",823,0,15.232,19.182,3.951,"ES-D02A","INSULATOR_FLASHOVER",0.9036,12,"FOOT_PATROL",89,1,1,0,198,35,1,0.57,0,0.663,0.696,0.6464
ML-GEN-00124,"TRD","CR","BSL","KYN-BSL",386,1,167.931,171.461,3.53,"ES-C51B","CW_WEAR",0.3741,7,"DEFECT_ATTENDANCE",78,1,1,0,87,140,1,0.83,0,0.531,0.555,0.6044
ML-GEN-01232,"TRD","CR","BSL","BSL-NGP",465,1,628.567,632.498,3.931,"ES-C54A","INSULATOR_FLASHOVER",0.7613,12,"EMERGENCY_REPAIR",47,1,1,0,83,122,0,0,0,0.403,0.4,0.6275
ML-GEN-01208,"TRD","NR","DLI","NDLS-GZB",823,0,10.325,11.263,0.938,"ES-D02B","CW_WEAR",0.4594,13,"FOOT_PATROL",76,1,1,0,187,30,1,0.99,1,0.765,0.416,0.6208
ML-GEN-00102,"TRD","CR","BSL","BSL-NGP",465,1,702.268,703.516,1.248,"ES-C54A","INSULATOR_FLASHOVER",0.833,9,"EMERGENCY_REPAIR",44,1,1,1,72,132,1,0.63,0,0.664,0.317,0.63
ML-GEN-01817,"TRD","CR","BSL","KYN-BSL",386,0,333.697,337.349,3.652,"ES-C51A","BIRD_MENACE",0.8186,13,"AOH_SCHEDULE",135,1,1,1,83,126,0,0,0,0.728,0.867,0.6679
ML-GEN-01954,"TRD","ECR","DNR","BXR-DNR",655,0,610.588,613.95,3.362,"ES-09C","DROPPER_DEFECTIVE",0.431,8,"POH_SCHEDULE",189,1,1,1,97,109,1,0.73,0,0.593,0.637,0.5794
ML-GEN-02420,"TRD","CR","BSL","KYN-BSL",386,1,321.743,324.632,2.889,"ES-C52A","INSULATOR_FLASHOVER",0.8123,11,"PREVENTIVE_MAINT",171,1,1,1,87,161,0,0,0,0.183,0.441,0.6188
ML-GEN-02230,"TRD","CR","BSL","KYN-BSL",386,1,372.358,375.95,3.592,"ES-C51A","STEADYARM_CORRODED",0.4886,8,"FOOT_PATROL",113,1,1,1,101,129,1,0.82,1,0.811,0.796,0.6297
ML-GEN-00605,"TRD","WR","BCT","BVI-VR",208,0,61.236,66.149,4.913,"ES-W44B","INSULATOR_FLASHOVER",0.6756,14,"PREVENTIVE_MAINT",155,1,1,1,196,30,0,0,0,0.241,0.474,0.6149
ML-GEN-02161,"TRD","NR","DLI","NDLS-PWL",389,0,7.354,8.667,1.313,"ES-D06B","DROPPER_DEFECTIVE",0.5473,9,"FOOT_PATROL",116,1,1,1,122,96,1,0.76,0,0.492,0.613,0.6136
ML-GEN-01077,"TRD","NR","DLI","NDLS-GZB",823,1,12.512,14.675,2.163,"ES-D03A","INSULATOR_FLASHOVER",0.9782,11,"PREVENTIVE_MAINT",103,1,1,1,147,44,1,0.78,0,0.533,0.63,0.6541
ML-GEN-00127,"TRD","WR","BCT","BVI-VR",208,0,88.427,90.047,1.62,"ES-W44A","INSULATOR_FLASHOVER",0.7348,33,"FOOT_PATROL",132,1,1,1,194,30,0,0,1,0.801,0.9,0.6976
ML-GEN-00814,"TRD","WR","BCT","BVI-VR",208,0,57.795,60.979,3.184,"ES-W44B","JUMPER_HOTSPOT",0.7617,12,"AOH_SCHEDULE",255,1,1,1,204,30,1,0.62,0,0.8,0.449,0.6592
ML-GEN-01828,"TRD","CR","BSL","BSL-NGP",465,1,595.01,599.601,4.591,"ES-C54A","DROPPER_DEFECTIVE",0.4006,17,"DEFECT_ATTENDANCE",67,1,1,1,74,138,1,0.51,0,0.249,0.348,0.6006
ML-GEN-00830,"TRD","WR","BCT","BVI-VR",208,1,93.532,96.752,3.22,"ES-W44B","BIRD_MENACE",0.7493,8,"AOH_SCHEDULE",172,1,1,1,184,30,1,0.96,0,0.305,0.514,0.6221
ML-GEN-01384,"TRD","NR","DLI","NDLS-GZB",823,1,10.507,12.627,2.119,"ES-D01B","INSULATOR_FLASHOVER",0.6032,11,"FOOT_PATROL",84,1,1,0,176,30,0,0,0,0.484,0.689,0.609
ML-GEN-02258,"TRD","WR","BCT","BVI-VR",208,0,75.263,77.334,2.071,"ES-W44A","CW_WEAR",0.8954,10,"POH_SCHEDULE",199,1,1,1,183,30,1,0.62,0,0.888,0.522,0.6459
ML-GEN-00065,"TRD","WR","BCT","BCT-BVI",543,0,7.115,8.913,1.798,"ES-W40B","JUMPER_HOTSPOT",0.8957,12,"FOOT_PATROL",114,1,1,1,253,30,0,0,1,0.348,0.45,0.6514
ML-GEN-01992,"TRD","WR","BCT","BVI-VR",208,1,56.815,61.329,4.514,"ES-W44B","NEUTRAL_PTFE",0.8395,19,"FOOT_PATROL",88,1,1,1,186,30,1,0.62,1,0.4,0.675,0.6575
ML-GEN-00836,"TRD","CR","BSL","BSL-NGP",465,0,661.856,663.015,1.159,"ES-C54A","BIRD_MENACE",0.8588,12,"EMERGENCY_REPAIR",77,1,1,0,58,160,1,0.5,0,0.127,0.302,0.6168
ML-GEN-01468,"TRD","WR","BCT","BCT-BVI",543,1,15.252,17.576,2.324,"ES-W41A","INSULATOR_FLASHOVER",0.6548,15,"FOOT_PATROL",69,1,1,1,284,30,1,0.86,0,0.435,0.414,0.6443
ML-GEN-01586,"TRD","WR","BCT","BCT-BVI",543,0,36.759,37.775,1.016,"ES-W40B","NEUTRAL_PTFE",0.8231,16,"DEFECT_ATTENDANCE",71,1,1,1,268,30,1,0.87,0,0.649,0.673,0.661
ML-GEN-01053,"TRD","WR","BCT","BCT-BVI",543,1,47.289,48.493,1.204,"ES-W41A","NEUTRAL_PTFE",0.6885,13,"EMERGENCY_REPAIR",61,1,1,0,236,30,0,0,1,0.701,0.57,0.6457
ML-GEN-01235,"TRD","CR","BSL","KYN-BSL",386,0,233.141,237.125,3.984,"ES-C51B","NEUTRAL_PTFE",0.5468,14,"FOOT_PATROL",52,1,1,0,103,132,1,0.7,0,0.808,0.666,0.628
ML-GEN-00099,"TRD","ECR","DNR","MKA-BKP",417,0,490.211,492.21,1.999,"ES-32A","INSULATOR_FLASHOVER",0.8315,12,"PREVENTIVE_MAINT",149,1,1,1,91,106,0,0,0,0.753,0.825,0.6691
ML-GEN-00954,"TRD","NR","DLI","NDLS-PWL",389,1,50.746,52.926,2.18,"ES-D06B","DROPPER_DEFECTIVE",0.6018,9,"POH_SCHEDULE",97,1,1,1,117,79,0,0,0,0.565,0.498,0.6134
ML-GEN-00782,"TRD","ECR","DNR","DNR-PNBE",454,0,542.1,543.811,1.711,"ES-25A","INSULATOR_FLASHOVER",0.7005,15,"EMERGENCY_REPAIR",30,1,1,0,123,91,0,0,0,0.375,0.471,0.621
ML-GEN-00744,"TRD","CR","BSL","BSL-NGP",465,1,695.495,700.341,4.846,"ES-C54A","ANTICREEP_DEFECT",0.5354,13,"DEFECT_ATTENDANCE",62,1,1,1,76,132,1,0.86,0,0.205,0.353,0.5899
ML-GEN-00993,"TRD","NR","DLI","GZB-MB",515,1,55.024,59.373,4.348,"ES-D05A","BIRD_MENACE",0.833,13,"FOOT_PATROL",61,1,1,0,135,90,1,0.72,0,0.414,0.575,0.6609
ML-GEN-00857,"TRD","WR","BCT","BCT-BVI",543,1,34.131,34.916,0.785,"ES-W40A","DROPPER_DEFECTIVE",0.5121,11,"PREVENTIVE_MAINT",164,1,1,1,251,30,1,0.52,0,0.328,0.766,0.6257
ML-GEN-00441,"TRD","CR","BSL","BSL-NGP",465,0,568.217,571.538,3.321,"ES-C53B","DROPPER_DEFECTIVE",0.5798,11,"DEFECT_ATTENDANCE",123,1,1,1,70,143,1,0.5,0,0.149,0.145,0.5794
ML-GEN-01851,"TRD","WR","BCT","BCT-BVI",543,0,16.401,21.342,4.941,"ES-W41A","INSULATOR_FLASHOVER",0.9192,12,"FOOT_PATROL",71,1,1,0,296,30,1,0.99,0,0.727,0.622,0.6542
ML-GEN-02463,"TRD","WR","BCT","BCT-BVI",543,0,27.365,27.865,0.501,"ES-W41A","CW_WEAR",0.7017,11,"POH_SCHEDULE",141,1,1,1,244,30,1,0.92,0,0.756,0.677,0.651
ML-GEN-01457,"TRD","NR","DLI","NDLS-PWL",389,0,13.63,15.067,1.437,"ES-D07B","CANTILEVER_MISALIGN",0.6633,11,"PREVENTIVE_MAINT",153,1,1,1,112,118,0,0,0,0.208,0.513,0.6068
ML-GEN-00054,"TRD","WR","BCT","BVI-VR",208,1,100.257,101.435,1.178,"ES-W43B","CANTILEVER_MISALIGN",0.885,14,"DEFECT_ATTENDANCE",136,1,1,1,204,30,1,0.57,1,0.38,0.484,0.6671
ML-GEN-01000,"TRD","ECR","DNR","DNR-PNBE",454,0,540.279,541.525,1.246,"ES-25A","INSULATOR_FLASHOVER",0.8049,6,"DEFECT_ATTENDANCE",84,1,1,1,116,110,1,0.86,1,0.643,0.408,0.6291
ML-GEN-00129,"TRD","NR","DLI","GZB-MB",515,1,49.786,53.489,3.703,"ES-D05B","ANTICREEP_DEFECT",0.5368,8,"PREVENTIVE_MAINT",168,1,1,1,122,85,0,0,0,0.411,0.564,0.5979
ML-GEN-00826,"TRD","NR","DLI","GZB-MB",515,0,32.125,35.82,3.695,"ES-D05B","CW_WEAR",0.5922,16,"DEFECT_ATTENDANCE",98,1,1,1,106,111,1,0.93,1,0.174,0.731,0.6336
ML-GEN-00128,"TRD","ECR","DNR","PNBE-RJPB",870,0,546.058,548.329,2.271,"ES-18B","INSULATOR_FLASHOVER",0.7474,9,"DEFECT_ATTENDANCE",52,1,1,1,128,81,1,0.82,1,0.144,0.821,0.6124
ML-GEN-01928,"TRD","NR","DLI","NDLS-GZB",823,1,26.171,29.284,3.113,"ES-D02B","INSULATOR_FLASHOVER",0.9863,17,"PREVENTIVE_MAINT",165,1,1,1,164,86,0,0,0,0.103,0.639,0.6463
ML-GEN-02362,"TRD","CR","BSL","BSL-NGP",465,1,651.782,655.085,3.303,"ES-C54A","CW_WEAR",0.6456,15,"FOOT_PATROL",94,1,1,1,77,160,1,0.99,0,0.692,0.14,0.6128
ML-GEN-00506,"TRD","NR","DLI","GZB-MB",515,0,40.981,45.669,4.688,"ES-D04A","NEUTRAL_PTFE",0.9266,17,"PREVENTIVE_MAINT",167,1,1,1,131,110,0,0,1,0.289,0.847,0.6639
ML-GEN-01859,"TRD","WR","BCT","BVI-VR",208,0,62.359,65.796,3.437,"ES-W43A","JUMPER_HOTSPOT",0.9334,13,"FOOT_PATROL",106,1,1,1,222,30,0,0,0,0.442,0.9,0.6684
ML-GEN-00352,"TRD","WR","BCT","BCT-BVI",543,1,24.555,25.881,1.326,"ES-W41A","STEADYARM_CORRODED",0.4263,14,"FOOT_PATROL",102,1,1,1,261,30,1,0.97,0,0.121,0.836,0.6054
ML-GEN-00457,"TRD","NR","DLI","GZB-MB",515,1,32.444,37.027,4.584,"ES-D05B","NEUTRAL_PTFE",0.72,14,"PREVENTIVE_MAINT",117,1,1,1,109,97,1,1,1,0.349,0.55,0.65
ML-GEN-02415,"TRD","NR","DLI","NDLS-PWL",389,1,3.811,7.938,4.126,"ES-D07A","CW_WEAR",0.5593,8,"DEFECT_ATTENDANCE",92,1,1,1,120,107,1,0.69,0,0.362,0.844,0.6089
ML-GEN-02229,"TRD","CR","BSL","BSL-NGP",465,1,531.492,535.848,4.355,"ES-C53B","CANTILEVER_MISALIGN",0.5701,11,"POH_SCHEDULE",118,1,1,1,68,110,1,0.72,0,0.602,0.389,0.6272
ML-GEN-01098,"TRD","NR","DLI","NDLS-PWL",389,1,3.619,6.108,2.489,"ES-D07B","DROPPER_DEFECTIVE",0.4822,15,"POH_SCHEDULE",125,1,1,1,101,137,1,0.98,1,0.636,0.402,0.6205
ML-GEN-00973,"TRD","NR","DLI","NDLS-GZB",823,0,11.866,14.338,2.471,"ES-D01A","BIRD_MENACE",0.7054,12,"POH_SCHEDULE",166,1,1,1,183,30,1,0.89,1,0.366,0.582,0.6409
ML-GEN-00032,"TRD","CR","BSL","BSL-NGP",465,1,506.736,507.244,0.507,"ES-C54B","CW_WEAR",0.3244,11,"FOOT_PATROL",127,1,1,1,66,176,1,0.82,0,0.866,0.123,0.5973
ML-GEN-01441,"TRD","WR","BCT","BCT-BVI",543,1,23.135,24.017,0.882,"ES-W42A","INSULATOR_FLASHOVER",0.828,9,"PREVENTIVE_MAINT",148,1,1,1,271,30,1,0.81,1,0.44,0.734,0.6501
ML-GEN-00104,"TRD","ECR","DNR","PNBE-RJPB",870,1,546.026,547.706,1.68,"ES-19A","NEUTRAL_PTFE",0.7962,19,"POH_SCHEDULE",121,1,1,1,124,100,1,0.84,0,0.605,0.671,0.6562
ML-GEN-01456,"TRD","NR","DLI","GZB-MB",515,0,34.931,37.79,2.86,"ES-D04A","DROPPER_DEFECTIVE",0.4534,13,"DEFECT_ATTENDANCE",71,1,1,0,130,65,0,0,0,0.308,0.723,0.5937
ML-GEN-02207,"TRD","CR","BSL","KYN-BSL",386,1,275.077,277.498,2.421,"ES-C52A","JUMPER_HOTSPOT",0.837,17,"EMERGENCY_REPAIR",69,1,1,1,79,156,0,0,0,0.546,0.241,0.653
ML-GEN-00044,"TRD","ECR","DNR","DNR-PNBE",454,0,541.595,543.142,1.547,"ES-24B","DROPPER_DEFECTIVE",0.6448,12,"AOH_SCHEDULE",190,1,1,1,114,78,0,0,1,0.318,0.439,0.6206
ML-GEN-02219,"TRD","NR","DLI","NDLS-PWL",389,0,48.787,50.226,1.439,"ES-D07A","JUMPER_HOTSPOT",0.8861,17,"AOH_SCHEDULE",147,1,1,1,100,117,0,0,0,0.74,0.555,0.6702
ML-GEN-00027,"TRD","WR","BCT","BCT-BVI",543,1,5.668,9.984,4.317,"ES-W42A","DROPPER_DEFECTIVE",0.8113,18,"EMERGENCY_REPAIR",70,1,1,0,269,30,1,0.77,1,0.158,0.55,0.6442
ML-GEN-00472,"TRD","CR","BSL","BSL-NGP",465,0,710.009,712.881,2.872,"ES-C53B","CW_WEAR",0.5099,11,"PREVENTIVE_MAINT",85,1,1,1,76,165,1,0.97,0,0.124,0.434,0.5966
ML-GEN-01640,"TRD","CR","BSL","KYN-BSL",386,0,124.891,126.696,1.805,"ES-C51A","CW_WEAR",0.4485,6,"AOH_SCHEDULE",133,1,1,1,84,131,1,0.84,0,0.166,0.778,0.5864
ML-GEN-00816,"TRD","WR","BCT","BVI-VR",208,0,84.379,87.615,3.236,"ES-W43A","INSULATOR_FLASHOVER",0.8587,11,"POH_SCHEDULE",125,1,1,1,223,30,1,0.84,0,0.117,0.73,0.6463
ML-GEN-00050,"TRD","WR","BCT","BVI-VR",208,1,101.678,103.798,2.12,"ES-W44B","DROPPER_DEFECTIVE",0.5912,6,"POH_SCHEDULE",194,1,1,1,193,30,0,0,0,0.551,0.729,0.6198
ML-GEN-02458,"TRD","ECR","DNR","PNBE-RJPB",870,1,545.743,547.273,1.531,"ES-19A","BIRD_MENACE",0.839,8,"EMERGENCY_REPAIR",51,1,1,1,155,39,1,0.77,0,0.129,0.871,0.6343
ML-GEN-01330,"TRD","WR","BCT","BVI-VR",208,0,107.075,108.037,0.962,"ES-W43B","DROPPER_DEFECTIVE",0.6859,17,"EMERGENCY_REPAIR",92,1,1,1,208,30,0,0,0,0.35,0.571,0.6468
ML-GEN-00692,"TRD","CR","BSL","BSL-NGP",465,0,647.82,652.113,4.293,"ES-C53B","NEUTRAL_PTFE",0.656,10,"AOH_SCHEDULE",193,1,1,1,74,148,1,0.77,0,0.506,0.337,0.6097
ML-GEN-01950,"TRD","WR","BCT","BCT-BVI",543,1,45.521,46.839,1.318,"ES-W41B","CW_WEAR",0.5716,5,"PREVENTIVE_MAINT",122,1,1,1,260,30,1,0.92,0,0.159,0.412,0.6135
ML-GEN-00783,"TRD","ECR","DNR","MKA-BKP",417,1,491.338,492.459,1.121,"ES-32A","DROPPER_DEFECTIVE",0.8124,8,"PREVENTIVE_MAINT",75,1,1,1,80,145,0,0,0,0.135,0.311,0.6181
ML-GEN-01217,"TRD","NR","DLI","NDLS-GZB",823,1,2.802,5.024,2.222,"ES-D02A","DROPPER_DEFECTIVE",0.649,15,"POH_SCHEDULE",93,1,1,1,190,30,1,0.79,0,0.746,0.887,0.6471
ML-GEN-02062,"TRD","CR","BSL","BSL-NGP",465,1,612.674,617.401,4.727,"ES-C54B","CW_WEAR",0.7855,12,"AOH_SCHEDULE",188,1,1,1,67,163,1,0.62,0,0.684,0.354,0.6494
ML-GEN-00698,"TRD","WR","BCT","BVI-VR",208,0,64.063,68.697,4.634,"ES-W44A","CW_WEAR",0.5176,9,"EMERGENCY_REPAIR",49,1,1,1,193,30,0,0,1,0.894,0.646,0.6432
ML-GEN-01977,"TRD","CR","BSL","BSL-NGP",465,1,450.522,455.119,4.597,"ES-C54A","STEADYARM_CORRODED",0.6181,20,"EMERGENCY_REPAIR",42,1,1,0,89,128,1,0.92,0,0.282,0.654,0.6351
ML-GEN-01946,"TRD","WR","BCT","BVI-VR",208,0,102.81,106.043,3.233,"ES-W43B","INSULATOR_FLASHOVER",0.7379,11,"AOH_SCHEDULE",169,1,1,1,192,30,1,1,0,0.315,0.539,0.6329
ML-GEN-00604,"TRD","NR","DLI","NDLS-PWL",389,0,13.526,18.504,4.978,"ES-D06A","CW_WEAR",0.4327,9,"AOH_SCHEDULE",139,1,1,1,108,98,0,0,0,0.393,0.839,0.6068
ML-GEN-02049,"TRD","NR","DLI","NDLS-GZB",823,1,4.095,8.186,4.091,"ES-D01B","DROPPER_DEFECTIVE",0.6495,8,"DEFECT_ATTENDANCE",101,1,1,1,174,33,1,0.71,0,0.501,0.505,0.6367
ML-GEN-02421,"TRD","ECR","DNR","BXR-DNR",655,1,610.131,612.399,2.268,"ES-09B","CW_WEAR",0.5438,10,"DEFECT_ATTENDANCE",122,1,1,1,84,149,1,0.61,0,0.731,0.894,0.6266
ML-GEN-00696,"TRD","CR","BSL","BSL-NGP",465,1,638.157,641.234,3.077,"ES-C53A","NEUTRAL_PTFE",0.5574,34,"FOOT_PATROL",54,1,0,1,76,139,1,0.64,0,0.581,0.254,0.6828
ML-GEN-00392,"TRD","CR","BSL","BSL-NGP",465,0,511.485,514.429,2.944,"ES-C54B","ANTICREEP_DEFECT",0.526,6,"FOOT_PATROL",92,1,1,1,62,201,1,0.82,0,0.233,0.257,0.5766
ML-GEN-01942,"TRD","WR","BCT","BVI-VR",208,1,79.116,81.124,2.008,"ES-W43A","CW_WEAR",0.7336,14,"FOOT_PATROL",66,1,1,1,206,30,0,0,1,0.222,0.824,0.6208
ML-GEN-02043,"TRD","ECR","DNR","PNBE-RJPB",870,1,546.271,548.028,1.757,"ES-18A","INSULATOR_FLASHOVER",0.6713,9,"DEFECT_ATTENDANCE",81,1,1,1,139,80,1,0.87,0,0.278,0.728,0.6296
ML-GEN-01470,"TRD","ECR","DNR","PNBE-RJPB",870,0,545.042,546.728,1.685,"ES-18A","ANTICREEP_DEFECT",0.6424,10,"FOOT_PATROL",46,1,1,1,135,63,1,0.7,0,0.433,0.436,0.6308
ML-GEN-02222,"TRD","NR","DLI","NDLS-GZB",823,0,1.277,4.276,2.999,"ES-D02A","CW_WEAR",0.4258,9,"AOH_SCHEDULE",109,1,1,1,193,30,1,0.72,0,0.402,0.567,0.5994
ML-GEN-02069,"TRD","WR","BCT","BVI-VR",208,0,84.894,86.106,1.212,"ES-W44B","BIRD_MENACE",0.9647,18,"POH_SCHEDULE",94,1,1,1,189,30,1,0.56,0,0.365,0.659,0.6866
ML-GEN-01580,"TRD","WR","BCT","BVI-VR",208,1,97.748,101.764,4.015,"ES-W43A","BIRD_MENACE",0.9593,8,"FOOT_PATROL",40,1,1,1,209,30,1,0.92,0,0.664,0.733,0.6507
ML-GEN-01401,"TRD","WR","BCT","BCT-BVI",543,0,47.788,49.422,1.634,"ES-W42A","DROPPER_DEFECTIVE",0.4718,11,"DEFECT_ATTENDANCE",123,1,1,1,230,30,0,0,0,0.158,0.748,0.6054
ML-GEN-02357,"TRD","NR","DLI","NDLS-PWL",389,0,45.718,47.337,1.619,"ES-D07B","CW_WEAR",0.962,6,"EMERGENCY_REPAIR",30,1,1,0,106,116,1,0.72,0,0.576,0.617,0.6496
ML-GEN-02250,"TRD","CR","BSL","BSL-NGP",465,0,568.042,568.883,0.841,"ES-C54A","CW_WEAR",0.4679,10,"PREVENTIVE_MAINT",107,1,1,1,76,109,0,0,0,0.495,0.487,0.6138
ML-GEN-00400,"TRD","CR","BSL","BSL-NGP",465,1,736.45,737.172,0.722,"ES-C53A","ANTICREEP_DEFECT",0.5836,17,"DEFECT_ATTENDANCE",63,1,1,0,67,155,1,0.72,0,0.518,0.202,0.6264
ML-GEN-00098,"TRD","NR","DLI","NDLS-GZB",823,1,17.442,21.567,4.125,"ES-D02B","CW_WEAR",0.5399,14,"EMERGENCY_REPAIR",87,1,1,0,139,86,1,0.95,1,0.125,0.604,0.6173
ML-GEN-01402,"TRD","CR","BSL","BSL-NGP",465,1,634.995,636.117,1.122,"ES-C53A","CW_WEAR",0.4541,9,"PREVENTIVE_MAINT",109,1,1,1,73,137,1,0.69,0,0.181,0.169,0.5919
ML-GEN-00876,"TRD","WR","BCT","BCT-BVI",543,0,13.395,15.523,2.128,"ES-W41A","NEUTRAL_PTFE",0.5845,14,"EMERGENCY_REPAIR",91,1,1,1,229,30,1,0.76,1,0.333,0.738,0.637
ML-GEN-00118,"TRD","WR","BCT","BVI-VR",208,0,105.412,108.478,3.066,"ES-W44A","DROPPER_DEFECTIVE",0.4043,12,"FOOT_PATROL",96,1,1,1,202,30,0,0,1,0.786,0.82,0.6233
ML-GEN-01623,"TRD","WR","BCT","BVI-VR",208,1,92.845,96.587,3.742,"ES-W43B","DROPPER_DEFECTIVE",0.4713,12,"PREVENTIVE_MAINT",135,1,1,1,206,30,1,0.64,1,0.408,0.85,0.64
ML-GEN-00272,"TRD","ECR","DNR","DNR-PNBE",454,1,541.504,542.13,0.626,"ES-25A","INSULATOR_FLASHOVER",0.859,15,"DEFECT_ATTENDANCE",133,1,1,1,94,147,0,0,0,0.286,0.445,0.6271
ML-GEN-01088,"TRD","WR","BCT","BCT-BVI",543,0,38.388,40.927,2.539,"ES-W40A","CANTILEVER_MISALIGN",0.9462,20,"PREVENTIVE_MAINT",104,1,1,1,309,30,1,0.65,1,0.351,0.483,0.6699
ML-GEN-02138,"TRD","WR","BCT","BCT-BVI",543,0,17.677,21.04,3.363,"ES-W40A","CANTILEVER_MISALIGN",0.6792,10,"PREVENTIVE_MAINT",134,1,1,1,291,30,0,0,0,0.792,0.627,0.6248
ML-GEN-00266,"TRD","WR","BCT","BCT-BVI",543,0,10.438,14.347,3.909,"ES-W42A","BIRD_MENACE",0.9891,9,"POH_SCHEDULE",124,1,1,1,219,30,1,0.55,0,0.156,0.568,0.6564
ML-GEN-00089,"TRD","ECR","DNR","DNR-PNBE",454,1,540.584,542.951,2.367,"ES-25A","JUMPER_HOTSPOT",0.7533,13,"PREVENTIVE_MAINT",141,1,1,1,127,50,1,0.58,1,0.306,0.605,0.6355
ML-GEN-01600,"TRD","WR","BCT","BCT-BVI",543,1,7.554,11.466,3.912,"ES-W42A","DROPPER_DEFECTIVE",0.7693,13,"FOOT_PATROL",72,1,1,1,240,30,1,0.97,0,0.285,0.813,0.6319
ML-GEN-01346,"TRD","NR","DLI","NDLS-PWL",389,1,19.52,24.49,4.97,"ES-D06B","INSULATOR_FLASHOVER",0.7463,8,"EMERGENCY_REPAIR",52,1,1,1,113,122,1,0.67,1,0.657,0.797,0.6349
ML-GEN-00070,"TRD","WR","BCT","BVI-VR",208,0,65.275,68.358,3.082,"ES-W44A","INSULATOR_FLASHOVER",0.9145,10,"DEFECT_ATTENDANCE",122,1,1,1,182,30,0,0,0,0.406,0.591,0.6663
ML-GEN-00343,"TRD","NR","DLI","NDLS-GZB",823,0,12.401,13.904,1.503,"ES-D02A","DROPPER_DEFECTIVE",0.4179,11,"AOH_SCHEDULE",181,1,1,1,192,30,1,0.66,0,0.637,0.729,0.6382
ML-GEN-00658,"TRD","CR","BSL","BSL-NGP",465,1,520.963,523.911,2.948,"ES-C54B","INSULATOR_FLASHOVER",0.7845,10,"PREVENTIVE_MAINT",112,1,1,1,64,160,1,0.9,0,0.749,0.233,0.6283
ML-GEN-00375,"TRD","CR","BSL","BSL-NGP",465,0,660.25,665.176,4.926,"ES-C54B","INSULATOR_FLASHOVER",0.8845,81,"AOH_SCHEDULE",208,1,1,1,68,146,0,0,0,0.616,0.236,0.7734
ML-GEN-01955,"TRD","NR","DLI","NDLS-PWL",389,0,23.474,24.085,0.611,"ES-D07B","INSULATOR_FLASHOVER",0.7306,6,"PREVENTIVE_MAINT",141,1,1,1,103,104,1,0.85,0,0.501,0.453,0.6228
ML-GEN-02452,"TRD","ECR","DNR","BXR-DNR",655,1,610.553,613.95,3.396,"ES-09A","BIRD_MENACE",0.7211,15,"POH_SCHEDULE",159,1,1,1,90,141,1,0.56,0,0.785,0.718,0.6659
ML-GEN-02479,"TRD","CR","BSL","KYN-BSL",386,0,83.316,86.534,3.219,"ES-C51B","JUMPER_HOTSPOT",0.8728,6,"EMERGENCY_REPAIR",50,1,1,1,96,75,1,0.52,0,0.746,0.566,0.6667
ML-GEN-02317,"TRD","CR","BSL","BSL-NGP",465,1,618.584,619.298,0.713,"ES-C53B","INSULATOR_FLASHOVER",0.8398,16,"PREVENTIVE_MAINT",91,1,1,1,62,144,1,0.81,0,0.14,0.167,0.6376
ML-GEN-00583,"TRD","CR","BSL","KYN-BSL",386,1,373.135,375.893,2.758,"ES-C51B","INSULATOR_FLASHOVER",0.7982,13,"AOH_SCHEDULE",202,1,1,1,96,139,0,0,0,0.118,0.552,0.6467
ML-GEN-01964,"TRD","NR","DLI","NDLS-GZB",823,0,25.446,26.269,0.822,"ES-D01B","CW_WEAR",0.4607,6,"EMERGENCY_REPAIR",55,1,0,0,196,30,0,0,0,0.731,0.664,0.6026
ML-GEN-01752,"TRD","NR","DLI","GZB-MB",515,0,45.576,46.323,0.747,"ES-D05B","DROPPER_DEFECTIVE",0.461,20,"AOH_SCHEDULE",161,1,1,1,119,88,0,0,0,0.152,0.413,0.6137
ML-GEN-00505,"TRD","ECR","DNR","DNR-PNBE",454,1,541.458,542.675,1.217,"ES-24A","INSULATOR_FLASHOVER",0.7475,22,"FOOT_PATROL",62,1,1,0,139,86,1,0.93,0,0.821,0.851,0.7007
ML-GEN-01721,"TRD","CR","BSL","BSL-NGP",465,1,612.657,613.367,0.71,"ES-C53A","CANTILEVER_MISALIGN",0.8916,7,"DEFECT_ATTENDANCE",137,1,1,1,63,132,1,0.53,0,0.346,0.178,0.612
ML-GEN-01056,"TRD","ECR","DNR","MKA-BKP",417,1,490.327,491.592,1.265,"ES-32A","STEADYARM_CORRODED",0.7698,11,"AOH_SCHEDULE",179,1,1,1,89,150,1,0.88,0,0.799,0.597,0.638
ML-GEN-00336,"TRD","NR","DLI","GZB-MB",515,0,52.242,55.689,3.446,"ES-D05A","INSULATOR_FLASHOVER",0.5595,10,"DEFECT_ATTENDANCE",108,1,1,1,137,73,1,0.73,0,0.864,0.62,0.6103
ML-GEN-00690,"TRD","WR","BCT","BCT-BVI",543,1,40.524,44.359,3.835,"ES-W41A","CW_WEAR",0.6769,6,"DEFECT_ATTENDANCE",152,1,1,1,260,30,1,0.74,0,0.113,0.707,0.5888
ML-GEN-00090,"TRD","NR","DLI","GZB-MB",515,1,59.525,64.517,4.992,"ES-D04B","INSULATOR_FLASHOVER",0.674,90,"AOH_SCHEDULE",183,1,1,1,147,73,0,0,0,0.735,0.668,0.7936
ML-GEN-02377,"TRD","CR","BSL","BSL-NGP",465,1,461.99,466.376,4.386,"ES-C54A","CW_WEAR",0.4917,13,"FOOT_PATROL",126,1,1,1,72,155,1,0.99,0,0.193,0.49,0.6219
ML-GEN-00792,"TRD","WR","BCT","BVI-VR",208,0,95.163,99.522,4.359,"ES-W44A","DROPPER_DEFECTIVE",0.8089,18,"EMERGENCY_REPAIR",37,1,1,0,202,30,1,0.54,0,0.769,0.827,0.6807
ML-GEN-01659,"TRD","CR","BSL","KYN-BSL",386,0,167.531,170.921,3.39,"ES-C52A","JUMPER_HOTSPOT",0.9361,12,"FOOT_PATROL",102,1,1,1,101,133,0,0,0,0.501,0.613,0.633
ML-GEN-00243,"TRD","CR","BSL","KYN-BSL",386,0,191.07,194.183,3.113,"ES-C50B","ANTICREEP_DEFECT",0.4114,12,"DEFECT_ATTENDANCE",81,1,1,0,95,121,1,0.63,0,0.64,0.422,0.6056
ML-GEN-00621,"TRD","WR","BCT","BCT-BVI",543,0,35.649,38.727,3.078,"ES-W42A","CW_WEAR",0.7205,17,"DEFECT_ATTENDANCE",115,1,1,1,264,30,1,0.82,0,0.787,0.842,0.6729
ML-GEN-02108,"TRD","NR","DLI","NDLS-PWL",389,1,43.143,44.533,1.39,"ES-D06A","JUMPER_HOTSPOT",0.9085,12,"EMERGENCY_REPAIR",30,1,1,0,109,93,0,0,0,0.489,0.559,0.6649
ML-GEN-01956,"TRD","NR","DLI","NDLS-GZB",823,1,26.028,28.247,2.219,"ES-D03A","DROPPER_DEFECTIVE",0.8187,11,"DEFECT_ATTENDANCE",120,1,1,1,200,30,0,0,1,0.297,0.556,0.6281
ML-GEN-00058,"TRD","CR","BSL","KYN-BSL",386,1,141.94,146.324,4.383,"ES-C50B","CW_WEAR",0.8114,14,"DEFECT_ATTENDANCE",124,1,1,1,83,96,1,0.73,0,0.27,0.588,0.6379
ML-GEN-00760,"TRD","NR","DLI","NDLS-GZB",823,1,12.598,14.662,2.064,"ES-D02B","CANTILEVER_MISALIGN",0.4947,13,"EMERGENCY_REPAIR",52,1,1,0,209,30,1,0.51,1,0.397,0.416,0.6157
ML-GEN-00217,"TRD","CR","BSL","BSL-NGP",465,1,717.154,719.769,2.615,"ES-C53B","JUMPER_HOTSPOT",0.9202,14,"POH_SCHEDULE",96,1,1,1,79,142,0,0,0,0.814,0.143,0.6573
ML-GEN-00408,"TRD","WR","BCT","BCT-BVI",543,1,10.55,14.805,4.255,"ES-W41B","JUMPER_HOTSPOT",0.7947,13,"AOH_SCHEDULE",144,1,1,1,250,30,0,0,0,0.717,0.603,0.6384
ML-GEN-01831,"TRD","CR","BSL","BSL-NGP",465,0,489.541,493.429,3.887,"ES-C54A","STEADYARM_CORRODED",0.5031,14,"POH_SCHEDULE",110,1,1,1,68,168,1,0.51,0,0.266,0.499,0.6161
ML-GEN-00076,"TRD","NR","DLI","GZB-MB",515,0,31.125,35.971,4.846,"ES-D04A","CANTILEVER_MISALIGN",0.7772,65,"EMERGENCY_REPAIR",39,1,1,1,123,89,0,0,0,0.345,0.872,0.7522
ML-GEN-01025,"TRD","WR","BCT","BCT-BVI",543,0,50.569,51.735,1.166,"ES-W42A","BIRD_MENACE",0.8321,12,"POH_SCHEDULE",178,1,1,1,256,30,1,0.88,1,0.265,0.817,0.6506
ML-GEN-02059,"TRD","NR","DLI","NDLS-PWL",389,1,32.573,34.795,2.223,"ES-D06A","JUMPER_HOTSPOT",0.7751,14,"EMERGENCY_REPAIR",49,1,1,0,126,80,1,0.6,0,0.414,0.428,0.6419
ML-GEN-02500,"TRD","ECR","DNR","PNBE-RJPB",870,0,545.061,546.68,1.618,"ES-18B","DROPPER_DEFECTIVE",0.8196,9,"POH_SCHEDULE",102,1,1,1,139,77,1,0.58,0,0.412,0.821,0.6457
ML-GEN-01625,"TRD","NR","DLI","NDLS-GZB",823,0,10.156,13.484,3.328,"ES-D02B","INSULATOR_FLASHOVER",0.6661,15,"AOH_SCHEDULE",212,1,1,1,185,30,0,0,1,0.22,0.784,0.6417
ML-GEN-01680,"TRD","WR","BCT","BVI-VR",208,1,73.757,78.314,4.557,"ES-W44B","DROPPER_DEFECTIVE",0.6164,12,"PREVENTIVE_MAINT",128,1,1,1,207,30,1,0.55,1,0.6,0.48,0.6279
ML-GEN-00043,"TRD","WR","BCT","BCT-BVI",543,0,19.722,23.861,4.138,"ES-W42A","CW_WEAR",0.7291,17,"AOH_SCHEDULE",198,1,1,1,280,30,1,0.61,0,0.447,0.411,0.6394
ML-GEN-02238,"TRD","ECR","DNR","BXR-DNR",655,1,610.128,612.25,2.122,"ES-10A","JUMPER_HOTSPOT",0.7018,11,"PREVENTIVE_MAINT",114,1,1,1,100,107,1,0.66,0,0.473,0.689,0.6417
ML-GEN-01989,"TRD","ECR","DNR","DNR-PNBE",454,0,541.922,543.979,2.057,"ES-25B","DROPPER_DEFECTIVE",0.7026,88,"DEFECT_ATTENDANCE",145,1,1,1,110,111,1,0.78,1,0.885,0.435,0.7988
ML-GEN-00437,"TRD","CR","BSL","BSL-NGP",465,1,697.434,700.36,2.926,"ES-C53A","DROPPER_DEFECTIVE",0.5297,14,"PREVENTIVE_MAINT",72,1,1,0,73,139,1,0.63,0,0.527,0.221,0.6184
ML-GEN-00482,"TRD","NR","DLI","GZB-MB",515,1,48.366,51.473,3.107,"ES-D04A","JUMPER_HOTSPOT",0.7371,8,"POH_SCHEDULE",131,1,1,1,141,41,1,0.71,1,0.113,0.789,0.63
ML-GEN-00107,"TRD","WR","BCT","BCT-BVI",543,0,26.818,28.39,1.572,"ES-W41A","STEADYARM_CORRODED",0.6437,13,"DEFECT_ATTENDANCE",121,1,1,1,322,30,0,0,0,0.288,0.459,0.628
ML-GEN-02460,"TRD","NR","DLI","NDLS-GZB",823,1,6.337,11.011,4.674,"ES-D02B","DROPPER_DEFECTIVE",0.561,10,"POH_SCHEDULE",196,1,1,1,195,30,1,0.68,0,0.271,0.472,0.5904
ML-GEN-01799,"TRD","CR","BSL","KYN-BSL",386,0,204.64,208.268,3.628,"ES-C50B","CANTILEVER_MISALIGN",0.5848,8,"FOOT_PATROL",98,1,1,1,92,132,1,0.84,0,0.675,0.584,0.6361
ML-GEN-01108,"TRD","NR","DLI","GZB-MB",515,1,42.67,46.097,3.426,"ES-D04B","ANTICREEP_DEFECT",0.5351,12,"FOOT_PATROL",96,1,1,1,128,36,1,0.88,0,0.567,0.746,0.5967
ML-GEN-00771,"TRD","ECR","DNR","PNBE-RJPB",870,0,545.808,547.849,2.041,"ES-18B","CANTILEVER_MISALIGN",0.7845,15,"AOH_SCHEDULE",150,1,1,1,111,113,1,0.64,0,0.749,0.884,0.6636
ML-GEN-00404,"TRD","WR","BCT","BVI-VR",208,1,102.586,105.466,2.88,"ES-W43B","ANTICREEP_DEFECT",0.6023,8,"EMERGENCY_REPAIR",58,1,0,0,130,91,1,0.81,0,0.227,0.468,0.6212
ML-GEN-01566,"TRD","ECR","DNR","BXR-DNR",655,1,610.926,612.877,1.952,"ES-09C","INSULATOR_FLASHOVER",0.6335,8,"POH_SCHEDULE",186,1,1,1,103,152,1,0.54,1,0.178,0.66,0.5943
ML-GEN-01569,"TRD","WR","BCT","BVI-VR",208,1,86.868,90.028,3.161,"ES-W43B","CANTILEVER_MISALIGN",0.8749,15,"EMERGENCY_REPAIR",46,1,1,0,231,30,1,0.72,0,0.635,0.403,0.6383
ML-GEN-01089,"TRD","WR","BCT","BVI-VR",208,1,61.627,65.124,3.497,"ES-W44A","STEADYARM_CORRODED",0.5333,10,"AOH_SCHEDULE",153,1,1,1,223,30,0,0,0,0.648,0.522,0.6139
ML-GEN-01114,"TRD","NR","DLI","NDLS-GZB",823,1,19.873,24.087,4.214,"ES-D01B","CW_WEAR",0.4248,16,"PREVENTIVE_MAINT",146,1,1,1,218,30,1,0.65,0,0.346,0.807,0.6245
ML-GEN-01268,"TRD","ECR","DNR","MKA-BKP",417,1,491.057,492.719,1.662,"ES-31A","CW_WEAR",0.7483,18,"FOOT_PATROL",81,1,1,0,84,139,1,0.69,0,0.235,0.633,0.6659
ML-GEN-01823,"TRD","NR","DLI","NDLS-PWL",389,1,48.133,50.05,1.917,"ES-D07A","NEUTRAL_PTFE",0.7502,14,"POH_SCHEDULE",175,1,1,1,114,120,1,0.77,0,0.61,0.809,0.6526
ML-GEN-02124,"TRD","WR","BCT","BCT-BVI",543,1,8.643,12.272,3.629,"ES-W41B","INSULATOR_FLASHOVER",0.8974,9,"DEFECT_ATTENDANCE",43,1,1,0,298,30,0,0,0,0.67,0.631,0.6469
ML-GEN-00969,"TRD","NR","DLI","NDLS-GZB",823,1,18.078,21.826,3.748,"ES-D01A","NEUTRAL_PTFE",0.7881,10,"PREVENTIVE_MAINT",85,1,1,1,194,30,1,0.54,0,0.272,0.425,0.659
ML-GEN-01724,"TRD","WR","BCT","BVI-VR",208,1,66.44,69.37,2.93,"ES-W43A","DROPPER_DEFECTIVE",0.7703,17,"POH_SCHEDULE",180,1,1,1,191,30,1,0.82,0,0.641,0.558,0.6552
ML-GEN-01019,"TRD","CR","BSL","BSL-NGP",465,1,606.216,610.628,4.412,"ES-C53A","CW_WEAR",0.5661,17,"POH_SCHEDULE",206,1,1,1,68,164,1,0.95,0,0.146,0.375,0.6016
ML-GEN-01766,"TRD","NR","DLI","NDLS-PWL",389,1,45.708,49.215,3.506,"ES-D07B","INSULATOR_FLASHOVER",0.9656,7,"EMERGENCY_REPAIR",58,1,1,0,113,123,1,0.79,1,0.168,0.67,0.6558
ML-GEN-02078,"TRD","ECR","DNR","BXR-DNR",655,0,610.573,612.601,2.029,"ES-10A","ANTICREEP_DEFECT",0.4601,17,"EMERGENCY_REPAIR",30,1,1,0,90,98,1,0.86,0,0.291,0.602,0.6054
ML-GEN-00371,"TRD","ECR","DNR","PNBE-RJPB",870,1,546.414,547.973,1.56,"ES-18B","CANTILEVER_MISALIGN",0.7569,15,"PREVENTIVE_MAINT",143,1,1,1,153,83,1,0.95,1,0.121,0.588,0.6307
ML-GEN-02484,"TRD","WR","BCT","BCT-BVI",543,1,41.242,42.913,1.671,"ES-W41A","CANTILEVER_MISALIGN",0.6999,7,"POH_SCHEDULE",84,1,1,1,227,30,1,0.99,1,0.297,0.512,0.6043
ML-GEN-01816,"TRD","CR","BSL","KYN-BSL",386,0,337.288,339.112,1.824,"ES-C52A","INSULATOR_FLASHOVER",0.7059,10,"EMERGENCY_REPAIR",83,1,1,0,97,106,1,0.67,0,0.718,0.741,0.6677
ML-GEN-01894,"TRD","ECR","DNR","BXR-DNR",655,1,611.577,615.171,3.594,"ES-09C","DROPPER_DEFECTIVE",0.4604,14,"PREVENTIVE_MAINT",133,1,1,1,122,87,0,0,0,0.157,0.496,0.5987
ML-GEN-00161,"TRD","NR","DLI","GZB-MB",515,1,34.735,36.017,1.282,"ES-D05B","JUMPER_HOTSPOT",0.8012,11,"DEFECT_ATTENDANCE",140,1,1,1,124,90,1,0.52,0,0.768,0.58,0.6409
ML-GEN-01244,"TRD","ECR","DNR","BXR-DNR",655,1,610.688,613.552,2.864,"ES-09A","NEUTRAL_PTFE",0.5607,16,"EMERGENCY_REPAIR",37,1,0,0,107,65,1,0.53,1,0.716,0.876,0.6439
ML-GEN-02185,"TRD","ECR","DNR","BXR-DNR",655,0,612.81,613.902,1.092,"ES-10A","DROPPER_DEFECTIVE",0.4941,10,"PREVENTIVE_MAINT",123,1,1,1,94,132,0,0,0,0.382,0.568,0.5955
ML-GEN-01455,"TRD","CR","BSL","KYN-BSL",386,1,70.14,72.593,2.453,"ES-C50B","INSULATOR_FLASHOVER",0.7502,19,"POH_SCHEDULE",203,1,1,1,100,134,1,0.96,0,0.105,0.503,0.6331
ML-GEN-01174,"TRD","WR","BCT","BCT-BVI",543,1,2.417,7.187,4.77,"ES-W42A","CW_WEAR",0.4038,15,"EMERGENCY_REPAIR",86,1,1,0,256,30,1,0.55,1,0.142,0.524,0.6041
ML-GEN-02270,"TRD","ECR","DNR","PNBE-RJPB",870,1,546.136,547.969,1.833,"ES-18B","NEUTRAL_PTFE",0.704,12,"DEFECT_ATTENDANCE",117,1,1,1,155,53,0,0,0,0.176,0.648,0.6269
ML-GEN-01836,"TRD","WR","BCT","BCT-BVI",543,1,5.54,8.69,3.15,"ES-W41B","ANTICREEP_DEFECT",0.505,14,"FOOT_PATROL",57,1,0,0,266,30,0,0,0,0.883,0.632,0.6283
ML-GEN-02363,"TRD","NR","DLI","GZB-MB",515,1,50.616,54.09,3.474,"ES-D05B","CANTILEVER_MISALIGN",0.8432,16,"DEFECT_ATTENDANCE",130,1,1,1,100,155,1,0.65,0,0.785,0.704,0.6671
ML-GEN-00686,"TRD","NR","DLI","GZB-MB",515,0,31.434,32.625,1.191,"ES-D04A","INSULATOR_FLASHOVER",0.5926,12,"AOH_SCHEDULE",148,1,1,1,140,65,0,0,1,0.863,0.577,0.6534
ML-GEN-00356,"TRD","ECR","DNR","BXR-DNR",655,1,612.32,613.471,1.151,"ES-10A","CW_WEAR",0.6348,12,"EMERGENCY_REPAIR",64,1,1,1,107,121,1,0.98,0,0.339,0.843,0.6384
ML-GEN-00485,"TRD","CR","BSL","KYN-BSL",386,1,392.079,395.817,3.738,"ES-C50A","DROPPER_DEFECTIVE",0.6184,9,"AOH_SCHEDULE",147,1,1,1,102,76,0,0,0,0.836,0.513,0.6234
ML-GEN-01018,"TRD","ECR","DNR","BXR-DNR",655,0,613.585,614.366,0.781,"ES-09C","ANTICREEP_DEFECT",0.6326,10,"FOOT_PATROL",81,1,1,0,97,145,1,0.89,0,0.376,0.505,0.6227
ML-GEN-00370,"TRD","CR","BSL","BSL-NGP",465,1,514.632,515.988,1.356,"ES-C53B","BIRD_MENACE",0.685,10,"DEFECT_ATTENDANCE",71,1,1,0,70,130,0,0,0,0.526,0.301,0.6081
ML-GEN-00244,"TRD","CR","BSL","KYN-BSL",386,0,248.951,252.637,3.687,"ES-C52A","CW_WEAR",0.6519,13,"FOOT_PATROL",112,1,1,1,78,135,0,0,0,0.811,0.138,0.6111
ML-GEN-01205,"TRD","NR","DLI","NDLS-PWL",389,1,20.534,24.504,3.971,"ES-D06A","INSULATOR_FLASHOVER",0.719,17,"FOOT_PATROL",72,1,1,1,111,101,1,0.61,0,0.654,0.795,0.6554
ML-GEN-01824,"TRD","CR","BSL","BSL-NGP",465,1,598.553,601.114,2.561,"ES-C53B","CW_WEAR",0.7444,14,"AOH_SCHEDULE",127,1,1,1,62,146,1,0.98,0,0.495,0.332,0.6366
ML-GEN-00863,"TRD","CR","BSL","KYN-BSL",386,0,338.696,340.616,1.92,"ES-C51B","ANTICREEP_DEFECT",0.6077,14,"EMERGENCY_REPAIR",86,1,1,1,99,110,0,0,0,0.571,0.858,0.6325
ML-GEN-02326,"TRD","CR","BSL","BSL-NGP",465,0,638.65,643.377,4.727,"ES-C54A","INSULATOR_FLASHOVER",0.9125,9,"EMERGENCY_REPAIR",42,1,1,1,58,185,0,0,0,0.188,0.169,0.6013
ML-GEN-02239,"TRD","ECR","DNR","PNBE-RJPB",870,1,547.246,547.887,0.641,"ES-18A","DROPPER_DEFECTIVE",0.6845,8,"FOOT_PATROL",56,1,1,0,159,72,1,0.68,0,0.184,0.489,0.6075
ML-GEN-00938,"TRD","WR","BCT","BVI-VR",208,1,105.254,108.91,3.656,"ES-W43B","ANTICREEP_DEFECT",0.6937,11,"DEFECT_ATTENDANCE",134,1,1,1,207,30,0,0,0,0.569,0.581,0.644
ML-GEN-02404,"TRD","CR","BSL","BSL-NGP",465,0,628.344,630.325,1.981,"ES-C53A","DROPPER_DEFECTIVE",0.492,12,"DEFECT_ATTENDANCE",74,1,1,1,79,131,1,0.79,0,0.768,0.425,0.6121
ML-GEN-01957,"TRD","WR","BCT","BVI-VR",208,1,84.344,86.75,2.406,"ES-W44A","CW_WEAR",0.6149,6,"EMERGENCY_REPAIR",52,1,1,0,227,30,1,0.99,0,0.45,0.734,0.6012
ML-GEN-01821,"TRD","NR","DLI","NDLS-PWL",389,0,8.272,13.139,4.867,"ES-D07B","CW_WEAR",0.4602,14,"PREVENTIVE_MAINT",111,1,1,1,110,123,1,0.6,0,0.504,0.678,0.6161
ML-GEN-02482,"TRD","CR","BSL","BSL-NGP",465,1,768.029,768.57,0.541,"ES-C53B","CW_WEAR",0.7224,14,"PREVENTIVE_MAINT",122,1,1,1,75,128,1,0.87,0,0.366,0.243,0.6199
ML-GEN-00852,"TRD","ECR","DNR","MKA-BKP",417,0,489.117,490.522,1.405,"ES-31B","INSULATOR_FLASHOVER",0.6558,12,"EMERGENCY_REPAIR",42,1,0,1,97,126,1,0.83,0,0.365,0.75,0.6302
ML-GEN-01368,"TRD","WR","BCT","BVI-VR",208,1,72.826,74.416,1.59,"ES-W44A","CANTILEVER_MISALIGN",0.6326,14,"POH_SCHEDULE",139,1,1,1,166,55,0,0,0,0.545,0.884,0.6621
ML-GEN-01734,"TRD","CR","BSL","KYN-BSL",386,0,388.212,388.922,0.71,"ES-C50A","DROPPER_DEFECTIVE",0.6503,7,"AOH_SCHEDULE",176,1,1,1,93,176,1,0.94,0,0.413,0.61,0.6143
ML-GEN-00016,"TRD","ECR","DNR","DNR-PNBE",454,0,540.156,540.925,0.769,"ES-25B","CW_WEAR",0.7475,11,"AOH_SCHEDULE",154,1,1,1,118,86,1,0.83,0,0.219,0.447,0.6089
ML-GEN-02426,"TRD","WR","BCT","BCT-BVI",543,1,2.66,6.668,4.008,"ES-W41A","DROPPER_DEFECTIVE",0.6299,14,"PREVENTIVE_MAINT",109,1,1,1,263,30,0,0,1,0.34,0.487,0.6424
ML-GEN-01035,"TRD","CR","BSL","BSL-NGP",465,0,736.134,738.941,2.808,"ES-C54A","BIRD_MENACE",1,13,"EMERGENCY_REPAIR",61,1,1,1,74,147,0,0,0,0.589,0.404,0.6791
ML-GEN-01403,"TRD","WR","BCT","BCT-BVI",543,0,17.557,20.833,3.276,"ES-W41A","CANTILEVER_MISALIGN",0.7893,10,"EMERGENCY_REPAIR",91,1,1,1,276,30,1,0.6,0,0.787,0.535,0.651
ML-GEN-02373,"TRD","ECR","DNR","MKA-BKP",417,0,489.785,490.326,0.541,"ES-32A","INSULATOR_FLASHOVER",0.9283,11,"DEFECT_ATTENDANCE",84,1,1,0,70,126,0,0,0,0.653,0.458,0.6633
ML-GEN-00590,"TRD","ECR","DNR","PNBE-RJPB",870,1,547.142,548.676,1.535,"ES-19A","JUMPER_HOTSPOT",0.9083,11,"PREVENTIVE_MAINT",117,1,1,1,175,30,0,0,0,0.533,0.733,0.6714
ML-GEN-01209,"TRD","CR","BSL","BSL-NGP",465,1,721.148,723.485,2.337,"ES-C54A","BIRD_MENACE",0.7629,13,"EMERGENCY_REPAIR",47,1,1,0,75,143,1,0.63,0,0.125,0.232,0.6213
ML-GEN-00664,"TRD","NR","DLI","NDLS-GZB",823,0,13.697,18.054,4.357,"ES-D02A","JUMPER_HOTSPOT",0.8149,16,"POH_SCHEDULE",126,1,1,1,190,30,0,0,0,0.598,0.799,0.6638
ML-GEN-02125,"TRD","WR","BCT","BCT-BVI",543,0,17.99,21.453,3.463,"ES-W41A","ANTICREEP_DEFECT",0.541,8,"AOH_SCHEDULE",128,1,1,1,265,30,1,0.6,1,0.809,0.516,0.6599
ML-GEN-00361,"TRD","WR","BCT","BCT-BVI",543,1,2.465,6.568,4.104,"ES-W40A","CW_WEAR",0.8005,14,"EMERGENCY_REPAIR",81,1,1,0,279,30,1,0.8,0,0.286,0.719,0.6581
ML-GEN-02291,"TRD","ECR","DNR","BXR-DNR",655,1,612.353,614.537,2.185,"ES-09C","NEUTRAL_PTFE",0.7117,10,"POH_SCHEDULE",156,1,1,1,112,126,0,0,0,0.847,0.48,0.6539
ML-GEN-02115,"TRD","WR","BCT","BCT-BVI",543,0,17.602,19.27,1.668,"ES-W42A","CANTILEVER_MISALIGN",0.6373,17,"AOH_SCHEDULE",206,1,1,1,301,30,1,0.55,0,0.203,0.512,0.6296
ML-GEN-01065,"TRD","WR","BCT","BCT-BVI",543,0,7.955,12.618,4.663,"ES-W41A","NEUTRAL_PTFE",0.7285,13,"PREVENTIVE_MAINT",74,1,1,1,250,30,0,0,0,0.227,0.742,0.641
ML-GEN-01981,"TRD","WR","BCT","BCT-BVI",543,0,50.342,51.446,1.104,"ES-W41A","STEADYARM_CORRODED",0.5917,6,"EMERGENCY_REPAIR",89,1,1,0,238,30,0,0,0,0.647,0.819,0.6473
ML-GEN-00633,"TRD","CR","BSL","KYN-BSL",386,1,119.192,121.448,2.256,"ES-C50B","CW_WEAR",0.7001,9,"DEFECT_ATTENDANCE",115,1,1,1,100,132,1,0.87,0,0.425,0.766,0.6131
ML-GEN-00347,"TRD","NR","DLI","NDLS-GZB",823,0,9.013,13.357,4.344,"ES-D01B","INSULATOR_FLASHOVER",0.7106,13,"AOH_SCHEDULE",178,1,1,1,155,59,1,0.75,0,0.304,0.741,0.6456
ML-GEN-02072,"TRD","NR","DLI","GZB-MB",515,0,56.719,60.473,3.754,"ES-D05B","JUMPER_HOTSPOT",0.7401,9,"EMERGENCY_REPAIR",38,1,1,0,114,118,1,0.98,0,0.288,0.624,0.6297
ML-GEN-00615,"TRD","NR","DLI","GZB-MB",515,1,44.835,48.492,3.657,"ES-D05A","DROPPER_DEFECTIVE",0.5505,8,"DEFECT_ATTENDANCE",135,1,1,1,95,157,0,0,0,0.189,0.815,0.5947
ML-GEN-00186,"TRD","WR","BCT","BVI-VR",208,0,73.997,78.669,4.671,"ES-W44B","BIRD_MENACE",0.7704,16,"PREVENTIVE_MAINT",166,1,1,1,223,30,1,0.6,0,0.385,0.524,0.6662
ML-GEN-00049,"TRD","WR","BCT","BCT-BVI",543,0,43.608,47.837,4.228,"ES-W41B","JUMPER_HOTSPOT",0.7676,15,"DEFECT_ATTENDANCE",86,1,1,0,299,30,1,0.91,0,0.32,0.417,0.6451
ML-GEN-00655,"TRD","NR","DLI","GZB-MB",515,0,33.274,37.504,4.23,"ES-D04A","NEUTRAL_PTFE",0.7631,7,"DEFECT_ATTENDANCE",47,1,1,0,125,84,1,0.7,0,0.416,0.745,0.631
ML-GEN-00619,"TRD","WR","BCT","BVI-VR",208,1,82.585,87.096,4.511,"ES-W43A","CANTILEVER_MISALIGN",0.7276,13,"EMERGENCY_REPAIR",83,1,1,1,214,30,1,0.79,0,0.84,0.408,0.6193
ML-GEN-00891,"TRD","NR","DLI","NDLS-GZB",823,1,19.187,20.936,1.749,"ES-D02B","DROPPER_DEFECTIVE",0.6426,6,"FOOT_PATROL",107,1,1,1,223,30,1,0.84,0,0.658,0.765,0.6346
ML-GEN-00240,"TRD","CR","BSL","BSL-NGP",465,1,534.022,535.178,1.156,"ES-C53B","CANTILEVER_MISALIGN",0.8047,12,"EMERGENCY_REPAIR",104,1,1,1,72,183,1,0.55,0,0.884,0.386,0.6504
ML-GEN-01605,"TRD","CR","BSL","KYN-BSL",386,1,176.444,180.896,4.451,"ES-C52A","STEADYARM_CORRODED",0.6725,6,"DEFECT_ATTENDANCE",91,1,1,1,82,141,1,0.63,0,0.7,0.777,0.6434
ML-GEN-00950,"TRD","WR","BCT","BCT-BVI",543,1,40.164,42.256,2.092,"ES-W40B","DROPPER_DEFECTIVE",0.6449,11,"FOOT_PATROL",112,1,1,1,253,30,0,0,0,0.558,0.875,0.6463
ML-GEN-01425,"TRD","CR","BSL","KYN-BSL",386,1,379.751,381.498,1.747,"ES-C50A","INSULATOR_FLASHOVER",0.7865,6,"FOOT_PATROL",75,1,1,1,92,140,1,0.92,0,0.562,0.41,0.632
ML-GEN-01216,"TRD","WR","BCT","BCT-BVI",543,0,31.213,34.142,2.929,"ES-W41A","INSULATOR_FLASHOVER",0.7019,13,"EMERGENCY_REPAIR",44,1,1,1,254,30,1,0.73,1,0.335,0.578,0.6172
ML-GEN-00701,"TRD","ECR","DNR","BXR-DNR",655,0,611.571,613.546,1.975,"ES-09C","CW_WEAR",0.5906,12,"PREVENTIVE_MAINT",166,1,1,1,106,103,1,0.55,0,0.451,0.716,0.6246
ML-GEN-01182,"TRD","CR","BSL","BSL-NGP",465,1,461.949,466.339,4.39,"ES-C54B","INSULATOR_FLASHOVER",1,7,"PREVENTIVE_MAINT",72,1,1,0,73,132,1,0.97,0,0.188,0.406,0.6416
ML-GEN-00236,"TRD","CR","BSL","KYN-BSL",386,0,404.527,407.311,2.784,"ES-C50A","INSULATOR_FLASHOVER",0.8838,13,"DEFECT_ATTENDANCE",160,1,1,1,84,126,0,0,0,0.638,0.626,0.6611
ML-GEN-00630,"TRD","WR","BCT","BVI-VR",208,0,63.494,64.505,1.01,"ES-W44B","CW_WEAR",0.5564,9,"POH_SCHEDULE",118,1,1,1,157,95,0,0,0,0.441,0.658,0.6129
ML-GEN-02449,"TRD","WR","BCT","BVI-VR",208,0,76.022,76.772,0.75,"ES-W43A","CW_WEAR",0.6371,14,"PREVENTIVE_MAINT",55,1,0,0,175,30,0,0,0,0.712,0.576,0.6462
ML-GEN-02309,"TRD","CR","BSL","KYN-BSL",386,0,390.855,394.726,3.871,"ES-C51A","ANTICREEP_DEFECT",0.8156,16,"EMERGENCY_REPAIR",44,1,1,0,85,166,1,0.74,0,0.897,0.823,0.694
ML-GEN-01685,"TRD","ECR","DNR","DNR-PNBE",454,0,540.583,542.89,2.307,"ES-24A","INSULATOR_FLASHOVER",0.7269,85,"AOH_SCHEDULE",195,1,1,1,112,132,1,0.98,0,0.39,0.787,0.7909
ML-GEN-00556,"TRD","CR","BSL","KYN-BSL",386,1,164.973,166.735,1.762,"ES-C50B","BIRD_MENACE",0.8145,17,"FOOT_PATROL",91,1,1,1,98,141,0,0,0,0.789,0.416,0.6728
ML-GEN-00018,"TRD","ECR","DNR","PNBE-RJPB",870,1,546.78,548.276,1.496,"ES-19A","INSULATOR_FLASHOVER",0.9056,7,"POH_SCHEDULE",183,1,1,1,166,58,1,0.69,0,0.864,0.686,0.6624
ML-GEN-00040,"TRD","WR","BCT","BCT-BVI",543,0,45.062,49.891,4.829,"ES-W41A","STEADYARM_CORRODED",0.5224,16,"PREVENTIVE_MAINT",129,1,1,1,242,30,0,0,0,0.379,0.846,0.6273
ML-GEN-00144,"TRD","CR","BSL","KYN-BSL",386,1,130.7,132.996,2.296,"ES-C50A","INSULATOR_FLASHOVER",0.7047,16,"PREVENTIVE_MAINT",49,1,1,0,87,168,1,0.71,0,0.225,0.439,0.6306
ML-GEN-02345,"TRD","WR","BCT","BCT-BVI",543,0,50.238,54.289,4.052,"ES-W41A","BIRD_MENACE",0.8234,12,"FOOT_PATROL",52,1,1,1,268,30,1,0.61,0,0.656,0.721,0.6531
ML-GEN-00952,"TRD","WR","BCT","BVI-VR",208,1,57.961,62.239,4.278,"ES-W44B","JUMPER_HOTSPOT",0.8345,8,"EMERGENCY_REPAIR",76,1,1,1,184,30,1,0.68,1,0.655,0.89,0.6492
ML-GEN-02343,"TRD","ECR","DNR","MKA-BKP",417,1,489.163,490.508,1.345,"ES-31A","CW_WEAR",0.6918,11,"DEFECT_ATTENDANCE",121,1,1,1,93,136,1,0.77,0,0.742,0.719,0.6633
ML-GEN-01286,"TRD","CR","BSL","BSL-NGP",465,1,717.643,718.751,1.108,"ES-C54B","CW_WEAR",0.5134,17,"POH_SCHEDULE",166,1,1,1,70,140,0,0,0,0.522,0.212,0.6133
ML-GEN-00729,"TRD","NR","DLI","NDLS-PWL",389,0,14.791,16.404,1.613,"ES-D07A","DROPPER_DEFECTIVE",0.5084,6,"EMERGENCY_REPAIR",89,1,1,1,96,126,1,0.75,0,0.466,0.736,0.6426
ML-GEN-00368,"TRD","NR","DLI","NDLS-GZB",823,1,27.619,29.009,1.39,"ES-D01B","CW_WEAR",0.762,11,"DEFECT_ATTENDANCE",83,1,1,0,166,34,1,0.53,0,0.561,0.566,0.6355
ML-GEN-02402,"TRD","CR","BSL","BSL-NGP",465,0,631.47,633.314,1.843,"ES-C53A","STEADYARM_CORRODED",0.4782,15,"FOOT_PATROL",49,1,1,0,80,93,0,0,0,0.435,0.485,0.6293
ML-GEN-00835,"TRD","CR","BSL","BSL-NGP",465,1,702.448,704.26,1.812,"ES-C54B","INSULATOR_FLASHOVER",0.7726,10,"PREVENTIVE_MAINT",72,1,1,0,66,132,1,0.99,0,0.365,0.163,0.608
ML-GEN-00477,"TRD","CR","BSL","BSL-NGP",465,1,609.347,611.238,1.891,"ES-C53A","INSULATOR_FLASHOVER",0.801,15,"EMERGENCY_REPAIR",76,1,1,1,77,136,1,0.59,0,0.852,0.419,0.667
ML-GEN-00862,"TRD","CR","BSL","BSL-NGP",465,1,783.862,785.855,1.992,"ES-C54B","CANTILEVER_MISALIGN",0.6612,11,"POH_SCHEDULE",190,1,1,1,76,129,1,0.67,0,0.564,0.445,0.6136
ML-GEN-00713,"TRD","ECR","DNR","PNBE-RJPB",870,0,546.662,548.345,1.682,"ES-19A","JUMPER_HOTSPOT",0.9648,11,"DEFECT_ATTENDANCE",124,1,1,1,158,82,1,0.76,0,0.327,0.477,0.6453
ML-GEN-00154,"TRD","WR","BCT","BCT-BVI",543,1,51.076,54.752,3.676,"ES-W40A","STEADYARM_CORRODED",0.512,10,"FOOT_PATROL",116,1,1,1,260,30,1,0.61,0,0.34,0.769,0.5837
ML-GEN-01731,"TRD","WR","BCT","BVI-VR",208,1,55.717,59.679,3.962,"ES-W44A","JUMPER_HOTSPOT",0.8456,9,"POH_SCHEDULE",194,1,1,1,153,102,1,0.91,0,0.638,0.852,0.6606
ML-GEN-01371,"TRD","CR","BSL","KYN-BSL",386,0,352.229,356.921,4.692,"ES-C50B","CW_WEAR",0.5339,13,"FOOT_PATROL",64,1,1,0,90,144,1,0.9,0,0.209,0.842,0.628
ML-GEN-00475,"TRD","NR","DLI","NDLS-PWL",389,1,3.408,7.466,4.058,"ES-D07B","CW_WEAR",0.4479,15,"DEFECT_ATTENDANCE",74,1,1,1,105,102,0,0,0,0.817,0.827,0.6484
ML-GEN-00998,"TRD","ECR","DNR","PNBE-RJPB",870,0,545.112,546.762,1.65,"ES-18B","CANTILEVER_MISALIGN",0.628,16,"AOH_SCHEDULE",238,1,1,1,129,59,1,0.75,0,0.815,0.492,0.6365
ML-GEN-02325,"TRD","CR","BSL","KYN-BSL",386,0,225.84,228.793,2.953,"ES-C51A","INSULATOR_FLASHOVER",0.611,11,"EMERGENCY_REPAIR",56,1,0,0,85,140,0,0,0,0.235,0.542,0.5973
ML-GEN-01279,"TRD","ECR","DNR","BXR-DNR",655,0,613.925,614.892,0.967,"ES-10A","CW_WEAR",0.8052,21,"FOOT_PATROL",120,1,1,1,116,100,1,0.61,0,0.277,0.727,0.6698
ML-GEN-02386,"TRD","NR","DLI","NDLS-GZB",823,0,27.729,29.083,1.354,"ES-D03A","CANTILEVER_MISALIGN",0.5979,14,"EMERGENCY_REPAIR",83,1,1,1,223,30,1,0.78,1,0.104,0.551,0.6111
ML-GEN-00013,"TRD","CR","BSL","KYN-BSL",386,0,441.938,442.856,0.918,"ES-C51B","INSULATOR_FLASHOVER",0.7376,12,"EMERGENCY_REPAIR",91,1,1,1,94,168,1,0.66,0,0.37,0.598,0.6416
ML-GEN-00951,"TRD","CR","BSL","KYN-BSL",386,1,417.882,420.672,2.79,"ES-C52A","JUMPER_HOTSPOT",0.844,14,"PREVENTIVE_MAINT",155,1,1,1,94,134,1,0.54,0,0.755,0.742,0.6672
ML-GEN-00150,"TRD","WR","BCT","BVI-VR",208,0,78.34,79.921,1.581,"ES-W43B","INSULATOR_FLASHOVER",0.8564,11,"EMERGENCY_REPAIR",64,1,1,0,209,30,1,0.56,1,0.228,0.897,0.6411
ML-GEN-02348,"TRD","WR","BCT","BCT-BVI",543,0,22.488,23.613,1.125,"ES-W40A","INSULATOR_FLASHOVER",0.7715,18,"POH_SCHEDULE",163,1,1,1,293,30,0,0,1,0.288,0.525,0.671
ML-GEN-00523,"TRD","CR","BSL","BSL-NGP",465,1,475.425,479.397,3.972,"ES-C53A","JUMPER_HOTSPOT",0.7551,7,"PREVENTIVE_MAINT",71,1,1,0,79,151,0,0,0,0.466,0.474,0.6242
ML-GEN-01408,"TRD","CR","BSL","KYN-BSL",386,1,82.894,87.312,4.418,"ES-C51A","DROPPER_DEFECTIVE",0.4883,12,"EMERGENCY_REPAIR",63,1,1,0,65,151,1,0.67,0,0.861,0.473,0.6471
ML-GEN-00616,"TRD","ECR","DNR","MKA-BKP",417,0,489.2,490.846,1.646,"ES-31A","JUMPER_HOTSPOT",0.889,42,"AOH_SCHEDULE",129,1,1,1,84,93,0,0,0,0.454,0.468,0.7325
ML-GEN-01806,"TRD","ECR","DNR","PNBE-RJPB",870,1,546.795,547.83,1.035,"ES-19A","JUMPER_HOTSPOT",0.8713,10,"POH_SCHEDULE",197,1,1,1,151,47,1,0.64,0,0.44,0.424,0.6609
ML-GEN-01340,"TRD","CR","BSL","KYN-BSL",386,1,273.346,277.781,4.435,"ES-C51B","CANTILEVER_MISALIGN",0.7606,18,"AOH_SCHEDULE",169,1,1,1,85,147,1,0.72,0,0.213,0.562,0.6548
ML-GEN-00549,"TRD","NR","DLI","GZB-MB",515,1,59.271,60.114,0.843,"ES-D04A","DROPPER_DEFECTIVE",0.6576,11,"PREVENTIVE_MAINT",143,1,1,1,133,82,1,0.78,0,0.566,0.583,0.6504
ML-GEN-01290,"TRD","NR","DLI","NDLS-PWL",389,1,5.022,9.941,4.92,"ES-D07B","STEADYARM_CORRODED",0.7019,14,"EMERGENCY_REPAIR",30,1,1,1,97,146,1,0.68,0,0.497,0.462,0.6417
ML-GEN-01761,"TRD","NR","DLI","GZB-MB",515,0,61.049,63.517,2.468,"ES-D04B","CW_WEAR",0.5193,17,"PREVENTIVE_MAINT",108,1,1,1,130,96,1,0.83,0,0.51,0.623,0.6272
ML-GEN-02457,"TRD","ECR","DNR","BXR-DNR",655,0,615.162,615.662,0.5,"ES-10A","JUMPER_HOTSPOT",0.8338,10,"DEFECT_ATTENDANCE",65,1,1,0,77,145,1,0.81,0,0.22,0.448,0.6299
ML-GEN-01958,"TRD","WR","BCT","BVI-VR",208,1,104.375,105.048,0.673,"ES-W43A","CW_WEAR",0.4455,12,"PREVENTIVE_MAINT",94,1,1,1,180,30,1,0.56,0,0.598,0.434,0.6145
ML-GEN-02464,"TRD","NR","DLI","GZB-MB",515,1,42.328,47.121,4.793,"ES-D04A","INSULATOR_FLASHOVER",0.7195,12,"DEFECT_ATTENDANCE",124,1,1,1,142,70,1,0.84,1,0.891,0.603,0.6641
ML-GEN-00501,"TRD","WR","BCT","BCT-BVI",543,0,16.975,19.853,2.878,"ES-W42A","ANTICREEP_DEFECT",0.433,12,"EMERGENCY_REPAIR",39,1,1,1,278,30,1,0.65,0,0.554,0.566,0.6153
ML-GEN-02094,"TRD","NR","DLI","NDLS-PWL",389,1,40.134,42.197,2.064,"ES-D06B","STEADYARM_CORRODED",0.786,10,"DEFECT_ATTENDANCE",67,1,1,1,106,132,1,0.81,0,0.214,0.8,0.6289
ML-GEN-01129,"TRD","ECR","DNR","PNBE-RJPB",870,1,545.477,546.169,0.692,"ES-18B","INSULATOR_FLASHOVER",0.839,13,"POH_SCHEDULE",145,1,1,1,128,102,0,0,0,0.799,0.752,0.6624
ML-GEN-02157,"TRD","NR","DLI","NDLS-GZB",823,1,26.401,27.465,1.064,"ES-D03A","JUMPER_HOTSPOT",0.8929,14,"EMERGENCY_REPAIR",81,1,1,1,153,74,0,0,0,0.665,0.787,0.6733
ML-GEN-00273,"TRD","NR","DLI","NDLS-GZB",823,0,5.491,7.5,2.01,"ES-D01A","INSULATOR_FLASHOVER",0.9372,5,"EMERGENCY_REPAIR",77,1,1,1,182,30,1,0.62,0,0.553,0.66,0.6407
ML-GEN-01837,"TRD","ECR","DNR","BXR-DNR",655,0,610.505,613.476,2.972,"ES-10A","CW_WEAR",0.471,8,"EMERGENCY_REPAIR",96,1,1,1,72,148,0,0,0,0.683,0.47,0.5922
ML-GEN-00256,"TRD","ECR","DNR","DNR-PNBE",454,0,541.014,543.404,2.389,"ES-25A","INSULATOR_FLASHOVER",0.749,18,"PREVENTIVE_MAINT",131,1,1,1,83,139,0,0,0,0.305,0.582,0.6511
ML-GEN-02496,"TRD","NR","DLI","NDLS-GZB",823,0,16.785,19.597,2.811,"ES-D03A","DROPPER_DEFECTIVE",0.6565,10,"PREVENTIVE_MAINT",112,1,1,1,179,30,0,0,0,0.486,0.461,0.6362
ML-GEN-01313,"TRD","CR","BSL","BSL-NGP",465,0,777.838,778.733,0.895,"ES-C53A","CW_WEAR",0.7529,15,"PREVENTIVE_MAINT",141,1,1,1,81,150,0,0,0,0.681,0.576,0.6587
ML-GEN-00668,"TRD","CR","BSL","KYN-BSL",386,1,243.66,245.526,1.866,"ES-C51B","STEADYARM_CORRODED",0.4554,15,"PREVENTIVE_MAINT",81,1,1,0,85,158,1,0.68,0,0.763,0.86,0.6338
ML-GEN-00510,"TRD","CR","BSL","BSL-NGP",465,0,670.21,671.143,0.933,"ES-C53A","JUMPER_HOTSPOT",0.7626,15,"EMERGENCY_REPAIR",66,1,1,0,79,159,1,0.58,0,0.219,0.387,0.6085
ML-GEN-02199,"TRD","ECR","DNR","MKA-BKP",417,0,490.031,492.178,2.146,"ES-32A","NEUTRAL_PTFE",0.4736,13,"EMERGENCY_REPAIR",32,1,0,1,98,145,0,0,0,0.579,0.693,0.6372
ML-GEN-02142,"TRD","ECR","DNR","MKA-BKP",417,0,491.928,492.626,0.698,"ES-31B","DROPPER_DEFECTIVE",0.4538,86,"EMERGENCY_REPAIR",63,1,1,0,85,160,1,0.57,0,0.499,0.855,0.7747
ML-GEN-00009,"TRD","WR","BCT","BCT-BVI",543,1,26.6,31.366,4.767,"ES-W40A","CANTILEVER_MISALIGN",0.584,14,"PREVENTIVE_MAINT",112,1,1,1,243,30,0,0,0,0.349,0.609,0.6278
ML-GEN-01943,"TRD","NR","DLI","NDLS-PWL",389,0,24.953,27.451,2.497,"ES-D07A","ANTICREEP_DEFECT",0.5106,12,"FOOT_PATROL",83,1,1,0,90,109,1,0.69,0,0.856,0.637,0.641
ML-GEN-00412,"TRD","CR","BSL","KYN-BSL",386,0,358.694,361.202,2.507,"ES-C51A","NEUTRAL_PTFE",0.6644,11,"FOOT_PATROL",42,1,1,1,89,93,0,0,0,0.731,0.544,0.6431
ML-GEN-02492,"TRD","ECR","DNR","BXR-DNR",655,0,610.399,611.457,1.058,"ES-09C","INSULATOR_FLASHOVER",0.8336,54,"AOH_SCHEDULE",193,1,1,1,107,78,1,0.88,0,0.502,0.497,0.7208
ML-GEN-00829,"TRD","ECR","DNR","MKA-BKP",417,0,490.766,492.743,1.977,"ES-31B","INSULATOR_FLASHOVER",0.9107,12,"FOOT_PATROL",114,1,1,1,89,111,1,0.92,0,0.711,0.783,0.681
ML-GEN-01893,"TRD","WR","BCT","BVI-VR",208,1,74.771,75.875,1.104,"ES-W44B","STEADYARM_CORRODED",0.6379,9,"EMERGENCY_REPAIR",40,1,1,0,224,30,1,0.51,1,0.398,0.481,0.6234
ML-GEN-00145,"TRD","CR","BSL","KYN-BSL",386,0,189.602,191.926,2.324,"ES-C51B","CW_WEAR",0.6519,8,"AOH_SCHEDULE",180,1,1,1,91,116,0,0,0,0.496,0.47,0.6324
ML-GEN-01460,"TRD","ECR","DNR","MKA-BKP",417,0,489.693,491.079,1.386,"ES-32A","CW_WEAR",0.5963,9,"EMERGENCY_REPAIR",80,1,1,1,94,145,1,0.6,0,0.764,0.683,0.6525
ML-GEN-00162,"TRD","ECR","DNR","MKA-BKP",417,0,489.718,491.722,2.005,"ES-31B","INSULATOR_FLASHOVER",0.751,20,"FOOT_PATROL",58,1,1,1,64,119,1,0.77,0,0.367,0.227,0.6414
ML-GEN-01628,"TRD","WR","BCT","BCT-BVI",543,0,14.205,17.947,3.742,"ES-W41A","INSULATOR_FLASHOVER",0.8148,11,"PREVENTIVE_MAINT",133,1,1,1,272,30,1,0.57,0,0.362,0.413,0.6358
ML-GEN-01675,"TRD","NR","DLI","NDLS-PWL",389,0,19.279,19.906,0.627,"ES-D07B","CW_WEAR",0.4713,17,"EMERGENCY_REPAIR",46,1,0,1,102,144,0,0,0,0.796,0.613,0.6418
ML-GEN-02220,"TRD","CR","BSL","BSL-NGP",465,1,592.943,594.774,1.831,"ES-C54A","CW_WEAR",0.5886,8,"EMERGENCY_REPAIR",56,1,0,0,80,138,1,0.88,0,0.818,0.169,0.6211
ML-GEN-02433,"TRD","WR","BCT","BCT-BVI",543,1,34.4,37.618,3.218,"ES-W41B","CANTILEVER_MISALIGN",0.7607,8,"EMERGENCY_REPAIR",34,1,1,0,270,30,1,0.94,1,0.76,0.727,0.6325
ML-GEN-00598,"TRD","CR","BSL","BSL-NGP",465,1,591.601,592.977,1.375,"ES-C54A","CW_WEAR",0.7219,14,"POH_SCHEDULE",205,1,1,1,68,127,1,0.59,0,0.676,0.207,0.637
ML-GEN-01663,"TRD","WR","BCT","BVI-VR",208,1,68.563,72.977,4.414,"ES-W44A","DROPPER_DEFECTIVE",0.4332,9,"DEFECT_ATTENDANCE",99,1,1,1,205,30,0,0,0,0.512,0.879,0.6131
ML-GEN-01464,"TRD","NR","DLI","NDLS-GZB",823,1,3.99,8.706,4.716,"ES-D02B","INSULATOR_FLASHOVER",0.9065,10,"PREVENTIVE_MAINT",117,1,1,1,163,62,0,0,0,0.598,0.495,0.6394
ML-GEN-02450,"TRD","NR","DLI","NDLS-PWL",389,0,20.873,21.386,0.512,"ES-D07A","CW_WEAR",0.5434,12,"PREVENTIVE_MAINT",156,1,1,1,99,121,1,0.8,0,0.822,0.584,0.6363
ML-GEN-00434,"TRD","CR","BSL","KYN-BSL",386,1,155.934,158.827,2.893,"ES-C51A","DROPPER_DEFECTIVE",0.5601,14,"FOOT_PATROL",125,1,1,1,75,139,0,0,0,0.341,0.142,0.5885
ML-GEN-01099,"TRD","ECR","DNR","BXR-DNR",655,0,611.642,613.181,1.539,"ES-09C","JUMPER_HOTSPOT",0.9219,9,"POH_SCHEDULE",151,1,1,1,108,95,1,0.67,0,0.283,0.48,0.64
ML-GEN-01465,"TRD","CR","BSL","KYN-BSL",386,0,371.464,375.629,4.165,"ES-C50B","INSULATOR_FLASHOVER",0.8814,16,"PREVENTIVE_MAINT",184,1,1,1,107,59,1,0.61,1,0.466,0.544,0.6533
ML-GEN-01221,"TRD","ECR","DNR","DNR-PNBE",454,0,541.617,543.351,1.734,"ES-25B","CW_WEAR",0.582,9,"PREVENTIVE_MAINT",143,1,1,1,120,101,1,0.77,1,0.588,0.731,0.6243
ML-GEN-00332,"TRD","CR","BSL","BSL-NGP",465,1,757.397,760.259,2.862,"ES-C54B","DROPPER_DEFECTIVE",0.608,10,"AOH_SCHEDULE",216,1,1,1,81,151,1,0.6,0,0.611,0.76,0.6394
ML-GEN-00362,"TRD","CR","BSL","BSL-NGP",465,1,730.909,733.644,2.735,"ES-C54A","JUMPER_HOTSPOT",0.8551,12,"DEFECT_ATTENDANCE",93,1,1,1,62,152,1,0.75,0,0.753,0.144,0.635
ML-GEN-02042,"TRD","ECR","DNR","PNBE-RJPB",870,0,545.307,546.968,1.66,"ES-18B","DROPPER_DEFECTIVE",0.7682,16,"PREVENTIVE_MAINT",141,1,1,1,142,84,1,0.84,0,0.283,0.413,0.6578
ML-GEN-00960,"TRD","ECR","DNR","BXR-DNR",655,0,611.142,612.286,1.144,"ES-09A","JUMPER_HOTSPOT",0.9278,15,"FOOT_PATROL",34,1,1,1,95,140,0,0,0,0.731,0.755,0.6829
ML-GEN-00812,"TRD","ECR","DNR","PNBE-RJPB",870,0,547.263,548.301,1.038,"ES-19A","CW_WEAR",0.7705,8,"AOH_SCHEDULE",235,1,1,1,164,34,1,0.51,0,0.613,0.688,0.6107
ML-GEN-00168,"TRD","CR","BSL","KYN-BSL",386,0,207.409,210.597,3.188,"ES-C50B","STEADYARM_CORRODED",0.6081,9,"EMERGENCY_REPAIR",75,1,1,1,108,160,0,0,0,0.37,0.636,0.6141
ML-GEN-02053,"TRD","ECR","DNR","DNR-PNBE",454,1,541.722,542.75,1.028,"ES-24A","CW_WEAR",0.4538,59,"FOOT_PATROL",48,1,0,1,133,58,1,0.65,0,0.396,0.855,0.7091
ML-GEN-00801,"TRD","NR","DLI","NDLS-PWL",389,1,22.101,22.64,0.539,"ES-D07B","ANTICREEP_DEFECT",0.4498,13,"FOOT_PATROL",89,1,1,1,105,108,0,0,0,0.694,0.712,0.6271
ML-GEN-02388,"TRD","NR","DLI","GZB-MB",515,0,32.252,36.294,4.042,"ES-D05A","DROPPER_DEFECTIVE",0.6413,8,"EMERGENCY_REPAIR",51,1,1,1,115,74,0,0,1,0.881,0.517,0.6618
ML-GEN-01039,"TRD","CR","BSL","BSL-NGP",465,1,568.683,570.7,2.017,"ES-C54A","BIRD_MENACE",0.767,89,"EMERGENCY_REPAIR",45,1,1,0,68,166,0,0,0,0.876,0.175,0.7993
ML-GEN-02401,"TRD","WR","BCT","BCT-BVI",543,1,45.375,48.907,3.532,"ES-W40B","CW_WEAR",0.6299,14,"PREVENTIVE_MAINT",142,1,1,1,238,30,0,0,0,0.794,0.652,0.6424
ML-GEN-01966,"TRD","CR","BSL","BSL-NGP",465,0,477.883,481.439,3.556,"ES-C54A","DROPPER_DEFECTIVE",0.5875,16,"EMERGENCY_REPAIR",85,1,1,1,77,142,1,0.91,0,0.245,0.301,0.6178
ML-GEN-01729,"TRD","NR","DLI","NDLS-PWL",389,1,44.667,48.405,3.738,"ES-D06A","DROPPER_DEFECTIVE",0.5948,7,"POH_SCHEDULE",98,1,1,1,105,120,1,0.87,0,0.373,0.569,0.6191
ML-GEN-00023,"TRD","ECR","DNR","PNBE-RJPB",870,0,545.249,547.285,2.036,"ES-18B","CW_WEAR",0.4824,15,"EMERGENCY_REPAIR",85,1,1,1,98,106,1,0.8,0,0.301,0.86,0.6415
ML-GEN-00878,"TRD","ECR","DNR","PNBE-RJPB",870,0,547.848,548.511,0.663,"ES-18B","JUMPER_HOTSPOT",0.8112,15,"AOH_SCHEDULE",157,1,1,1,137,107,0,0,1,0.793,0.692,0.6752
ML-GEN-00965,"TRD","WR","BCT","BCT-BVI",543,1,42.956,44.619,1.663,"ES-W41A","CANTILEVER_MISALIGN",0.8041,10,"PREVENTIVE_MAINT",142,1,1,1,297,30,1,0.76,0,0.49,0.808,0.6692
ML-GEN-02058,"TRD","NR","DLI","NDLS-PWL",389,1,23.687,26.39,2.704,"ES-D06A","STEADYARM_CORRODED",0.6961,19,"FOOT_PATROL",76,1,1,1,112,103,1,0.54,0,0.831,0.553,0.67
ML-GEN-01183,"TRD","NR","DLI","NDLS-GZB",823,1,23.922,27.747,3.825,"ES-D03A","DROPPER_DEFECTIVE",0.4996,13,"EMERGENCY_REPAIR",42,1,1,0,177,42,0,0,0,0.565,0.649,0.6168
ML-GEN-01057,"TRD","NR","DLI","GZB-MB",515,0,47.304,47.935,0.631,"ES-D04A","CW_WEAR",0.5129,7,"DEFECT_ATTENDANCE",135,1,1,1,127,72,1,0.91,0,0.647,0.626,0.6338
ML-GEN-01483,"TRD","NR","DLI","NDLS-PWL",389,1,1,4.638,3.638,"ES-D06B","CW_WEAR",0.5354,10,"AOH_SCHEDULE",200,1,1,1,87,141,1,0.67,0,0.251,0.683,0.6407
ML-GEN-00573,"TRD","ECR","DNR","MKA-BKP",417,0,489.757,491.935,2.177,"ES-31A","CW_WEAR",0.7012,12,"DEFECT_ATTENDANCE",124,1,1,1,85,138,1,0.74,0,0.824,0.483,0.6575
ML-GEN-00399,"TRD","CR","BSL","BSL-NGP",465,1,559.788,561.03,1.242,"ES-C53A","JUMPER_HOTSPOT",0.8685,6,"EMERGENCY_REPAIR",62,1,1,1,66,134,1,0.68,0,0.688,0.128,0.6361
ML-GEN-01474,"TRD","CR","BSL","BSL-NGP",465,0,633.397,635.38,1.982,"ES-C54A","DROPPER_DEFECTIVE",0.6725,11,"EMERGENCY_REPAIR",59,1,0,0,65,146,1,0.54,0,0.503,0.111,0.6243
ML-GEN-00029,"TRD","WR","BCT","BVI-VR",208,1,60.002,62.129,2.127,"ES-W43B","CW_WEAR",0.4344,16,"EMERGENCY_REPAIR",75,1,1,1,187,30,1,0.52,0,0.426,0.508,0.6315
ML-GEN-00175,"TRD","NR","DLI","GZB-MB",515,0,52.357,57.315,4.958,"ES-D04A","INSULATOR_FLASHOVER",0.798,16,"AOH_SCHEDULE",119,1,1,1,122,111,0,0,1,0.619,0.676,0.6709
ML-GEN-00774,"TRD","WR","BCT","BCT-BVI",543,1,16.511,18.326,1.815,"ES-W41A","DROPPER_DEFECTIVE",0.61,13,"AOH_SCHEDULE",155,1,1,1,240,30,0,0,0,0.443,0.853,0.6298
ML-GEN-02405,"TRD","WR","BCT","BVI-VR",208,1,70.136,74.301,4.165,"ES-W43A","INSULATOR_FLASHOVER",0.6394,11,"EMERGENCY_REPAIR",83,1,1,1,209,30,1,0.98,0,0.798,0.635,0.6394
ML-GEN-00038,"TRD","WR","BCT","BCT-BVI",543,0,28.624,32.031,3.407,"ES-W40A","DROPPER_DEFECTIVE",0.7415,16,"PREVENTIVE_MAINT",159,1,1,1,234,30,0,0,0,0.171,0.748,0.6398
ML-GEN-01710,"TRD","ECR","DNR","MKA-BKP",417,0,491.862,492.751,0.89,"ES-31A","CW_WEAR",0.5677,9,"DEFECT_ATTENDANCE",55,1,1,1,84,149,1,0.68,0,0.479,0.711,0.6176
ML-GEN-00617,"TRD","CR","BSL","BSL-NGP",465,0,654.678,657.243,2.565,"ES-C54B","CW_WEAR",0.6272,17,"AOH_SCHEDULE",134,1,1,1,71,163,1,0.76,0,0.548,0.48,0.6438
ML-GEN-00409,"TRD","NR","DLI","NDLS-GZB",823,1,23.182,25.885,2.703,"ES-D02A","INSULATOR_FLASHOVER",0.5553,12,"DEFECT_ATTENDANCE",42,1,0,1,202,30,1,0.88,0,0.121,0.582,0.5979
ML-GEN-00003,"TRD","ECR","DNR","DNR-PNBE",454,1,541.96,543.805,1.845,"ES-25A","CW_WEAR",0.4575,7,"DEFECT_ATTENDANCE",158,1,1,1,115,98,1,0.61,1,0.535,0.673,0.5782
ML-GEN-00380,"TRD","WR","BCT","BVI-VR",208,0,96.427,101.169,4.742,"ES-W43B","INSULATOR_FLASHOVER",0.7683,9,"EMERGENCY_REPAIR",39,1,1,0,203,30,0,0,0,0.814,0.821,0.6476
ML-GEN-00429,"TRD","CR","BSL","BSL-NGP",465,1,598.761,602.742,3.981,"ES-C53A","NEUTRAL_PTFE",0.6485,9,"DEFECT_ATTENDANCE",150,1,1,1,79,171,1,0.96,0,0.816,0.133,0.6159
ML-GEN-01905,"TRD","WR","BCT","BCT-BVI",543,1,41.642,45.792,4.15,"ES-W41A","DROPPER_DEFECTIVE",0.6184,13,"EMERGENCY_REPAIR",89,1,1,1,315,30,1,0.64,0,0.873,0.637,0.6592
ML-GEN-00799,"TRD","NR","DLI","GZB-MB",515,0,58.195,62.317,4.122,"ES-D05B","CW_WEAR",0.5303,14,"DEFECT_ATTENDANCE",63,1,1,0,112,94,1,0.99,0,0.45,0.826,0.6347
ML-GEN-00794,"TRD","CR","BSL","KYN-BSL",386,1,214.997,217.686,2.688,"ES-C52A","CW_WEAR",0.5901,9,"DEFECT_ATTENDANCE",69,1,1,1,82,147,1,0.98,0,0.837,0.511,0.6251
ML-GEN-01223,"TRD","CR","BSL","BSL-NGP",465,0,628.847,630.321,1.474,"ES-C53B","NEUTRAL_PTFE",0.5802,3,"AOH_SCHEDULE",200,1,1,1,74,164,1,0.6,0,0.621,0.454,0.6072
ML-GEN-02227,"TRD","ECR","DNR","MKA-BKP",417,0,490.496,491.228,0.732,"ES-32A","ANTICREEP_DEFECT",0.581,19,"FOOT_PATROL",99,1,1,1,79,134,0,0,0,0.129,0.307,0.6345
ML-GEN-00870,"TRD","WR","BCT","BVI-VR",208,1,78.979,81.378,2.399,"ES-W44B","CW_WEAR",0.7032,10,"AOH_SCHEDULE",174,1,1,1,206,36,0,0,0,0.782,0.898,0.6413
ML-GEN-00254,"TRD","CR","BSL","KYN-BSL",386,1,327.147,329.334,2.186,"ES-C50A","CW_WEAR",0.4256,15,"DEFECT_ATTENDANCE",55,1,0,1,94,127,0,0,0,0.167,0.567,0.6018
ML-GEN-01637,"TRD","CR","BSL","KYN-BSL",386,0,336.996,341.652,4.656,"ES-C52A","CW_WEAR",0.4069,13,"EMERGENCY_REPAIR",86,1,1,0,79,121,1,0.53,0,0.502,0.335,0.5978
ML-GEN-02141,"TRD","CR","BSL","KYN-BSL",386,0,100.528,101.372,0.843,"ES-C50A","DROPPER_DEFECTIVE",0.5037,9,"FOOT_PATROL",75,1,1,0,92,133,1,0.86,0,0.502,0.831,0.6222
ML-GEN-02295,"TRD","CR","BSL","BSL-NGP",465,0,584.797,586.145,1.347,"ES-C53A","DROPPER_DEFECTIVE",0.5509,5,"PREVENTIVE_MAINT",129,1,1,1,70,166,1,0.56,0,0.201,0.266,0.5901
ML-GEN-02081,"TRD","NR","DLI","NDLS-PWL",389,1,30.368,35.326,4.958,"ES-D06B","CW_WEAR",0.4678,9,"DEFECT_ATTENDANCE",83,1,1,1,127,97,1,0.79,0,0.139,0.532,0.5989
ML-GEN-01833,"TRD","WR","BCT","BCT-BVI",543,0,37.012,38.72,1.708,"ES-W41A","CANTILEVER_MISALIGN",0.8034,16,"AOH_SCHEDULE",159,1,1,1,237,30,0,0,0,0.494,0.72,0.6618
ML-GEN-00241,"TRD","CR","BSL","KYN-BSL",386,0,356.026,360.218,4.192,"ES-C50B","BIRD_MENACE",0.9124,13,"AOH_SCHEDULE",191,1,1,1,82,132,0,0,0,0.423,0.439,0.6554
ML-GEN-01433,"TRD","WR","BCT","BCT-BVI",543,0,8.935,11.779,2.844,"ES-W41A","CANTILEVER_MISALIGN",0.7334,19,"PREVENTIVE_MAINT",119,1,1,1,276,30,0,0,0,0.294,0.71,0.6613
ML-GEN-02456,"TRD","ECR","DNR","BXR-DNR",655,1,610.528,613.966,3.438,"ES-09C","BIRD_MENACE",0.8539,11,"FOOT_PATROL",67,1,1,0,111,109,1,0.5,0,0.523,0.442,0.6514
ML-GEN-00252,"TRD","WR","BCT","BCT-BVI",543,1,2.551,7.289,4.738,"ES-W41B","INSULATOR_FLASHOVER",0.6261,12,"FOOT_PATROL",55,1,0,0,285,30,1,0.78,1,0.342,0.748,0.6254
ML-GEN-00242,"TRD","WR","BCT","BVI-VR",208,0,105.05,108.706,3.657,"ES-W44A","INSULATOR_FLASHOVER",0.8762,11,"EMERGENCY_REPAIR",54,1,1,0,161,65,0,0,0,0.504,0.84,0.6698
ML-GEN-00557,"TRD","NR","DLI","NDLS-GZB",823,1,28.032,29.077,1.045,"ES-D01B","BIRD_MENACE",0.8091,17,"EMERGENCY_REPAIR",52,1,1,0,164,52,1,0.85,0,0.174,0.7,0.6654
ML-GEN-02269,"TRD","CR","BSL","KYN-BSL",386,0,253.557,255.813,2.255,"ES-C51A","DROPPER_DEFECTIVE",0.4837,12,"POH_SCHEDULE",123,1,1,1,86,128,0,0,0,0.265,0.656,0.6272
ML-GEN-01215,"TRD","NR","DLI","NDLS-PWL",389,0,25.574,28.484,2.91,"ES-D06A","JUMPER_HOTSPOT",0.9899,15,"AOH_SCHEDULE",151,1,1,1,104,89,1,0.9,0,0.548,0.598,0.6851
ML-GEN-01642,"TRD","ECR","DNR","DNR-PNBE",454,0,541.781,543.836,2.055,"ES-25B","DROPPER_DEFECTIVE",0.5458,13,"AOH_SCHEDULE",184,1,1,1,141,47,1,0.78,0,0.89,0.563,0.6238
ML-GEN-00200,"TRD","WR","BCT","BVI-VR",208,1,63.833,66.203,2.37,"ES-W44B","NEUTRAL_PTFE",0.4728,12,"PREVENTIVE_MAINT",159,1,1,1,183,30,1,0.79,0,0.55,0.5,0.623
ML-GEN-02408,"TRD","WR","BCT","BCT-BVI",543,0,9.108,14.06,4.952,"ES-W42A","DROPPER_DEFECTIVE",0.7607,11,"DEFECT_ATTENDANCE",129,1,1,1,291,30,1,0.75,0,0.65,0.62,0.6489
ML-GEN-00235,"TRD","NR","DLI","GZB-MB",515,0,34.307,38.114,3.807,"ES-D04A","INSULATOR_FLASHOVER",0.772,27,"AOH_SCHEDULE",146,1,1,1,124,111,1,0.91,0,0.408,0.844,0.6832
ML-GEN-00237,"TRD","CR","BSL","BSL-NGP",465,0,758.445,759.129,0.684,"ES-C54A","INSULATOR_FLASHOVER",0.7893,16,"DEFECT_ATTENDANCE",105,1,1,1,79,174,1,0.71,0,0.4,0.129,0.6193
ML-GEN-01266,"TRD","CR","BSL","BSL-NGP",465,1,695.925,697.024,1.1,"ES-C53B","DROPPER_DEFECTIVE",0.8017,6,"EMERGENCY_REPAIR",30,1,1,0,65,141,0,0,0,0.113,0.13,0.5923
ML-GEN-01930,"TRD","NR","DLI","NDLS-PWL",389,1,7.321,9.453,2.131,"ES-D06B","NEUTRAL_PTFE",0.6779,18,"AOH_SCHEDULE",219,1,1,1,98,135,1,0.82,0,0.735,0.644,0.6519
ML-GEN-01564,"TRD","WR","BCT","BVI-VR",208,1,85.497,86.67,1.173,"ES-W43A","JUMPER_HOTSPOT",1,10,"EMERGENCY_REPAIR",48,1,1,1,199,30,0,0,0,0.511,0.501,0.6526
ML-GEN-00322,"TRD","NR","DLI","GZB-MB",515,0,49.234,54.162,4.929,"ES-D04B","INSULATOR_FLASHOVER",0.9249,13,"EMERGENCY_REPAIR",30,1,1,0,134,83,0,0,0,0.778,0.522,0.6531
ML-GEN-00448,"TRD","WR","BCT","BCT-BVI",543,1,0.908,5.02,4.112,"ES-W40B","STEADYARM_CORRODED",0.487,14,"DEFECT_ATTENDANCE",128,1,1,1,241,30,1,0.57,0,0.81,0.438,0.6326
ML-GEN-00135,"TRD","ECR","DNR","PNBE-RJPB",870,0,547.143,547.827,0.684,"ES-19A","INSULATOR_FLASHOVER",0.8095,6,"POH_SCHEDULE",168,1,1,1,130,84,0,0,1,0.11,0.439,0.6027
ML-GEN-00641,"TRD","ECR","DNR","DNR-PNBE",454,0,541.255,541.913,0.658,"ES-25A","CANTILEVER_MISALIGN",0.7666,16,"DEFECT_ATTENDANCE",130,1,1,1,105,135,1,0.9,0,0.295,0.711,0.6434
ML-GEN-01576,"TRD","CR","BSL","KYN-BSL",386,0,352.572,355.413,2.842,"ES-C51B","JUMPER_HOTSPOT",0.9296,9,"PREVENTIVE_MAINT",119,1,1,1,102,99,0,0,0,0.885,0.532,0.6911
ML-GEN-00894,"TRD","WR","BCT","BVI-VR",208,0,56.354,59.036,2.682,"ES-W44A","DROPPER_DEFECTIVE",0.4879,6,"POH_SCHEDULE",104,1,1,1,195,30,0,0,1,0.727,0.683,0.6225
ML-GEN-01782,"TRD","ECR","DNR","PNBE-RJPB",870,0,545.149,547.489,2.34,"ES-18A","DROPPER_DEFECTIVE",0.5836,17,"FOOT_PATROL",81,1,1,1,136,85,1,0.76,1,0.669,0.708,0.6498
ML-GEN-00880,"TRD","NR","DLI","NDLS-GZB",823,1,15.874,20.561,4.686,"ES-D01B","ANTICREEP_DEFECT",0.6811,13,"AOH_SCHEDULE",208,1,1,1,193,30,1,0.98,1,0.689,0.635,0.6518
ML-GEN-00260,"TRD","CR","BSL","BSL-NGP",465,1,544.51,548.084,3.575,"ES-C53B","CW_WEAR",0.866,9,"POH_SCHEDULE",179,1,1,1,48,155,0,0,0,0.424,0.155,0.6393
ML-GEN-00493,"TRD","WR","BCT","BVI-VR",208,1,56.42,58.935,2.515,"ES-W44B","CANTILEVER_MISALIGN",0.8283,15,"DEFECT_ATTENDANCE",104,1,1,1,196,30,1,0.86,0,0.264,0.87,0.6604
ML-GEN-01744,"TRD","WR","BCT","BVI-VR",208,0,93.629,95.802,2.173,"ES-W43A","CW_WEAR",0.864,10,"AOH_SCHEDULE",223,1,1,1,243,30,0,0,0,0.553,0.529,0.6539
ML-GEN-01034,"TRD","CR","BSL","KYN-BSL",386,0,212.908,214.588,1.679,"ES-C51B","JUMPER_HOTSPOT",0.7092,11,"PREVENTIVE_MAINT",179,1,1,1,93,125,0,0,0,0.718,0.594,0.657
ML-GEN-00166,"TRD","CR","BSL","KYN-BSL",386,1,262.576,265.269,2.693,"ES-C51B","JUMPER_HOTSPOT",0.8451,11,"EMERGENCY_REPAIR",53,1,1,0,101,107,1,0.69,0,0.432,0.46,0.6433
ML-GEN-01673,"TRD","NR","DLI","NDLS-GZB",823,0,0.025,3.478,3.453,"ES-D01A","DROPPER_DEFECTIVE",0.7684,16,"EMERGENCY_REPAIR",64,1,1,1,177,30,1,0.56,0,0.593,0.505,0.641
ML-GEN-01444,"TRD","NR","DLI","NDLS-GZB",823,1,17.049,18.16,1.111,"ES-D02B","CW_WEAR",0.5948,15,"PREVENTIVE_MAINT",112,1,1,1,206,30,0,0,1,0.683,0.741,0.6475
ML-GEN-00213,"TRD","NR","DLI","GZB-MB",515,1,56.733,58.119,1.385,"ES-D04A","JUMPER_HOTSPOT",0.7578,9,"FOOT_PATROL",100,1,1,1,144,86,0,0,0,0.161,0.444,0.6157
ML-GEN-01308,"TRD","WR","BCT","BVI-VR",208,1,101.695,106.367,4.672,"ES-W44B","ANTICREEP_DEFECT",0.4299,11,"DEFECT_ATTENDANCE",138,1,1,1,200,30,1,0.53,0,0.816,0.426,0.6143
ML-GEN-00707,"TRD","CR","BSL","BSL-NGP",465,0,773.851,778.685,4.833,"ES-C54A","NEUTRAL_PTFE",0.7122,15,"PREVENTIVE_MAINT",82,1,1,0,78,130,1,0.66,0,0.857,0.183,0.6422
ML-GEN-01843,"TRD","WR","BCT","BCT-BVI",543,0,7.103,10.667,3.564,"ES-W42A","INSULATOR_FLASHOVER",0.6383,15,"DEFECT_ATTENDANCE",58,1,0,0,265,30,0,0,0,0.405,0.595,0.6452
ML-GEN-00525,"TRD","NR","DLI","NDLS-PWL",389,1,32.782,35.226,2.443,"ES-D07A","CW_WEAR",0.8837,6,"FOOT_PATROL",30,1,1,0,96,132,1,0.97,0,0.717,0.568,0.6494
ML-GEN-01579,"TRD","CR","BSL","KYN-BSL",386,1,349.015,352.299,3.284,"ES-C51B","CW_WEAR",0.8487,12,"POH_SCHEDULE",104,1,1,1,79,152,1,0.65,0,0.588,0.366,0.6454
ML-GEN-00246,"TRD","ECR","DNR","DNR-PNBE",454,1,541.112,542.043,0.931,"ES-25A","ANTICREEP_DEFECT",0.5306,16,"PREVENTIVE_MAINT",82,1,1,1,134,121,0,0,0,0.391,0.835,0.6394
ML-GEN-01428,"TRD","WR","BCT","BCT-BVI",543,0,17.648,22.394,4.746,"ES-W41B","INSULATOR_FLASHOVER",0.9195,8,"EMERGENCY_REPAIR",37,1,1,1,265,30,1,0.92,0,0.221,0.732,0.6482
ML-GEN-00596,"TRD","ECR","DNR","BXR-DNR",655,0,612.372,615.898,3.526,"ES-09A","INSULATOR_FLASHOVER",0.8871,39,"FOOT_PATROL",70,1,1,1,87,128,0,0,0,0.844,0.483,0.7237
ML-GEN-01070,"TRD","WR","BCT","BCT-BVI",543,1,35.982,40.387,4.404,"ES-W40B","INSULATOR_FLASHOVER",0.6462,21,"EMERGENCY_REPAIR",80,1,1,1,288,30,1,0.69,0,0.512,0.523,0.6428
ML-GEN-00497,"TRD","WR","BCT","BVI-VR",208,1,91.708,92.699,0.99,"ES-W43B","NEUTRAL_PTFE",0.7935,10,"PREVENTIVE_MAINT",98,1,1,1,222,30,1,0.57,0,0.392,0.594,0.6401
ML-GEN-01001,"TRD","NR","DLI","GZB-MB",515,1,54.641,56.241,1.6,"ES-D04B","NEUTRAL_PTFE",0.7556,11,"DEFECT_ATTENDANCE",44,1,1,0,135,45,0,0,1,0.86,0.519,0.6255
ML-GEN-02323,"TRD","ECR","DNR","PNBE-RJPB",870,1,545.525,547.64,2.115,"ES-18B","INSULATOR_FLASHOVER",0.6732,5,"AOH_SCHEDULE",171,1,1,1,169,30,1,0.84,1,0.139,0.454,0.6108
ML-GEN-00877,"TRD","WR","BCT","BVI-VR",208,0,105.518,109.607,4.088,"ES-W44A","STEADYARM_CORRODED",0.8052,5,"FOOT_PATROL",61,1,1,0,218,30,0,0,0,0.566,0.765,0.6268
ML-GEN-01377,"TRD","NR","DLI","NDLS-GZB",823,1,24.503,27.733,3.23,"ES-D03A","CANTILEVER_MISALIGN",0.6289,14,"AOH_SCHEDULE",225,1,1,1,171,35,1,0.95,1,0.448,0.652,0.6241
ML-GEN-00977,"TRD","CR","BSL","BSL-NGP",465,0,515.091,517.105,2.014,"ES-C53A","INSULATOR_FLASHOVER",0.6648,16,"DEFECT_ATTENDANCE",128,1,1,1,80,178,0,0,0,0.237,0.448,0.6315
ML-GEN-00185,"TRD","NR","DLI","NDLS-GZB",823,0,8.778,9.292,0.514,"ES-D02A","DROPPER_DEFECTIVE",0.5561,10,"AOH_SCHEDULE",196,1,1,1,207,30,1,0.84,0,0.634,0.463,0.6214
ML-GEN-02163,"TRD","ECR","DNR","BXR-DNR",655,0,612.899,614.666,1.767,"ES-09B","CANTILEVER_MISALIGN",0.5268,11,"AOH_SCHEDULE",224,1,1,1,91,148,1,0.73,0,0.782,0.538,0.6359
ML-GEN-02476,"TRD","CR","BSL","BSL-NGP",465,0,548.053,549.751,1.698,"ES-C53B","CW_WEAR",0.5437,11,"EMERGENCY_REPAIR",54,1,1,1,69,157,1,0.99,0,0.368,0.141,0.5938
ML-GEN-01406,"TRD","CR","BSL","KYN-BSL",386,1,132.348,134.957,2.609,"ES-C52A","CW_WEAR",0.5827,17,"AOH_SCHEDULE",238,1,1,1,80,130,1,0.77,0,0.112,0.11,0.5981
ML-GEN-02228,"TRD","CR","BSL","KYN-BSL",386,1,330.168,334.3,4.132,"ES-C51B","CANTILEVER_MISALIGN",0.6902,8,"PREVENTIVE_MAINT",144,1,1,1,85,155,1,0.8,0,0.87,0.44,0.6424
ML-GEN-00281,"TRD","NR","DLI","NDLS-GZB",823,1,7.159,8.317,1.158,"ES-D03A","JUMPER_HOTSPOT",0.9498,11,"DEFECT_ATTENDANCE",145,1,1,1,169,30,1,0.71,0,0.457,0.615,0.6316
ML-GEN-00121,"TRD","CR","BSL","BSL-NGP",465,1,736.933,739.825,2.892,"ES-C54A","JUMPER_HOTSPOT",0.7633,13,"PREVENTIVE_MAINT",56,1,1,1,79,141,1,0.97,0,0.429,0.283,0.6265
ML-GEN-01760,"TRD","CR","BSL","BSL-NGP",465,1,717.033,719.963,2.93,"ES-C54A","STEADYARM_CORRODED",0.706,15,"PREVENTIVE_MAINT",78,1,1,1,79,162,1,0.99,0,0.861,0.177,0.6533
ML-GEN-01979,"TRD","CR","BSL","BSL-NGP",465,0,583.018,584.195,1.177,"ES-C54A","JUMPER_HOTSPOT",0.923,13,"DEFECT_ATTENDANCE",136,1,1,1,60,172,1,0.9,0,0.878,0.403,0.688
ML-GEN-01420,"TRD","WR","BCT","BCT-BVI",543,1,10.017,13.296,3.279,"ES-W42A","INSULATOR_FLASHOVER",0.5966,13,"EMERGENCY_REPAIR",31,1,1,0,289,30,1,0.56,0,0.618,0.669,0.6188
ML-GEN-00106,"TRD","NR","DLI","NDLS-PWL",389,1,19.165,21.113,1.948,"ES-D06B","JUMPER_HOTSPOT",0.8286,14,"PREVENTIVE_MAINT",146,1,1,1,117,154,1,0.68,1,0.514,0.898,0.6574
ML-GEN-02361,"TRD","ECR","DNR","BXR-DNR",655,1,612.377,615.857,3.48,"ES-09C","CANTILEVER_MISALIGN",0.5348,14,"FOOT_PATROL",44,1,1,0,103,90,0,0,0,0.542,0.64,0.6291
ML-GEN-01190,"TRD","NR","DLI","GZB-MB",515,0,56.884,61.076,4.192,"ES-D05A","CW_WEAR",0.4496,15,"EMERGENCY_REPAIR",35,1,0,1,106,109,0,0,0,0.548,0.462,0.6128
ML-GEN-00805,"TRD","WR","BCT","BVI-VR",208,1,59.704,61.73,2.026,"ES-W44B","DROPPER_DEFECTIVE",0.6511,10,"PREVENTIVE_MAINT",160,1,1,1,191,30,1,0.64,0,0.545,0.791,0.6405
ML-GEN-00211,"TRD","ECR","DNR","MKA-BKP",417,1,489.457,490.145,0.688,"ES-31A","CW_WEAR",0.7677,13,"FOOT_PATROL",51,1,1,0,83,142,1,0.92,0,0.784,0.62,0.6758
ML-GEN-00720,"TRD","ECR","DNR","DNR-PNBE",454,1,541.365,542.821,1.457,"ES-25B","INSULATOR_FLASHOVER",0.9873,14,"EMERGENCY_REPAIR",60,1,1,0,126,94,1,0.56,0,0.215,0.827,0.6613
ML-GEN-01477,"TRD","NR","DLI","NDLS-GZB",823,0,21.286,23.008,1.722,"ES-D01B","CW_WEAR",0.6288,8,"FOOT_PATROL",54,1,0,1,160,30,1,0.58,0,0.57,0.465,0.6272
ML-GEN-01947,"TRD","ECR","DNR","MKA-BKP",417,0,489.287,491.597,2.31,"ES-32A","CW_WEAR",0.581,15,"POH_SCHEDULE",166,1,1,1,86,125,1,0.93,0,0.666,0.711,0.6522
ML-GEN-00609,"TRD","NR","DLI","NDLS-PWL",389,1,7.926,10.993,3.067,"ES-D06B","CANTILEVER_MISALIGN",0.9348,16,"POH_SCHEDULE",172,1,1,1,109,120,0,0,0,0.521,0.59,0.6687
ML-GEN-01850,"TRD","NR","DLI","GZB-MB",515,0,36.873,39.262,2.389,"ES-D04B","NEUTRAL_PTFE",0.6958,12,"EMERGENCY_REPAIR",36,1,0,0,138,59,1,0.95,1,0.56,0.807,0.6645
ML-GEN-02417,"TRD","CR","BSL","BSL-NGP",465,0,564.523,566.016,1.493,"ES-C53B","DROPPER_DEFECTIVE",0.7285,69,"FOOT_PATROL",102,1,1,1,75,135,0,0,0,0.781,0.324,0.7748
ML-GEN-02082,"TRD","ECR","DNR","BXR-DNR",655,0,610.532,613.502,2.97,"ES-09B","CW_WEAR",0.5297,7,"PREVENTIVE_MAINT",148,1,1,1,94,123,1,0.81,0,0.778,0.435,0.6059
ML-GEN-00779,"TRD","ECR","DNR","MKA-BKP",417,1,489.615,490.504,0.888,"ES-32A","CW_WEAR",0.5916,13,"POH_SCHEDULE",194,1,1,1,87,130,1,0.96,0,0.568,0.559,0.6416
ML-GEN-00586,"TRD","NR","DLI","GZB-MB",515,0,39.767,41.704,1.938,"ES-D04A","CW_WEAR",0.5635,9,"AOH_SCHEDULE",222,1,1,1,105,83,1,0.73,1,0.344,0.449,0.6032
ML-GEN-02090,"TRD","NR","DLI","NDLS-PWL",389,1,27.396,28.778,1.383,"ES-D06B","CW_WEAR",0.7356,11,"DEFECT_ATTENDANCE",116,1,1,1,121,95,1,0.55,0,0.243,0.724,0.6356
ML-GEN-01438,"TRD","CR","BSL","KYN-BSL",386,0,174.418,179.12,4.702,"ES-C51A","INSULATOR_FLASHOVER",0.9353,14,"EMERGENCY_REPAIR",30,1,1,1,73,147,1,0.58,0,0.209,0.129,0.6238
ML-GEN-01285,"TRD","ECR","DNR","PNBE-RJPB",870,1,546.8,547.747,0.947,"ES-18B","CW_WEAR",0.4112,17,"DEFECT_ATTENDANCE",128,1,1,1,127,99,0,0,0,0.452,0.544,0.6385
ML-GEN-02324,"TRD","NR","DLI","NDLS-GZB",823,0,11.083,13.822,2.739,"ES-D03A","JUMPER_HOTSPOT",0.8056,19,"EMERGENCY_REPAIR",90,1,1,0,190,30,1,0.82,0,0.557,0.708,0.6736
ML-GEN-01872,"TRD","WR","BCT","BVI-VR",208,0,103.64,105.396,1.756,"ES-W43A","BIRD_MENACE",0.793,14,"AOH_SCHEDULE",152,1,1,1,173,52,1,0.94,0,0.668,0.474,0.6512
ML-GEN-00966,"TRD","CR","BSL","BSL-NGP",465,1,617.355,618.031,0.676,"ES-C53A","CW_WEAR",0.751,13,"EMERGENCY_REPAIR",55,1,1,1,79,156,1,0.88,0,0.665,0.323,0.6535
ML-GEN-01615,"TRD","NR","DLI","NDLS-PWL",389,0,17.217,18.146,0.928,"ES-D07B","CANTILEVER_MISALIGN",0.8837,76,"EMERGENCY_REPAIR",69,1,1,1,106,118,0,0,1,0.226,0.426,0.77
ML-GEN-00601,"TRD","NR","DLI","GZB-MB",515,1,31.327,32.213,0.887,"ES-D04A","CW_WEAR",0.8209,7,"EMERGENCY_REPAIR",44,1,1,0,146,65,0,0,0,0.68,0.706,0.6465
ML-GEN-00530,"TRD","ECR","DNR","PNBE-RJPB",870,1,546.78,547.595,0.815,"ES-18A","DROPPER_DEFECTIVE",0.7894,8,"PREVENTIVE_MAINT",196,1,1,1,152,33,0,0,1,0.165,0.888,0.6319
ML-GEN-00879,"TRD","ECR","DNR","BXR-DNR",655,1,611.01,614.559,3.549,"ES-09A","DROPPER_DEFECTIVE",0.5797,7,"DEFECT_ATTENDANCE",63,1,1,1,104,99,0,0,0,0.492,0.854,0.6288
ML-GEN-00594,"TRD","WR","BCT","BCT-BVI",543,0,18.448,22.93,4.482,"ES-W40A","CW_WEAR",0.6651,14,"FOOT_PATROL",75,1,1,1,268,30,1,0.7,0,0.246,0.433,0.642
ML-GEN-00344,"TRD","WR","BCT","BVI-VR",208,0,92.8,97.753,4.953,"ES-W44A","CW_WEAR",0.7014,13,"DEFECT_ATTENDANCE",87,1,1,1,174,30,1,0.68,0,0.683,0.709,0.674
ML-GEN-00868,"TRD","NR","DLI","GZB-MB",515,0,37,41.277,4.277,"ES-D04B","BIRD_MENACE",0.7461,7,"PREVENTIVE_MAINT",83,1,1,1,129,92,1,0.56,1,0.104,0.804,0.6307
ML-GEN-00398,"TRD","CR","BSL","KYN-BSL",386,0,146.086,150.891,4.805,"ES-C52A","NEUTRAL_PTFE",0.6346,13,"AOH_SCHEDULE",221,1,1,1,83,163,0,0,0,0.543,0.475,0.6529
ML-GEN-02092,"TRD","CR","BSL","BSL-NGP",465,0,507.413,508.466,1.052,"ES-C54A","STEADYARM_CORRODED",0.5703,7,"FOOT_PATROL",93,1,1,1,70,161,1,0.88,0,0.684,0.226,0.6071
ML-GEN-00314,"TRD","CR","BSL","BSL-NGP",465,0,710.133,712.857,2.724,"ES-C54B","DROPPER_DEFECTIVE",0.6815,7,"AOH_SCHEDULE",127,1,1,1,71,185,1,0.62,0,0.395,0.102,0.588
ML-GEN-01364,"TRD","CR","BSL","KYN-BSL",386,1,56.773,59.828,3.055,"ES-C50B","CANTILEVER_MISALIGN",0.6208,13,"PREVENTIVE_MAINT",149,1,1,1,101,105,1,0.67,1,0.738,0.748,0.6471
ML-GEN-02465,"TRD","WR","BCT","BVI-VR",208,1,60.287,63.012,2.724,"ES-W43A","ANTICREEP_DEFECT",0.6621,9,"FOOT_PATROL",102,1,1,1,238,30,1,0.79,0,0.798,0.415,0.6222
ML-GEN-01583,"TRD","WR","BCT","BCT-BVI",543,0,24.961,28.769,3.807,"ES-W41B","INSULATOR_FLASHOVER",0.5912,12,"EMERGENCY_REPAIR",48,1,0,0,240,30,1,0.58,0,0.682,0.562,0.6302
ML-GEN-01748,"TRD","WR","BCT","BCT-BVI",543,0,29.611,34.363,4.752,"ES-W40A","CW_WEAR",0.4478,82,"PREVENTIVE_MAINT",155,1,1,1,237,30,0,0,1,0.604,0.569,0.7738
ML-GEN-01373,"TRD","WR","BCT","BCT-BVI",543,0,49.245,53.528,4.283,"ES-W40A","DROPPER_DEFECTIVE",0.5697,9,"DEFECT_ATTENDANCE",45,1,0,1,240,30,0,0,0,0.51,0.548,0.6044
ML-GEN-00971,"TRD","ECR","DNR","PNBE-RJPB",870,0,545.524,547.749,2.224,"ES-19A","JUMPER_HOTSPOT",0.7025,13,"FOOT_PATROL",86,1,1,1,148,95,1,0.79,0,0.163,0.664,0.6265
ML-GEN-01389,"TRD","NR","DLI","NDLS-PWL",389,0,28.038,30.142,2.104,"ES-D06B","CW_WEAR",0.7155,10,"PREVENTIVE_MAINT",147,1,1,1,107,71,0,0,0,0.876,0.523,0.6693
ML-GEN-01704,"TRD","CR","BSL","BSL-NGP",465,1,765.476,767.425,1.949,"ES-C53A","INSULATOR_FLASHOVER",0.8976,12,"EMERGENCY_REPAIR",95,1,1,1,66,160,0,0,0,0.136,0.236,0.6068
ML-GEN-00021,"TRD","WR","BCT","BCT-BVI",543,0,46.046,47.744,1.698,"ES-W40B","CANTILEVER_MISALIGN",0.7189,16,"FOOT_PATROL",64,1,1,1,273,30,1,0.89,1,0.315,0.525,0.6439
ML-GEN-01657,"TRD","NR","DLI","NDLS-PWL",389,0,25.585,28.916,3.331,"ES-D07B","DROPPER_DEFECTIVE",0.5936,9,"PREVENTIVE_MAINT",171,1,1,1,124,98,1,0.85,0,0.634,0.686,0.6364
ML-GEN-01058,"TRD","NR","DLI","NDLS-PWL",389,1,13.968,14.78,0.812,"ES-D07A","DROPPER_DEFECTIVE",0.411,4,"PREVENTIVE_MAINT",169,1,1,1,107,132,0,0,0,0.358,0.685,0.5796
ML-GEN-01939,"TRD","CR","BSL","KYN-BSL",386,1,414.822,417.866,3.044,"ES-C50A","CW_WEAR",0.7579,12,"POH_SCHEDULE",109,1,1,1,94,141,1,0.84,0,0.184,0.606,0.6242
ML-GEN-00238,"TRD","ECR","DNR","BXR-DNR",655,0,612.569,613.319,0.75,"ES-10A","INSULATOR_FLASHOVER",0.771,13,"POH_SCHEDULE",174,1,1,1,103,42,0,0,1,0.13,0.752,0.6539
ML-GEN-01326,"TRD","ECR","DNR","PNBE-RJPB",870,0,545.457,547.204,1.746,"ES-18B","CW_WEAR",0.6767,13,"AOH_SCHEDULE",210,1,1,1,147,48,0,0,0,0.309,0.651,0.635
ML-GEN-01668,"TRD","WR","BCT","BVI-VR",208,1,65.313,67.045,1.732,"ES-W43B","BIRD_MENACE",0.8732,11,"EMERGENCY_REPAIR",40,1,1,0,151,60,0,0,0,0.759,0.854,0.6844
ML-GEN-01291,"TRD","WR","BCT","BVI-VR",208,0,83.075,83.948,0.873,"ES-W43A","CW_WEAR",0.5311,21,"AOH_SCHEDULE",180,1,1,1,203,30,0,0,1,0.579,0.583,0.6464
ML-GEN-02197,"TRD","CR","BSL","KYN-BSL",386,0,140.423,142.097,1.674,"ES-C52A","INSULATOR_FLASHOVER",0.699,11,"PREVENTIVE_MAINT",134,1,1,1,95,151,0,0,0,0.83,0.475,0.6424
ML-GEN-00492,"TRD","CR","BSL","BSL-NGP",465,0,704.983,706.968,1.985,"ES-C53B","NEUTRAL_PTFE",0.8788,8,"DEFECT_ATTENDANCE",120,1,1,1,58,183,1,0.59,0,0.665,0.146,0.6418
ML-GEN-02272,"TRD","NR","DLI","GZB-MB",515,0,55.419,58.03,2.611,"ES-D05A","DROPPER_DEFECTIVE",0.8101,7,"EMERGENCY_REPAIR",84,1,1,1,124,110,1,0.88,0,0.35,0.594,0.6275
ML-GEN-00802,"TRD","NR","DLI","GZB-MB",515,1,58.161,61.292,3.131,"ES-D04A","CW_WEAR",0.9242,14,"FOOT_PATROL",102,1,1,1,123,125,1,0.92,0,0.439,0.618,0.6594
ML-GEN-00183,"TRD","WR","BCT","BCT-BVI",543,1,48.279,49.699,1.42,"ES-W41B","INSULATOR_FLASHOVER",0.7548,9,"PREVENTIVE_MAINT",148,1,1,1,270,30,1,0.92,0,0.337,0.888,0.6274
ML-GEN-00389,"TRD","NR","DLI","NDLS-PWL",389,0,44.136,48.911,4.775,"ES-D06B","CW_WEAR",0.6101,8,"POH_SCHEDULE",154,1,1,1,87,137,1,0.56,0,0.279,0.594,0.6103
ML-GEN-00547,"TRD","CR","BSL","KYN-BSL",386,0,153.002,154.983,1.981,"ES-C51B","DROPPER_DEFECTIVE",0.5892,19,"DEFECT_ATTENDANCE",100,1,1,1,98,130,1,0.63,0,0.49,0.861,0.6697
ML-GEN-00012,"TRD","WR","BCT","BCT-BVI",543,0,7.383,9.989,2.607,"ES-W41A","NEUTRAL_PTFE",0.7759,6,"AOH_SCHEDULE",162,1,1,1,229,30,1,0.94,0,0.297,0.689,0.6367
ML-GEN-01480,"TRD","NR","DLI","GZB-MB",515,0,57.687,61.735,4.048,"ES-D04A","INSULATOR_FLASHOVER",0.7205,13,"FOOT_PATROL",60,1,1,1,117,96,1,0.51,1,0.399,0.541,0.653
ML-GEN-00528,"TRD","NR","DLI","NDLS-PWL",389,1,49.425,50.036,0.61,"ES-D07B","STEADYARM_CORRODED",0.5817,14,"POH_SCHEDULE",163,1,1,1,111,115,0,0,0,0.452,0.648,0.6108
ML-GEN-00184,"TRD","ECR","DNR","BXR-DNR",655,1,611.115,613.902,2.787,"ES-09B","CW_WEAR",0.6947,64,"AOH_SCHEDULE",147,1,1,1,102,136,1,0.61,1,0.58,0.416,0.7294
ML-GEN-00569,"TRD","ECR","DNR","MKA-BKP",417,0,489.348,490.378,1.03,"ES-32A","INSULATOR_FLASHOVER",0.721,16,"AOH_SCHEDULE",207,1,1,1,79,159,0,0,0,0.662,0.313,0.637
ML-GEN-01753,"TRD","NR","DLI","NDLS-GZB",823,1,5.59,7.488,1.898,"ES-D01B","DROPPER_DEFECTIVE",0.7697,13,"AOH_SCHEDULE",121,1,1,1,223,30,1,0.65,0,0.586,0.688,0.6625
ML-GEN-02101,"TRD","CR","BSL","BSL-NGP",465,1,576.439,578.996,2.557,"ES-C54B","INSULATOR_FLASHOVER",0.7326,6,"PREVENTIVE_MAINT",144,1,1,1,57,192,0,0,0,0.685,0.27,0.6134
ML-GEN-00872,"TRD","NR","DLI","NDLS-PWL",389,1,18.159,22.14,3.981,"ES-D06A","CW_WEAR",0.4876,21,"POH_SCHEDULE",102,1,1,1,136,73,0,0,0,0.242,0.541,0.643
ML-GEN-00773,"TRD","WR","BCT","BVI-VR",208,0,101.339,105.779,4.44,"ES-W43A","BIRD_MENACE",0.7436,8,"EMERGENCY_REPAIR",41,1,1,0,192,30,0,0,0,0.189,0.635,0.6344
ML-GEN-01388,"TRD","NR","DLI","GZB-MB",515,0,61.021,62.927,1.905,"ES-D04A","INSULATOR_FLASHOVER",0.8915,14,"DEFECT_ATTENDANCE",100,1,1,1,109,130,0,0,0,0.548,0.657,0.6423
ML-GEN-01006,"TRD","WR","BCT","BCT-BVI",543,0,39.671,42.696,3.025,"ES-W41A","ANTICREEP_DEFECT",0.4831,12,"PREVENTIVE_MAINT",108,1,1,1,199,30,1,0.54,0,0.749,0.617,0.6087
ML-GEN-02189,"TRD","ECR","DNR","PNBE-RJPB",870,0,546.212,548.21,1.997,"ES-19A","BIRD_MENACE",0.9236,8,"FOOT_PATROL",88,1,1,0,125,111,1,0.7,0,0.346,0.738,0.6475
ML-GEN-00975,"TRD","WR","BCT","BVI-VR",208,0,65.065,69.867,4.802,"ES-W43A","CW_WEAR",0.4323,10,"EMERGENCY_REPAIR",82,1,1,1,181,30,1,0.7,0,0.366,0.473,0.6018
ML-GEN-01459,"TRD","WR","BCT","BVI-VR",208,1,75.95,80.834,4.884,"ES-W43A","NEUTRAL_PTFE",0.7759,13,"PREVENTIVE_MAINT",83,1,1,1,180,30,0,0,0,0.601,0.591,0.6536
ML-GEN-01359,"TRD","NR","DLI","NDLS-GZB",823,0,14.231,18.192,3.961,"ES-D01A","CW_WEAR",0.753,14,"FOOT_PATROL",99,1,1,1,181,30,1,0.94,1,0.528,0.547,0.6381
ML-GEN-01042,"TRD","WR","BCT","BCT-BVI",543,0,16.228,18.391,2.163,"ES-W42A","ANTICREEP_DEFECT",0.703,6,"DEFECT_ATTENDANCE",154,1,1,1,307,30,1,0.69,0,0.612,0.585,0.6244
ML-GEN-01116,"TRD","WR","BCT","BCT-BVI",543,0,7.505,10.732,3.227,"ES-W41B","ANTICREEP_DEFECT",0.4435,5,"AOH_SCHEDULE",188,1,1,1,269,30,1,0.55,0,0.475,0.658,0.5979
ML-GEN-01033,"TRD","NR","DLI","NDLS-PWL",389,1,45.163,47.186,2.023,"ES-D06B","BIRD_MENACE",0.9111,68,"AOH_SCHEDULE",123,1,1,1,110,98,1,0.78,0,0.262,0.565,0.7683
ML-GEN-00618,"TRD","NR","DLI","NDLS-GZB",823,1,21.166,25.491,4.325,"ES-D03A","STEADYARM_CORRODED",0.5414,13,"AOH_SCHEDULE",183,1,1,1,163,63,1,0.65,0,0.266,0.776,0.6256
ML-GEN-01925,"TRD","ECR","DNR","PNBE-RJPB",870,1,545.733,547.355,1.622,"ES-18A","JUMPER_HOTSPOT",0.7673,16,"EMERGENCY_REPAIR",51,1,1,0,133,86,1,0.94,0,0.81,0.678,0.6647
ML-GEN-02397,"TRD","NR","DLI","NDLS-PWL",389,0,0.73,3.65,2.92,"ES-D07B","JUMPER_HOTSPOT",0.8767,7,"POH_SCHEDULE",130,1,1,1,100,152,0,0,0,0.561,0.771,0.6446
ML-GEN-02261,"TRD","WR","BCT","BVI-VR",208,1,57.034,61.453,4.419,"ES-W44A","CW_WEAR",0.4849,14,"AOH_SCHEDULE",159,1,1,1,190,30,0,0,1,0.108,0.431,0.6085
ML-GEN-00443,"TRD","WR","BCT","BVI-VR",208,1,75.854,78.804,2.949,"ES-W44B","ANTICREEP_DEFECT",0.5544,9,"DEFECT_ATTENDANCE",116,1,1,1,201,30,1,0.8,1,0.248,0.522,0.596
ML-GEN-01901,"TRD","WR","BCT","BVI-VR",208,0,75.351,76.716,1.365,"ES-W44B","CW_WEAR",0.5142,9,"AOH_SCHEDULE",194,1,1,1,194,30,0,0,0,0.816,0.464,0.6261
ML-GEN-01296,"TRD","WR","BCT","BCT-BVI",543,1,29.627,31.107,1.48,"ES-W41B","CW_WEAR",0.8189,20,"AOH_SCHEDULE",143,1,1,1,310,30,1,0.7,1,0.837,0.542,0.6786
ML-GEN-00489,"TRD","CR","BSL","KYN-BSL",386,0,359.566,363.615,4.05,"ES-C51A","NEUTRAL_PTFE",0.7673,4,"FOOT_PATROL",105,1,1,1,84,141,0,0,0,0.655,0.741,0.6554
ML-GEN-00661,"TRD","ECR","DNR","PNBE-RJPB",870,1,545.386,546.322,0.936,"ES-18A","DROPPER_DEFECTIVE",0.5581,15,"FOOT_PATROL",102,1,1,1,155,53,1,0.69,1,0.552,0.893,0.6422
ML-GEN-00301,"TRD","WR","BCT","BCT-BVI",543,0,0.211,3.642,3.431,"ES-W40A","DROPPER_DEFECTIVE",0.8521,11,"PREVENTIVE_MAINT",150,1,1,1,308,30,1,0.77,0,0.553,0.718,0.6621
ML-GEN-00042,"TRD","CR","BSL","BSL-NGP",465,1,765.713,768.427,2.714,"ES-C53B","CW_WEAR",0.5762,11,"EMERGENCY_REPAIR",53,1,0,1,71,145,1,0.66,0,0.245,0.356,0.5978
ML-GEN-01889,"TRD","ECR","DNR","BXR-DNR",655,1,614.28,615.448,1.168,"ES-09B","CANTILEVER_MISALIGN",0.8047,13,"AOH_SCHEDULE",155,1,1,1,127,82,1,0.77,0,0.849,0.427,0.6622
ML-GEN-00283,"TRD","NR","DLI","GZB-MB",515,0,40.004,40.875,0.871,"ES-D05B","CW_WEAR",0.6595,13,"DEFECT_ATTENDANCE",60,1,1,1,104,69,0,0,1,0.841,0.546,0.6495
ML-GEN-00280,"TRD","ECR","DNR","DNR-PNBE",454,0,541.732,542.867,1.135,"ES-25B","INSULATOR_FLASHOVER",0.7435,13,"EMERGENCY_REPAIR",71,1,1,0,132,99,0,0,1,0.12,0.66,0.6374
ML-GEN-01716,"TRD","CR","BSL","BSL-NGP",465,1,588.045,589.462,1.417,"ES-C54A","CW_WEAR",0.5776,9,"POH_SCHEDULE",152,1,1,1,70,156,1,0.71,0,0.101,0.169,0.5942
ML-GEN-02038,"TRD","WR","BCT","BCT-BVI",543,0,48.144,51.209,3.065,"ES-W42A","DROPPER_DEFECTIVE",0.4811,14,"PREVENTIVE_MAINT",106,1,1,1,269,30,1,0.78,0,0.228,0.411,0.6038
ML-GEN-00248,"TRD","CR","BSL","KYN-BSL",386,1,177.168,180.421,3.253,"ES-C51B","STEADYARM_CORRODED",0.6497,10,"POH_SCHEDULE",172,1,1,1,100,134,0,0,0,0.567,0.41,0.6348
ML-GEN-01085,"TRD","CR","BSL","BSL-NGP",465,0,454.764,455.652,0.888,"ES-C54A","INSULATOR_FLASHOVER",0.6547,9,"POH_SCHEDULE",118,1,1,1,57,216,0,0,0,0.193,0.428,0.6168
ML-GEN-02486,"TRD","ECR","DNR","BXR-DNR",655,1,610.215,613.092,2.878,"ES-10A","INSULATOR_FLASHOVER",0.6786,11,"PREVENTIVE_MAINT",116,1,1,1,99,122,0,0,0,0.87,0.616,0.6477
ML-GEN-02201,"TRD","NR","DLI","GZB-MB",515,0,51.076,52.224,1.148,"ES-D05A","ANTICREEP_DEFECT",0.4931,7,"POH_SCHEDULE",190,1,1,1,133,79,1,0.84,0,0.391,0.503,0.5869
ML-GEN-00011,"TRD","NR","DLI","NDLS-PWL",389,1,20.527,24.995,4.468,"ES-D06A","CW_WEAR",0.7408,16,"PREVENTIVE_MAINT",89,1,1,1,98,144,0,0,0,0.857,0.681,0.6794
ML-GEN-02339,"TRD","CR","BSL","BSL-NGP",465,1,465.013,466.729,1.715,"ES-C53B","CW_WEAR",0.8504,16,"POH_SCHEDULE",142,1,1,1,77,175,1,0.59,0,0.621,0.212,0.6514
ML-GEN-00770,"TRD","ECR","DNR","DNR-PNBE",454,1,540.276,542.452,2.175,"ES-25A","JUMPER_HOTSPOT",0.7848,11,"PREVENTIVE_MAINT",189,1,1,1,125,64,1,0.67,1,0.423,0.732,0.6338
ML-GEN-01705,"TRD","ECR","DNR","MKA-BKP",417,0,489.508,491.839,2.331,"ES-31B","STEADYARM_CORRODED",0.6858,10,"EMERGENCY_REPAIR",88,1,1,1,80,150,1,0.92,0,0.59,0.389,0.6292
ML-GEN-02453,"TRD","NR","DLI","GZB-MB",515,0,47.916,51.322,3.406,"ES-D05B","CANTILEVER_MISALIGN",0.5204,12,"FOOT_PATROL",114,1,1,1,129,111,1,0.96,1,0.336,0.737,0.5926
ML-GEN-00436,"TRD","NR","DLI","NDLS-PWL",389,0,35.45,36.181,0.731,"ES-D07A","JUMPER_HOTSPOT",0.7548,9,"DEFECT_ATTENDANCE",122,1,1,1,107,120,1,0.69,0,0.39,0.591,0.6647
ML-GEN-01106,"TRD","NR","DLI","NDLS-GZB",823,1,1.217,4.594,3.377,"ES-D01A","CW_WEAR",0.5461,12,"POH_SCHEDULE",108,1,1,1,187,30,0,0,0,0.863,0.401,0.6223
ML-GEN-00509,"TRD","WR","BCT","BCT-BVI",543,0,40.087,41.54,1.453,"ES-W41A","ANTICREEP_DEFECT",0.4726,12,"FOOT_PATROL",95,1,1,1,299,30,1,0.72,1,0.305,0.686,0.6145
ML-GEN-00318,"TRD","NR","DLI","GZB-MB",515,1,42.466,46.62,4.153,"ES-D05B","DROPPER_DEFECTIVE",0.4991,9,"PREVENTIVE_MAINT",91,1,1,1,113,105,1,0.5,0,0.503,0.402,0.5802
ML-GEN-02414,"TRD","WR","BCT","BVI-VR",208,1,59.223,64.162,4.939,"ES-W44B","DROPPER_DEFECTIVE",0.4447,8,"FOOT_PATROL",112,1,1,1,203,30,1,0.75,0,0.283,0.687,0.6104
ML-GEN-01582,"TRD","ECR","DNR","PNBE-RJPB",870,0,545.068,546.024,0.956,"ES-19A","DROPPER_DEFECTIVE",0.8151,9,"DEFECT_ATTENDANCE",119,1,1,1,147,70,1,0.9,1,0.601,0.817,0.6493
ML-GEN-00022,"TRD","WR","BCT","BCT-BVI",543,1,33.698,35.453,1.755,"ES-W40B","INSULATOR_FLASHOVER",0.8792,13,"AOH_SCHEDULE",182,1,1,1,299,30,1,0.82,0,0.157,0.856,0.6578
ML-GEN-00036,"TRD","NR","DLI","GZB-MB",515,0,58.997,61.731,2.734,"ES-D04A","CANTILEVER_MISALIGN",0.6516,13,"FOOT_PATROL",128,1,1,1,119,87,1,0.94,0,0.267,0.714,0.6194
ML-GEN-02205,"TRD","CR","BSL","BSL-NGP",465,0,558.402,561.511,3.109,"ES-C53A","INSULATOR_FLASHOVER",0.7403,12,"PREVENTIVE_MAINT",78,1,1,1,67,186,1,0.92,0,0.724,0.488,0.6504
ML-GEN-01808,"TRD","NR","DLI","NDLS-GZB",823,1,6.055,9.019,2.964,"ES-D02A","CW_WEAR",0.683,10,"POH_SCHEDULE",95,1,1,1,171,30,0,0,0,0.689,0.52,0.6309
ML-GEN-01698,"TRD","NR","DLI","NDLS-GZB",823,1,13.378,17.929,4.552,"ES-D03A","JUMPER_HOTSPOT",0.8118,11,"FOOT_PATROL",67,1,1,1,190,30,0,0,0,0.586,0.44,0.6432
ML-GEN-02047,"TRD","WR","BCT","BVI-VR",208,0,98.206,102.531,4.325,"ES-W44A","CW_WEAR",0.7032,17,"PREVENTIVE_MAINT",133,1,1,1,189,44,0,0,1,0.121,0.576,0.6568
ML-GEN-00255,"TRD","NR","DLI","NDLS-PWL",389,0,44.881,48.444,3.563,"ES-D07B","INSULATOR_FLASHOVER",0.5871,11,"POH_SCHEDULE",134,1,1,1,114,87,1,0.78,0,0.516,0.741,0.6222
ML-GEN-01475,"TRD","CR","BSL","BSL-NGP",465,1,729.156,733.581,4.425,"ES-C53A","DROPPER_DEFECTIVE",0.6208,15,"PREVENTIVE_MAINT",85,1,1,1,76,162,1,0.97,0,0.812,0.288,0.6675
ML-GEN-00845,"TRD","NR","DLI","NDLS-GZB",823,1,25.394,27.279,1.884,"ES-D03A","DROPPER_DEFECTIVE",0.7676,14,"AOH_SCHEDULE",204,1,1,1,158,51,0,0,0,0.551,0.625,0.6582
ML-GEN-01973,"TRD","WR","BCT","BCT-BVI",543,0,46.925,47.447,0.522,"ES-W42A","NEUTRAL_PTFE",0.6899,11,"PREVENTIVE_MAINT",114,1,1,1,224,30,1,0.74,0,0.612,0.567,0.6371
ML-GEN-01429,"TRD","WR","BCT","BCT-BVI",543,1,16.188,18.42,2.232,"ES-W42A","DROPPER_DEFECTIVE",0.6316,13,"DEFECT_ATTENDANCE",83,1,1,0,318,30,1,0.81,1,0.311,0.852,0.6459
ML-GEN-01343,"TRD","CR","BSL","BSL-NGP",465,0,607.3,608.925,1.624,"ES-C54B","JUMPER_HOTSPOT",0.7371,14,"POH_SCHEDULE",125,1,1,1,70,119,0,0,0,0.862,0.19,0.646
ML-GEN-00555,"TRD","CR","BSL","KYN-BSL",386,0,266.173,271.086,4.913,"ES-C50B","CW_WEAR",0.8321,8,"EMERGENCY_REPAIR",92,1,1,1,102,114,1,0.98,0,0.708,0.453,0.646
ML-GEN-01768,"TRD","ECR","DNR","BXR-DNR",655,1,612.76,615.199,2.439,"ES-09A","CW_WEAR",0.5476,5,"POH_SCHEDULE",208,1,1,1,109,101,1,0.81,1,0.536,0.61,0.6158
ML-GEN-01959,"TRD","CR","BSL","BSL-NGP",465,0,529.503,534.174,4.671,"ES-C54A","STEADYARM_CORRODED",0.7688,12,"DEFECT_ATTENDANCE",77,1,1,1,78,113,1,0.99,0,0.562,0.461,0.6466
ML-GEN-00439,"TRD","NR","DLI","NDLS-PWL",389,0,39.417,41.148,1.731,"ES-D06B","DROPPER_DEFECTIVE",0.6999,8,"AOH_SCHEDULE",132,1,1,1,95,108,0,0,0,0.442,0.778,0.6362
ML-GEN-00529,"TRD","ECR","DNR","MKA-BKP",417,0,491.524,492.159,0.635,"ES-32A","INSULATOR_FLASHOVER",0.6026,13,"DEFECT_ATTENDANCE",74,1,1,1,96,98,1,0.81,0,0.225,0.62,0.6316
ML-GEN-01827,"TRD","WR","BCT","BVI-VR",208,0,63.836,68.299,4.463,"ES-W43A","CW_WEAR",0.4263,14,"DEFECT_ATTENDANCE",103,1,1,1,232,30,0,0,1,0.577,0.554,0.6111
ML-GEN-01472,"TRD","CR","BSL","KYN-BSL",386,1,131.629,133.411,1.782,"ES-C51A","INSULATOR_FLASHOVER",0.8944,11,"EMERGENCY_REPAIR",82,1,1,1,90,102,1,0.61,0,0.731,0.687,0.6701
ML-GEN-01260,"TRD","CR","BSL","KYN-BSL",386,0,103.113,106.931,3.818,"ES-C50A","INSULATOR_FLASHOVER",0.7786,12,"DEFECT_ATTENDANCE",78,1,1,0,91,133,0,0,0,0.819,0.733,0.6596
ML-GEN-00346,"TRD","NR","DLI","NDLS-GZB",823,0,24.444,26.146,1.703,"ES-D02A","NEUTRAL_PTFE",0.7997,5,"FOOT_PATROL",86,1,1,0,159,38,1,0.83,1,0.558,0.869,0.6535
ML-GEN-01750,"TRD","NR","DLI","GZB-MB",515,0,41.505,43.043,1.538,"ES-D04A","DROPPER_DEFECTIVE",0.5094,12,"DEFECT_ATTENDANCE",107,1,1,1,131,105,1,0.74,0,0.146,0.798,0.6011
ML-GEN-01421,"TRD","NR","DLI","GZB-MB",515,1,55.412,57.876,2.464,"ES-D05A","ANTICREEP_DEFECT",0.7295,15,"EMERGENCY_REPAIR",62,1,1,1,118,95,1,0.79,0,0.406,0.765,0.6586
ML-GEN-02305,"TRD","CR","BSL","KYN-BSL",386,1,127.188,130.287,3.099,"ES-C52A","INSULATOR_FLASHOVER",0.7308,49,"FOOT_PATROL",117,1,1,1,92,106,1,0.81,0,0.805,0.572,0.7318
ML-GEN-00761,"TRD","NR","DLI","GZB-MB",515,1,52.225,53.517,1.292,"ES-D04B","ANTICREEP_DEFECT",0.4555,12,"EMERGENCY_REPAIR",30,1,0,1,110,112,1,0.88,0,0.788,0.409,0.6153
ML-GEN-00261,"TRD","CR","BSL","KYN-BSL",386,1,212.985,214.423,1.438,"ES-C50A","DROPPER_DEFECTIVE",0.549,14,"POH_SCHEDULE",103,1,1,1,84,137,1,1,0,0.527,0.487,0.6079
ML-GEN-02068,"TRD","CR","BSL","KYN-BSL",386,1,302.19,304.285,2.095,"ES-C51B","STEADYARM_CORRODED",0.5219,9,"DEFECT_ATTENDANCE",130,1,1,1,83,127,0,0,0,0.531,0.808,0.6286
ML-GEN-02033,"TRD","ECR","DNR","PNBE-RJPB",870,1,545.333,546.327,0.994,"ES-19A","STEADYARM_CORRODED",0.3562,4,"POH_SCHEDULE",178,1,1,1,141,101,0,0,0,0.379,0.878,0.6096
ML-GEN-02085,"TRD","CR","BSL","KYN-BSL",386,0,246.26,246.788,0.528,"ES-C50A","CW_WEAR",0.5678,77,"FOOT_PATROL",113,1,1,1,111,120,1,0.93,0,0.148,0.486,0.7432
ML-GEN-00735,"TRD","ECR","DNR","PNBE-RJPB",870,1,546.894,547.791,0.897,"ES-18B","INSULATOR_FLASHOVER",0.6681,9,"FOOT_PATROL",51,1,1,0,153,30,1,0.68,0,0.86,0.669,0.6457
ML-GEN-00383,"TRD","CR","BSL","BSL-NGP",465,0,524.19,525.78,1.59,"ES-C53B","INSULATOR_FLASHOVER",0.8382,12,"FOOT_PATROL",43,1,1,1,77,139,1,0.67,0,0.854,0.169,0.646
ML-GEN-00767,"TRD","NR","DLI","GZB-MB",515,1,55.532,58.672,3.14,"ES-D05B","CANTILEVER_MISALIGN",0.8034,14,"FOOT_PATROL",71,1,1,1,116,76,1,0.95,0,0.545,0.795,0.6682
ML-GEN-01239,"TRD","CR","BSL","KYN-BSL",386,0,72.996,75.215,2.219,"ES-C52A","STEADYARM_CORRODED",0.6462,6,"DEFECT_ATTENDANCE",90,1,1,1,87,107,1,0.66,0,0.29,0.579,0.626
ML-GEN-00507,"TRD","NR","DLI","NDLS-GZB",823,0,2.598,4.32,1.722,"ES-D01A","CW_WEAR",0.6522,7,"FOOT_PATROL",54,1,1,1,174,30,1,0.68,0,0.274,0.556,0.6202
ML-GEN-00158,"TRD","WR","BCT","BVI-VR",208,1,75.921,77.348,1.427,"ES-W44B","INSULATOR_FLASHOVER",0.6045,19,"DEFECT_ATTENDANCE",104,1,1,1,185,30,1,0.97,0,0.128,0.484,0.633
ML-GEN-00212,"TRD","NR","DLI","GZB-MB",515,1,59.295,61.054,1.759,"ES-D05A","JUMPER_HOTSPOT",0.8044,14,"DEFECT_ATTENDANCE",78,1,1,1,137,84,1,0.85,0,0.384,0.47,0.6583
ML-GEN-00724,"TRD","WR","BCT","BCT-BVI",543,0,53.336,53.936,0.6,"ES-W42A","CW_WEAR",0.7669,13,"POH_SCHEDULE",104,1,1,1,219,30,1,0.68,0,0.738,0.811,0.6704
ML-GEN-00768,"TRD","NR","DLI","NDLS-GZB",823,0,7.176,9.58,2.404,"ES-D03A","CW_WEAR",0.5372,13,"FOOT_PATROL",93,1,1,1,178,30,1,0.62,0,0.6,0.606,0.6421
ML-GEN-00725,"TRD","CR","BSL","KYN-BSL",386,1,214.903,219.682,4.779,"ES-C50B","BIRD_MENACE",0.9039,13,"FOOT_PATROL",90,1,1,1,87,166,1,0.81,0,0.344,0.541,0.6464
ML-GEN-00001,"TRD","CR","BSL","BSL-NGP",465,0,643.732,648.402,4.67,"ES-C54A","INSULATOR_FLASHOVER",0.9612,10,"AOH_SCHEDULE",174,1,1,1,88,112,0,0,0,0.5,0.525,0.6571
ML-GEN-02471,"TRD","WR","BCT","BVI-VR",208,1,67.624,68.221,0.596,"ES-W43A","CW_WEAR",0.5827,11,"POH_SCHEDULE",157,1,1,1,191,30,0,0,0,0.811,0.714,0.6291
ML-GEN-01960,"TRD","CR","BSL","KYN-BSL",386,0,94.487,96.778,2.29,"ES-C50B","JUMPER_HOTSPOT",0.8929,11,"POH_SCHEDULE",133,1,1,1,87,165,0,0,0,0.743,0.747,0.6779
ML-GEN-00885,"TRD","ECR","DNR","BXR-DNR",655,1,610.503,611.868,1.364,"ES-09C","INSULATOR_FLASHOVER",0.6686,10,"PREVENTIVE_MAINT",116,1,1,1,96,128,1,0.54,0,0.233,0.431,0.6193
ML-GEN-00608,"TRD","NR","DLI","NDLS-GZB",823,1,25.587,28.827,3.239,"ES-D02B","BIRD_MENACE",0.6422,14,"POH_SCHEDULE",114,1,1,1,160,40,0,0,0,0.154,0.459,0.6304
ML-GEN-01261,"TRD","ECR","DNR","DNR-PNBE",454,1,541.66,543.986,2.326,"ES-24A","INSULATOR_FLASHOVER",0.7333,37,"AOH_SCHEDULE",228,1,1,1,118,99,1,0.88,1,0.725,0.536,0.6909
ML-GEN-00543,"TRD","ECR","DNR","MKA-BKP",417,0,489.178,491.024,1.847,"ES-31B","INSULATOR_FLASHOVER",0.7911,6,"POH_SCHEDULE",98,1,1,1,82,154,1,0.74,0,0.505,0.446,0.6226
ML-GEN-02313,"TRD","WR","BCT","BCT-BVI",543,0,51.957,52.747,0.79,"ES-W40B","CW_WEAR",0.5856,11,"FOOT_PATROL",78,1,1,1,248,30,1,0.87,1,0.501,0.859,0.6289
ML-GEN-02070,"TRD","ECR","DNR","BXR-DNR",655,0,610.213,613.568,3.355,"ES-09B","CW_WEAR",0.4585,11,"POH_SCHEDULE",191,1,1,1,115,83,1,0.75,1,0.106,0.766,0.6012
ML-GEN-00837,"TRD","CR","BSL","KYN-BSL",386,0,302.303,303.933,1.63,"ES-C51A","CANTILEVER_MISALIGN",0.902,10,"EMERGENCY_REPAIR",111,1,1,1,80,157,1,0.95,0,0.687,0.283,0.6467
ML-GEN-00440,"TRD","NR","DLI","GZB-MB",515,0,30.26,32.136,1.876,"ES-D04B","CANTILEVER_MISALIGN",0.583,10,"PREVENTIVE_MAINT",140,1,1,1,116,88,1,0.96,0,0.328,0.789,0.6146
ML-GEN-02446,"TRD","CR","BSL","KYN-BSL",386,0,318.736,323.588,4.851,"ES-C51A","CW_WEAR",0.6258,11,"DEFECT_ATTENDANCE",131,1,1,1,106,90,1,0.95,0,0.455,0.801,0.6236
ML-GEN-00898,"TRD","CR","BSL","BSL-NGP",465,0,498.727,500.929,2.202,"ES-C54A","DROPPER_DEFECTIVE",0.6196,11,"EMERGENCY_REPAIR",48,1,0,1,71,153,1,0.53,0,0.333,0.396,0.6003
ML-GEN-01722,"TRD","ECR","DNR","PNBE-RJPB",870,0,545.688,546.412,0.724,"ES-19A","CANTILEVER_MISALIGN",0.8273,18,"EMERGENCY_REPAIR",80,1,1,0,125,101,1,0.53,1,0.536,0.523,0.663
ML-GEN-01094,"TRD","ECR","DNR","MKA-BKP",417,1,490.227,491.832,1.604,"ES-32A","CW_WEAR",0.7048,14,"FOOT_PATROL",69,1,1,0,88,138,1,0.97,0,0.716,0.592,0.6489
ML-GEN-01972,"TRD","NR","DLI","NDLS-PWL",389,0,50.837,53.69,2.853,"ES-D07B","ANTICREEP_DEFECT",0.4518,16,"EMERGENCY_REPAIR",65,1,1,1,116,102,0,0,1,0.719,0.738,0.6549
ML-GEN-01201,"TRD","WR","BCT","BVI-VR",208,0,104.423,105.349,0.926,"ES-W43B","INSULATOR_FLASHOVER",0.8585,9,"AOH_SCHEDULE",104,1,1,1,189,30,1,0.82,1,0.104,0.439,0.6363
ML-GEN-02181,"TRD","ECR","DNR","BXR-DNR",655,0,610.24,613.4,3.16,"ES-09B","STEADYARM_CORRODED",0.5526,80,"DEFECT_ATTENDANCE",60,1,0,1,87,156,1,0.55,0,0.344,0.529,0.7555
ML-GEN-00657,"TRD","WR","BCT","BCT-BVI",543,1,8.026,9.502,1.476,"ES-W40A","INSULATOR_FLASHOVER",0.6486,23,"POH_SCHEDULE",141,1,1,1,236,30,0,0,0,0.829,0.723,0.6838
ML-GEN-00703,"TRD","NR","DLI","NDLS-GZB",823,1,10.661,14.366,3.705,"ES-D02A","CW_WEAR",0.7294,13,"FOOT_PATROL",94,1,1,1,177,30,0,0,1,0.765,0.813,0.6486
ML-GEN-00388,"TRD","ECR","DNR","BXR-DNR",655,0,613.162,615.39,2.227,"ES-09C","INSULATOR_FLASHOVER",0.6975,9,"PREVENTIVE_MAINT",72,1,1,0,107,114,1,0.96,0,0.357,0.499,0.6183
ML-GEN-01732,"TRD","CR","BSL","KYN-BSL",386,0,85.522,88.766,3.245,"ES-C50B","CW_WEAR",0.4756,10,"AOH_SCHEDULE",192,1,1,1,87,142,1,0.7,0,0.712,0.539,0.6247
ML-GEN-00984,"TRD","WR","BCT","BVI-VR",208,0,86.911,87.477,0.566,"ES-W44B","INSULATOR_FLASHOVER",0.7909,12,"EMERGENCY_REPAIR",85,1,1,1,203,30,1,0.78,1,0.793,0.765,0.655
ML-GEN-00063,"TRD","CR","BSL","BSL-NGP",465,0,792.484,796.835,4.351,"ES-C53B","BIRD_MENACE",0.7641,42,"FOOT_PATROL",85,1,1,0,89,136,0,0,0,0.285,0.446,0.6812
ML-GEN-01113,"TRD","ECR","DNR","MKA-BKP",417,1,491.883,492.876,0.993,"ES-31B","DROPPER_DEFECTIVE",0.7058,15,"EMERGENCY_REPAIR",57,1,1,1,100,85,0,0,0,0.247,0.431,0.6139
ML-GEN-01984,"TRD","NR","DLI","NDLS-GZB",823,1,16.238,18.067,1.829,"ES-D02A","CW_WEAR",0.4125,18,"FOOT_PATROL",51,1,0,1,158,111,0,0,0,0.464,0.855,0.6383
ML-GEN-00861,"TRD","WR","BCT","BCT-BVI",543,1,32.096,35.718,3.622,"ES-W40A","CANTILEVER_MISALIGN",0.7333,13,"POH_SCHEDULE",151,1,1,1,195,30,1,0.59,0,0.459,0.616,0.6329
ML-GEN-00193,"TRD","NR","DLI","NDLS-PWL",389,0,47.828,51.356,3.528,"ES-D07B","INSULATOR_FLASHOVER",0.7261,16,"AOH_SCHEDULE",211,1,1,1,123,100,0,0,0,0.474,0.609,0.6331
ML-GEN-01292,"TRD","WR","BCT","BCT-BVI",543,1,49.966,50.702,0.735,"ES-W41A","NEUTRAL_PTFE",0.7544,15,"AOH_SCHEDULE",161,1,1,1,234,30,0,0,0,0.656,0.462,0.6447
ML-GEN-00983,"TRD","NR","DLI","GZB-MB",515,0,45.745,48.287,2.542,"ES-D04A","INSULATOR_FLASHOVER",0.5642,10,"EMERGENCY_REPAIR",42,1,0,0,107,124,1,0.74,1,0.826,0.612,0.6319
ML-GEN-02117,"TRD","WR","BCT","BVI-VR",208,1,100.869,102.134,1.265,"ES-W43A","CW_WEAR",0.3994,11,"PREVENTIVE_MAINT",63,1,1,1,163,33,0,0,0,0.218,0.566,0.6123
ML-GEN-02329,"TRD","NR","DLI","NDLS-GZB",823,1,4.096,8.044,3.948,"ES-D01A","CW_WEAR",0.6557,12,"PREVENTIVE_MAINT",169,1,1,1,183,30,1,0.87,0,0.78,0.555,0.6303
ML-GEN-01454,"TRD","ECR","DNR","DNR-PNBE",454,0,540.909,541.994,1.086,"ES-25A","JUMPER_HOTSPOT",0.9627,8,"POH_SCHEDULE",113,1,1,1,98,117,1,0.71,0,0.485,0.721,0.6652
ML-GEN-00173,"TRD","ECR","DNR","PNBE-RJPB",870,1,546.245,547.861,1.616,"ES-18A","DROPPER_DEFECTIVE",0.4465,10,"PREVENTIVE_MAINT",110,1,1,1,140,95,1,0.99,0,0.204,0.59,0.5926
ML-GEN-00732,"TRD","ECR","DNR","MKA-BKP",417,1,490.485,491.98,1.495,"ES-31B","INSULATOR_FLASHOVER",0.6455,10,"AOH_SCHEDULE",227,1,1,1,75,143,1,0.94,0,0.267,0.496,0.614
ML-GEN-00706,"TRD","WR","BCT","BCT-BVI",543,1,1.42,4.002,2.582,"ES-W40B","JUMPER_HOTSPOT",0.831,10,"PREVENTIVE_MAINT",73,1,1,0,276,30,1,0.79,0,0.521,0.677,0.6464
ML-GEN-02183,"TRD","NR","DLI","NDLS-PWL",389,1,1.15,6.014,4.864,"ES-D07B","BIRD_MENACE",0.9031,12,"AOH_SCHEDULE",134,1,1,1,95,119,0,0,0,0.184,0.573,0.6513
ML-GEN-01919,"TRD","CR","BSL","KYN-BSL",386,0,435.146,438.953,3.807,"ES-C50B","INSULATOR_FLASHOVER",0.8441,8,"PREVENTIVE_MAINT",119,1,1,1,95,122,1,0.77,0,0.812,0.611,0.6504
ML-GEN-01294,"TRD","ECR","DNR","BXR-DNR",655,0,610.925,614.344,3.419,"ES-09B","CW_WEAR",0.4072,13,"EMERGENCY_REPAIR",92,1,1,1,109,111,0,0,1,0.846,0.586,0.6354
ML-GEN-01452,"TRD","WR","BCT","BVI-VR",208,0,78.003,79.236,1.233,"ES-W44B","CW_WEAR",0.7648,8,"DEFECT_ATTENDANCE",105,1,1,1,198,30,1,0.64,0,0.672,0.829,0.6594
ML-GEN-01612,"TRD","NR","DLI","NDLS-PWL",389,1,10.52,14.374,3.855,"ES-D07A","INSULATOR_FLASHOVER",0.7646,50,"EMERGENCY_REPAIR",40,1,1,1,109,112,1,0.65,1,0.871,0.755,0.7533
ML-GEN-00446,"TRD","WR","BCT","BCT-BVI",543,1,0.725,5.652,4.927,"ES-W40B","INSULATOR_FLASHOVER",0.8734,14,"DEFECT_ATTENDANCE",59,1,1,1,252,30,1,0.9,1,0.487,0.654,0.6396
ML-GEN-00991,"TRD","NR","DLI","GZB-MB",515,1,39.311,42.027,2.715,"ES-D04A","INSULATOR_FLASHOVER",0.7371,83,"DEFECT_ATTENDANCE",125,1,1,1,126,69,1,0.8,0,0.117,0.621,0.7737
ML-GEN-02177,"TRD","CR","BSL","KYN-BSL",386,0,343.704,345.007,1.303,"ES-C50B","DROPPER_DEFECTIVE",0.4245,15,"FOOT_PATROL",111,1,1,1,115,90,1,0.68,0,0.53,0.751,0.6279
ML-GEN-00245,"TRD","ECR","DNR","PNBE-RJPB",870,0,546.061,547.797,1.736,"ES-18A","JUMPER_HOTSPOT",0.8539,6,"POH_SCHEDULE",98,1,1,1,124,48,1,0.72,0,0.504,0.431,0.6476
ML-GEN-00803,"TRD","WR","BCT","BCT-BVI",543,0,12.657,16.657,4,"ES-W41B","INSULATOR_FLASHOVER",0.8074,62,"FOOT_PATROL",89,1,1,1,206,46,1,0.89,1,0.295,0.672,0.7509
ML-GEN-00149,"TRD","NR","DLI","NDLS-PWL",389,1,22.425,26.888,4.464,"ES-D06A","NEUTRAL_PTFE",0.7222,9,"EMERGENCY_REPAIR",66,1,1,1,102,98,1,0.95,1,0.712,0.643,0.6372
ML-GEN-01940,"TRD","NR","DLI","NDLS-PWL",389,1,9.84,12.819,2.978,"ES-D07A","CANTILEVER_MISALIGN",0.9743,12,"DEFECT_ATTENDANCE",89,1,1,0,111,103,0,0,1,0.502,0.63,0.6762
ML-GEN-02469,"TRD","NR","DLI","NDLS-PWL",389,0,5.488,6.606,1.118,"ES-D06B","CW_WEAR",0.807,10,"FOOT_PATROL",48,1,1,1,112,82,1,0.61,0,0.244,0.458,0.6194
ML-GEN-01949,"TRD","NR","DLI","GZB-MB",515,1,41.551,43.408,1.857,"ES-D05B","CANTILEVER_MISALIGN",0.9975,13,"FOOT_PATROL",30,1,1,1,126,92,1,0.69,1,0.815,0.583,0.6995
ML-GEN-01302,"TRD","CR","BSL","KYN-BSL",386,0,401.271,403.475,2.203,"ES-C51A","INSULATOR_FLASHOVER",0.7598,11,"FOOT_PATROL",109,1,1,1,93,142,0,0,0,0.88,0.668,0.6919
ML-GEN-01195,"TRD","WR","BCT","BVI-VR",208,1,70.649,74.85,4.201,"ES-W44A","CANTILEVER_MISALIGN",0.6744,11,"AOH_SCHEDULE",232,1,1,1,153,62,1,0.67,0,0.582,0.689,0.6617
ML-GEN-01602,"TRD","ECR","DNR","PNBE-RJPB",870,0,546.071,548.14,2.069,"ES-18A","CW_WEAR",0.6194,15,"EMERGENCY_REPAIR",39,1,0,1,155,82,1,0.86,0,0.299,0.612,0.6395
ML-GEN-00320,"TRD","CR","BSL","BSL-NGP",465,1,453.78,455.138,1.359,"ES-C53B","CW_WEAR",0.3472,14,"PREVENTIVE_MAINT",62,1,1,0,64,150,1,0.53,0,0.3,0.212,0.5705
ML-GEN-01463,"TRD","WR","BCT","BCT-BVI",543,1,44.563,47.848,3.285,"ES-W42A","DROPPER_DEFECTIVE",0.6229,17,"POH_SCHEDULE",94,1,1,1,215,30,0,0,0,0.812,0.798,0.661
ML-GEN-00419,"TRD","ECR","DNR","PNBE-RJPB",870,1,545.909,548.073,2.164,"ES-19A","DROPPER_DEFECTIVE",0.6416,20,"AOH_SCHEDULE",228,1,1,1,162,30,1,0.84,0,0.685,0.48,0.638
ML-GEN-02080,"TRD","CR","BSL","BSL-NGP",465,0,472.157,477.017,4.86,"ES-C54A","JUMPER_HOTSPOT",0.7711,10,"DEFECT_ATTENDANCE",159,1,1,1,53,176,1,0.65,0,0.252,0.308,0.6382
ML-GEN-01878,"TRD","CR","BSL","BSL-NGP",465,1,781.968,785.66,3.692,"ES-C54B","BIRD_MENACE",0.8172,12,"DEFECT_ATTENDANCE",75,1,1,0,64,177,1,0.55,0,0.264,0.157,0.6075
ML-GEN-00762,"TRD","WR","BCT","BVI-VR",208,0,58.331,60.078,1.747,"ES-W44A","NEUTRAL_PTFE",0.5019,14,"AOH_SCHEDULE",222,1,1,1,190,35,1,0.73,0,0.427,0.771,0.6277
ML-GEN-00100,"TRD","CR","BSL","KYN-BSL",386,1,376.629,380.022,3.393,"ES-C51B","INSULATOR_FLASHOVER",0.871,9,"PREVENTIVE_MAINT",140,1,1,1,97,116,0,0,0,0.202,0.694,0.6517
ML-GEN-00222,"TRD","NR","DLI","NDLS-GZB",823,1,13.408,15.736,2.328,"ES-D02B","CANTILEVER_MISALIGN",0.4591,38,"PREVENTIVE_MAINT",122,1,1,1,184,30,0,0,0,0.547,0.483,0.6621
ML-GEN-00544,"TRD","WR","BCT","BVI-VR",208,0,85.358,86.22,0.863,"ES-W44B","DROPPER_DEFECTIVE",0.4749,13,"DEFECT_ATTENDANCE",103,1,1,1,207,30,1,0.91,0,0.277,0.654,0.6042
ML-GEN-01192,"TRD","CR","BSL","KYN-BSL",386,0,83.369,85.891,2.522,"ES-C50B","DROPPER_DEFECTIVE",0.4927,8,"AOH_SCHEDULE",233,1,1,1,76,124,1,0.55,0,0.438,0.485,0.5997
ML-GEN-00302,"TRD","CR","BSL","BSL-NGP",465,1,684.939,689.708,4.769,"ES-C54A","INSULATOR_FLASHOVER",0.7947,16,"PREVENTIVE_MAINT",110,1,1,1,73,137,1,0.81,0,0.629,0.198,0.639
ML-GEN-00216,"TRD","NR","DLI","GZB-MB",515,0,49.519,52.724,3.205,"ES-D05B","INSULATOR_FLASHOVER",0.629,10,"EMERGENCY_REPAIR",39,1,0,0,98,114,0,0,0,0.887,0.401,0.6474
ML-GEN-00751,"TRD","ECR","DNR","MKA-BKP",417,1,490.009,491.641,1.631,"ES-32A","INSULATOR_FLASHOVER",0.7642,10,"AOH_SCHEDULE",145,1,1,1,90,124,0,0,0,0.256,0.87,0.6424
ML-GEN-00702,"TRD","NR","DLI","NDLS-GZB",823,0,11.741,13.448,1.707,"ES-D01A","CW_WEAR",0.6915,13,"POH_SCHEDULE",178,1,1,1,169,80,1,0.67,0,0.784,0.896,0.6657
ML-GEN-01045,"TRD","ECR","DNR","DNR-PNBE",454,1,541.184,543.075,1.891,"ES-24A","ANTICREEP_DEFECT",0.5436,11,"PREVENTIVE_MAINT",82,1,1,0,107,105,1,0.55,0,0.671,0.717,0.6389
ML-GEN-00833,"TRD","ECR","DNR","PNBE-RJPB",870,1,546.759,547.519,0.759,"ES-19A","STEADYARM_CORRODED",0.5978,16,"FOOT_PATROL",55,1,1,1,142,99,1,0.95,1,0.685,0.584,0.6586
ML-GEN-01461,"TRD","NR","DLI","NDLS-PWL",389,1,21.535,24.25,2.715,"ES-D06A","CANTILEVER_MISALIGN",0.8773,22,"PREVENTIVE_MAINT",162,1,1,1,111,109,0,0,0,0.245,0.832,0.6642
ML-GEN-01781,"TRD","CR","BSL","KYN-BSL",386,1,396.295,397.492,1.197,"ES-C50B","CANTILEVER_MISALIGN",0.7544,13,"FOOT_PATROL",91,1,1,1,93,112,0,0,0,0.535,0.504,0.6575
ML-GEN-01822,"TRD","CR","BSL","KYN-BSL",386,0,133.063,134.735,1.672,"ES-C51B","CW_WEAR",0.7336,62,"DEFECT_ATTENDANCE",147,1,1,1,77,152,1,0.89,0,0.102,0.23,0.7197
ML-GEN-02298,"TRD","CR","BSL","BSL-NGP",465,0,650.334,652.875,2.541,"ES-C53A","DROPPER_DEFECTIVE",0.6566,7,"AOH_SCHEDULE",188,1,1,1,74,157,0,0,0,0.556,0.156,0.6062
ML-GEN-01072,"TRD","CR","BSL","BSL-NGP",465,1,586.568,588.649,2.081,"ES-C53B","CW_WEAR",0.411,12,"POH_SCHEDULE",197,1,1,1,73,190,0,0,0,0.252,0.331,0.5797
ML-GEN-00014,"TRD","ECR","DNR","DNR-PNBE",454,1,542.304,543.549,1.245,"ES-25B","JUMPER_HOTSPOT",0.889,15,"POH_SCHEDULE",202,1,1,1,135,76,1,0.76,1,0.649,0.752,0.6755
ML-GEN-00710,"TRD","NR","DLI","GZB-MB",515,0,40.12,42.365,2.245,"ES-D05A","INSULATOR_FLASHOVER",0.7068,10,"POH_SCHEDULE",170,1,1,1,123,102,1,0.51,1,0.841,0.703,0.6386
ML-GEN-00644,"TRD","NR","DLI","GZB-MB",515,0,61.352,62.836,1.485,"ES-D04B","INSULATOR_FLASHOVER",0.7647,7,"AOH_SCHEDULE",232,1,1,1,108,127,1,0.87,0,0.592,0.724,0.6567
ML-GEN-01218,"TRD","NR","DLI","NDLS-GZB",823,1,3.013,3.951,0.938,"ES-D03A","CANTILEVER_MISALIGN",0.8578,71,"FOOT_PATROL",64,1,1,0,187,30,0,0,0,0.551,0.511,0.767
ML-GEN-02088,"TRD","WR","BCT","BVI-VR",208,1,88.119,91.798,3.679,"ES-W44A","ANTICREEP_DEFECT",0.5079,17,"POH_SCHEDULE",189,1,1,1,175,30,1,0.71,0,0.744,0.428,0.6179
ML-GEN-00995,"TRD","CR","BSL","KYN-BSL",386,1,199.021,199.712,0.691,"ES-C50B","CANTILEVER_MISALIGN",0.7176,5,"FOOT_PATROL",114,1,1,1,82,159,0,0,0,0.238,0.722,0.6314
ML-GEN-00120,"TRD","NR","DLI","NDLS-GZB",823,1,0.768,2.878,2.109,"ES-D01A","INSULATOR_FLASHOVER",0.921,61,"FOOT_PATROL",70,1,1,1,166,57,0,0,1,0.365,0.628,0.7531
ML-GEN-00077,"TRD","NR","DLI","NDLS-GZB",823,1,11.499,12.036,0.537,"ES-D02A","DROPPER_DEFECTIVE",0.4471,11,"PREVENTIVE_MAINT",95,1,1,1,179,30,0,0,0,0.28,0.647,0.6015
ML-GEN-01868,"TRD","ECR","DNR","PNBE-RJPB",870,1,546.481,547.867,1.385,"ES-18B","CANTILEVER_MISALIGN",0.4899,8,"POH_SCHEDULE",95,1,1,1,148,47,1,0.92,1,0.511,0.676,0.6014
ML-GEN-00304,"TRD","NR","DLI","NDLS-PWL",389,0,29.578,31.818,2.24,"ES-D06B","DROPPER_DEFECTIVE",0.4548,19,"FOOT_PATROL",36,1,0,1,101,129,0,0,0,0.149,0.733,0.6144
ML-GEN-02209,"TRD","NR","DLI","NDLS-PWL",389,1,47.3,48.947,1.647,"ES-D06A","JUMPER_HOTSPOT",0.7518,15,"DEFECT_ATTENDANCE",130,1,1,1,137,59,1,0.73,0,0.499,0.631,0.6649
ML-GEN-02180,"TRD","CR","BSL","KYN-BSL",386,0,207.414,208.038,0.624,"ES-C50B","ANTICREEP_DEFECT",0.5504,7,"POH_SCHEDULE",158,1,1,1,87,144,1,0.64,0,0.194,0.738,0.5917
ML-GEN-01754,"TRD","ECR","DNR","BXR-DNR",655,1,614.177,614.925,0.748,"ES-09B","INSULATOR_FLASHOVER",0.6224,9,"EMERGENCY_REPAIR",30,1,0,1,103,92,0,0,0,0.861,0.499,0.6392
ML-GEN-01618,"TRD","CR","BSL","BSL-NGP",465,0,695.928,696.446,0.519,"ES-C53B","INSULATOR_FLASHOVER",0.944,13,"AOH_SCHEDULE",174,1,1,1,58,157,0,0,0,0.252,0.385,0.6553
ML-GEN-00442,"TRD","NR","DLI","GZB-MB",515,0,49.013,50.243,1.23,"ES-D04B","JUMPER_HOTSPOT",0.9227,10,"DEFECT_ATTENDANCE",77,1,1,1,124,59,1,0.63,0,0.164,0.667,0.6588
ML-GEN-00976,"TRD","WR","BCT","BVI-VR",208,0,73.299,76.251,2.952,"ES-W43B","CW_WEAR",0.727,11,"DEFECT_ATTENDANCE",89,1,1,1,208,30,0,0,0,0.59,0.87,0.646
ML-GEN-00275,"TRD","WR","BCT","BVI-VR",208,1,82.397,87.271,4.875,"ES-W44B","INSULATOR_FLASHOVER",0.8751,20,"EMERGENCY_REPAIR",57,1,1,0,204,30,1,0.83,0,0.494,0.773,0.6734
ML-GEN-02190,"TRD","CR","BSL","KYN-BSL",386,1,98.57,100.905,2.335,"ES-C51A","CW_WEAR",0.7594,7,"PREVENTIVE_MAINT",78,1,1,0,90,157,1,0.69,0,0.698,0.882,0.6536
ML-GEN-00274,"TRD","ECR","DNR","MKA-BKP",417,1,489.441,489.96,0.519,"ES-31B","JUMPER_HOTSPOT",0.9274,10,"DEFECT_ATTENDANCE",97,1,1,1,70,144,1,0.58,0,0.573,0.309,0.6506
ML-GEN-02337,"TRD","NR","DLI","NDLS-GZB",823,0,18.441,19.515,1.073,"ES-D01A","INSULATOR_FLASHOVER",0.703,12,"AOH_SCHEDULE",207,1,1,1,180,30,0,0,0,0.267,0.86,0.6311
ML-GEN-01069,"TRD","WR","BCT","BCT-BVI",543,1,4.884,6.048,1.163,"ES-W41A","CW_WEAR",0.6051,12,"EMERGENCY_REPAIR",74,1,1,1,283,30,1,0.83,0,0.48,0.676,0.6258
ML-GEN-01777,"TRD","ECR","DNR","MKA-BKP",417,0,490.367,492.523,2.156,"ES-31A","INSULATOR_FLASHOVER",0.6821,17,"AOH_SCHEDULE",187,1,1,1,92,148,1,0.78,0,0.787,0.872,0.6451
ML-GEN-00536,"TRD","CR","BSL","BSL-NGP",465,0,496.237,500.72,4.483,"ES-C54A","CW_WEAR",0.4575,14,"FOOT_PATROL",72,1,1,0,73,167,1,0.91,0,0.277,0.125,0.597
ML-GEN-00327,"TRD","ECR","DNR","MKA-BKP",417,1,489.584,491.829,2.245,"ES-31B","BIRD_MENACE",0.753,43,"DEFECT_ATTENDANCE",60,1,1,1,79,158,1,0.73,0,0.595,0.474,0.714
ML-GEN-01902,"TRD","ECR","DNR","MKA-BKP",417,0,492.3,492.866,0.566,"ES-32A","INSULATOR_FLASHOVER",0.7182,13,"EMERGENCY_REPAIR",90,1,1,1,93,103,0,0,0,0.613,0.801,0.6518
ML-GEN-00626,"TRD","ECR","DNR","DNR-PNBE",454,0,541.468,542.98,1.512,"ES-25B","CW_WEAR",0.7778,16,"POH_SCHEDULE",167,1,1,1,122,104,1,0.99,0,0.734,0.488,0.6558
ML-GEN-02073,"TRD","CR","BSL","BSL-NGP",465,0,791.31,793.549,2.239,"ES-C54A","INSULATOR_FLASHOVER",0.6995,9,"DEFECT_ATTENDANCE",68,1,1,0,71,176,0,0,0,0.804,0.22,0.6157
ML-GEN-01825,"TRD","CR","BSL","KYN-BSL",386,1,335.667,337.279,1.611,"ES-C51B","CW_WEAR",0.7432,12,"AOH_SCHEDULE",159,1,1,1,95,132,0,0,0,0.273,0.738,0.6232
ML-GEN-01988,"TRD","NR","DLI","NDLS-GZB",823,0,23.446,27.472,4.025,"ES-D01A","JUMPER_HOTSPOT",0.877,12,"FOOT_PATROL",93,1,1,1,183,30,1,0.86,1,0.179,0.882,0.6683
ML-GEN-01450,"TRD","NR","DLI","NDLS-GZB",823,1,25.558,27.723,2.165,"ES-D01A","CANTILEVER_MISALIGN",0.6087,12,"DEFECT_ATTENDANCE",51,1,1,1,209,30,0,0,0,0.264,0.704,0.6146
ML-GEN-01978,"TRD","WR","BCT","BCT-BVI",543,1,1.533,4.027,2.495,"ES-W40B","BIRD_MENACE",0.7345,8,"DEFECT_ATTENDANCE",98,1,1,1,238,30,1,0.57,0,0.515,0.647,0.6285
ML-GEN-00151,"TRD","ECR","DNR","DNR-PNBE",454,1,540.209,540.909,0.7,"ES-25B","JUMPER_HOTSPOT",0.8794,10,"FOOT_PATROL",97,1,1,1,112,98,1,0.68,0,0.802,0.445,0.6397
ML-GEN-00199,"TRD","CR","BSL","BSL-NGP",465,1,716.482,720.711,4.229,"ES-C54B","CW_WEAR",0.4632,9,"FOOT_PATROL",118,1,1,1,67,147,0,0,0,0.216,0.193,0.5975
ML-GEN-01435,"TRD","ECR","DNR","DNR-PNBE",454,0,541.798,543.133,1.335,"ES-24A","CANTILEVER_MISALIGN",0.812,8,"EMERGENCY_REPAIR",77,1,1,0,135,62,1,0.88,0,0.805,0.474,0.6452
ML-GEN-01767,"TRD","NR","DLI","NDLS-GZB",823,0,10.83,13.988,3.159,"ES-D01A","CW_WEAR",0.7161,12,"FOOT_PATROL",104,1,1,1,174,30,0,0,0,0.108,0.581,0.6113
ML-GEN-02398,"TRD","ECR","DNR","MKA-BKP",417,1,489.651,490.69,1.039,"ES-31B","DROPPER_DEFECTIVE",0.6795,12,"EMERGENCY_REPAIR",111,1,1,1,81,166,1,0.51,0,0.196,0.68,0.6211
ML-GEN-00232,"TRD","CR","BSL","KYN-BSL",386,1,317.611,319.12,1.509,"ES-C51A","JUMPER_HOTSPOT",0.8212,12,"DEFECT_ATTENDANCE",100,1,1,1,94,129,0,0,0,0.582,0.731,0.6457
ML-GEN-01451,"TRD","WR","BCT","BVI-VR",208,0,82.741,84.972,2.232,"ES-W43A","NEUTRAL_PTFE",0.6156,16,"POH_SCHEDULE",168,1,1,1,204,30,1,0.93,1,0.642,0.898,0.6483
ML-GEN-00471,"TRD","CR","BSL","KYN-BSL",386,0,170.165,172.331,2.165,"ES-C50A","CANTILEVER_MISALIGN",0.5581,10,"DEFECT_ATTENDANCE",121,1,1,1,88,117,1,0.52,0,0.898,0.468,0.6145
ML-GEN-01841,"TRD","WR","BCT","BVI-VR",208,0,78.018,82.485,4.467,"ES-W43B","DROPPER_DEFECTIVE",0.602,81,"EMERGENCY_REPAIR",40,1,0,0,185,33,1,0.69,1,0.714,0.733,0.7731
ML-GEN-00512,"TRD","WR","BCT","BCT-BVI",543,0,29.437,30.624,1.187,"ES-W41A","INSULATOR_FLASHOVER",0.9327,22,"POH_SCHEDULE",146,1,1,1,220,30,1,0.69,0,0.108,0.626,0.6748
ML-GEN-02428,"TRD","NR","DLI","NDLS-GZB",823,1,10.807,15.587,4.78,"ES-D02A","STEADYARM_CORRODED",0.4353,11,"DEFECT_ATTENDANCE",114,1,1,1,221,30,0,0,0,0.85,0.517,0.6308
ML-GEN-01714,"TRD","NR","DLI","NDLS-PWL",389,0,49.087,52.901,3.815,"ES-D06A","CW_WEAR",0.7821,15,"PREVENTIVE_MAINT",151,1,1,1,98,123,1,0.8,0,0.574,0.606,0.65
ML-GEN-00699,"TRD","NR","DLI","NDLS-PWL",389,0,3.45,6.284,2.834,"ES-D06B","ANTICREEP_DEFECT",0.4263,14,"POH_SCHEDULE",122,1,1,1,111,111,0,0,0,0.418,0.786,0.6291
ML-GEN-00638,"TRD","WR","BCT","BCT-BVI",543,1,45.933,49.646,3.712,"ES-W40B","STEADYARM_CORRODED",0.6939,10,"EMERGENCY_REPAIR",73,1,1,1,227,30,0,0,0,0.555,0.564,0.6466
ML-GEN-01214,"TRD","NR","DLI","NDLS-PWL",389,1,3.468,5.513,2.045,"ES-D07A","NEUTRAL_PTFE",0.6883,12,"FOOT_PATROL",96,1,1,1,128,77,1,0.55,0,0.294,0.787,0.6289
ML-GEN-01737,"TRD","ECR","DNR","BXR-DNR",655,1,614.053,615.122,1.069,"ES-09B","BIRD_MENACE",0.7253,17,"EMERGENCY_REPAIR",88,1,1,0,111,102,0,0,0,0.709,0.711,0.639
ML-GEN-00094,"TRD","CR","BSL","KYN-BSL",386,0,191.833,194.15,2.317,"ES-C51A","JUMPER_HOTSPOT",0.7786,15,"EMERGENCY_REPAIR",97,1,1,1,93,157,1,0.5,0,0.268,0.626,0.6712
ML-GEN-01770,"TRD","CR","BSL","KYN-BSL",386,0,176.291,180.539,4.248,"ES-C51A","CW_WEAR",0.6788,11,"PREVENTIVE_MAINT",158,1,1,1,86,142,0,0,0,0.173,0.602,0.6229
ML-GEN-01976,"TRD","CR","BSL","BSL-NGP",465,1,603.175,608.072,4.897,"ES-C54A","CW_WEAR",0.603,9,"POH_SCHEDULE",161,1,1,1,80,128,1,0.85,0,0.752,0.4,0.6251
ML-GEN-00697,"TRD","NR","DLI","NDLS-GZB",823,1,4.519,8.322,3.803,"ES-D03A","NEUTRAL_PTFE",0.6766,6,"FOOT_PATROL",68,1,1,1,168,54,1,0.71,0,0.604,0.651,0.6278
ML-GEN-01253,"TRD","WR","BCT","BVI-VR",208,0,78.312,79.486,1.174,"ES-W43B","CW_WEAR",0.6093,8,"FOOT_PATROL",94,1,1,1,187,30,1,0.93,0,0.235,0.826,0.6402
ML-GEN-02379,"TRD","NR","DLI","NDLS-GZB",823,0,17.079,21.924,4.845,"ES-D01B","CANTILEVER_MISALIGN",0.7391,9,"POH_SCHEDULE",93,1,1,1,192,30,0,0,0,0.65,0.748,0.6525
ML-GEN-01398,"TRD","ECR","DNR","MKA-BKP",417,1,489.459,491.658,2.199,"ES-31B","CANTILEVER_MISALIGN",0.8326,7,"POH_SCHEDULE",110,1,1,1,77,114,1,0.94,0,0.623,0.346,0.6319
ML-GEN-00487,"TRD","CR","BSL","KYN-BSL",386,1,424.594,427.574,2.98,"ES-C50A","INSULATOR_FLASHOVER",0.8976,12,"PREVENTIVE_MAINT",177,1,1,1,101,88,0,0,1,0.814,0.82,0.6874
ML-GEN-00148,"TRD","ECR","DNR","MKA-BKP",417,0,491.326,491.947,0.62,"ES-31A","INSULATOR_FLASHOVER",0.838,8,"DEFECT_ATTENDANCE",91,1,1,1,84,122,1,0.5,0,0.539,0.883,0.6614
ML-GEN-01941,"TRD","CR","BSL","KYN-BSL",386,1,176.057,178.967,2.91,"ES-C50B","CW_WEAR",0.8392,17,"POH_SCHEDULE",98,1,1,1,94,130,0,0,0,0.685,0.573,0.6797
ML-GEN-00962,"TRD","ECR","DNR","MKA-BKP",417,1,490.068,491.667,1.599,"ES-31B","INSULATOR_FLASHOVER",0.7208,11,"FOOT_PATROL",49,1,1,0,87,139,1,0.68,0,0.31,0.712,0.6091
ML-GEN-01624,"TRD","WR","BCT","BCT-BVI",543,1,23.139,27.62,4.481,"ES-W41A","CANTILEVER_MISALIGN",0.5339,74,"AOH_SCHEDULE",182,1,1,1,282,30,1,0.81,0,0.465,0.587,0.727
ML-GEN-01758,"TRD","NR","DLI","GZB-MB",515,1,43.921,44.46,0.539,"ES-D04B","JUMPER_HOTSPOT",0.7346,15,"POH_SCHEDULE",147,1,1,1,132,88,1,0.88,1,0.235,0.896,0.6349
ML-GEN-01325,"TRD","CR","BSL","BSL-NGP",465,0,574.589,575.939,1.35,"ES-C53A","CW_WEAR",0.4589,14,"AOH_SCHEDULE",128,1,1,1,63,158,1,0.83,0,0.137,0.387,0.5955
ML-GEN-00293,"TRD","NR","DLI","NDLS-PWL",389,0,4.823,5.79,0.967,"ES-D07A","INSULATOR_FLASHOVER",0.7515,14,"EMERGENCY_REPAIR",88,1,1,1,101,109,1,0.79,0,0.155,0.445,0.6211
ML-GEN-01725,"TRD","CR","BSL","KYN-BSL",386,0,188.415,188.941,0.526,"ES-C50B","CANTILEVER_MISALIGN",0.7268,5,"EMERGENCY_REPAIR",62,1,1,1,100,137,1,0.62,0,0.533,0.481,0.619
ML-GEN-02225,"TRD","CR","BSL","BSL-NGP",465,1,469.546,470.132,0.586,"ES-C54A","INSULATOR_FLASHOVER",0.8973,8,"PREVENTIVE_MAINT",175,1,1,1,75,134,1,0.68,0,0.311,0.178,0.6132
ML-GEN-01372,"TRD","CR","BSL","BSL-NGP",465,0,505.967,506.678,0.712,"ES-C54A","INSULATOR_FLASHOVER",0.6272,13,"PREVENTIVE_MAINT",98,1,1,1,72,138,1,0.76,0,0.896,0.322,0.6478
ML-GEN-02369,"TRD","NR","DLI","GZB-MB",515,0,60.687,62.401,1.714,"ES-D04B","DROPPER_DEFECTIVE",0.6325,6,"DEFECT_ATTENDANCE",89,1,1,1,125,85,1,0.98,0,0.777,0.772,0.6339
ML-GEN-01749,"TRD","WR","BCT","BCT-BVI",543,0,38.962,40.109,1.147,"ES-W40A","CANTILEVER_MISALIGN",0.6898,9,"AOH_SCHEDULE",236,1,1,1,258,30,0,0,1,0.66,0.47,0.631
ML-GEN-02275,"TRD","NR","DLI","GZB-MB",515,0,34.763,35.467,0.704,"ES-D04A","CANTILEVER_MISALIGN",0.8979,9,"EMERGENCY_REPAIR",38,1,1,1,119,103,0,0,0,0.688,0.524,0.6361
ML-GEN-01036,"TRD","ECR","DNR","BXR-DNR",655,0,610.481,614.022,3.541,"ES-09A","INSULATOR_FLASHOVER",0.8481,14,"AOH_SCHEDULE",130,1,1,1,101,167,0,0,0,0.532,0.778,0.656
ML-GEN-01691,"TRD","WR","BCT","BCT-BVI",543,1,45.908,47.714,1.806,"ES-W40A","JUMPER_HOTSPOT",0.7577,16,"DEFECT_ATTENDANCE",64,1,1,1,245,30,1,0.72,0,0.621,0.692,0.6601
ML-GEN-01127,"TRD","WR","BCT","BVI-VR",208,1,56.153,57.551,1.398,"ES-W43A","NEUTRAL_PTFE",0.8988,12,"POH_SCHEDULE",178,1,1,1,202,30,0,0,0,0.348,0.604,0.649
ML-GEN-00642,"TRD","CR","BSL","KYN-BSL",386,1,267.368,271.821,4.453,"ES-C50A","STEADYARM_CORRODED",0.6634,10,"AOH_SCHEDULE",241,1,1,1,104,62,1,0.68,0,0.528,0.622,0.6166
ML-GEN-01980,"TRD","NR","DLI","GZB-MB",515,0,58.04,59.524,1.484,"ES-D05A","DROPPER_DEFECTIVE",0.6609,17,"FOOT_PATROL",78,1,1,0,127,69,0,0,1,0.244,0.768,0.6496
ML-GEN-00746,"TRD","ECR","DNR","MKA-BKP",417,1,490.473,492.561,2.088,"ES-31B","NEUTRAL_PTFE",0.4875,18,"EMERGENCY_REPAIR",30,1,0,0,90,102,1,0.58,0,0.286,0.78,0.6227
ML-GEN-00250,"TRD","WR","BCT","BCT-BVI",543,1,42.685,43.341,0.657,"ES-W40A","DROPPER_DEFECTIVE",0.5655,13,"PREVENTIVE_MAINT",132,1,1,1,321,30,1,0.66,1,0.79,0.69,0.637
ML-GEN-01067,"TRD","NR","DLI","NDLS-PWL",389,0,16.634,21.594,4.96,"ES-D06A","CW_WEAR",0.4822,13,"EMERGENCY_REPAIR",66,1,1,0,119,80,1,0.83,0,0.54,0.802,0.6301
ML-GEN-00709,"TRD","WR","BCT","BVI-VR",208,0,103.68,105.64,1.959,"ES-W43A","ANTICREEP_DEFECT",0.5256,18,"PREVENTIVE_MAINT",87,1,1,0,202,30,1,0.61,0,0.407,0.473,0.634
ML-GEN-00300,"TRD","WR","BCT","BVI-VR",208,0,89.078,90.173,1.095,"ES-W44B","DROPPER_DEFECTIVE",0.6587,6,"EMERGENCY_REPAIR",57,1,0,1,165,57,0,0,0,0.295,0.492,0.6125
ML-GEN-01619,"TRD","WR","BCT","BVI-VR",208,1,83.465,88.367,4.902,"ES-W43A","INSULATOR_FLASHOVER",0.9128,11,"AOH_SCHEDULE",133,1,1,1,211,30,0,0,0,0.285,0.42,0.6415
ML-GEN-00580,"TRD","WR","BCT","BVI-VR",208,1,63.527,65.287,1.76,"ES-W43A","CW_WEAR",0.8122,17,"POH_SCHEDULE",158,1,1,1,211,30,0,0,0,0.42,0.411,0.6576
ML-GEN-00622,"TRD","WR","BCT","BVI-VR",208,1,73.162,77.886,4.725,"ES-W43B","CW_WEAR",0.6761,12,"POH_SCHEDULE",149,1,1,1,196,30,1,0.8,1,0.544,0.621,0.6104
ML-GEN-00550,"TRD","WR","BCT","BVI-VR",208,1,80.345,84.014,3.668,"ES-W44B","CW_WEAR",0.7664,10,"POH_SCHEDULE",195,1,1,1,224,30,0,0,0,0.333,0.591,0.6311
ML-GEN-00209,"TRD","CR","BSL","BSL-NGP",465,0,547.279,549.668,2.389,"ES-C54A","CW_WEAR",0.5824,21,"EMERGENCY_REPAIR",78,1,1,0,84,140,1,0.94,0,0.116,0.597,0.6409
ML-GEN-00941,"TRD","WR","BCT","BVI-VR",208,1,57.365,60.89,3.526,"ES-W43B","BIRD_MENACE",0.8152,8,"AOH_SCHEDULE",170,1,1,1,202,30,0,0,1,0.326,0.586,0.6234
ML-GEN-02451,"TRD","NR","DLI","GZB-MB",515,0,46.395,47.362,0.967,"ES-D05B","DROPPER_DEFECTIVE",0.4515,16,"AOH_SCHEDULE",209,1,1,1,110,102,1,0.89,0,0.265,0.756,0.6199
ML-GEN-02034,"TRD","CR","BSL","BSL-NGP",465,1,775.75,780.629,4.878,"ES-C54A","INSULATOR_FLASHOVER",0.7362,6,"EMERGENCY_REPAIR",85,1,1,1,82,132,0,0,0,0.362,0.768,0.6266
ML-GEN-01107,"TRD","ECR","DNR","BXR-DNR",655,1,613.386,614.53,1.145,"ES-09A","NEUTRAL_PTFE",0.6089,8,"PREVENTIVE_MAINT",143,1,1,1,111,92,0,0,0,0.695,0.416,0.6042
ML-GEN-00534,"TRD","CR","BSL","BSL-NGP",465,1,615.041,616.756,1.715,"ES-C53A","CW_WEAR",0.7911,15,"PREVENTIVE_MAINT",170,1,1,1,68,148,1,0.99,0,0.629,0.32,0.6695
ML-GEN-00886,"TRD","WR","BCT","BVI-VR",208,1,70.884,71.877,0.993,"ES-W43B","CW_WEAR",0.7673,20,"AOH_SCHEDULE",230,1,1,1,177,30,0,0,0,0.484,0.637,0.6606
ML-GEN-00516,"TRD","ECR","DNR","PNBE-RJPB",870,1,545.494,546.281,0.786,"ES-18A","JUMPER_HOTSPOT",0.807,13,"POH_SCHEDULE",98,1,1,1,167,30,1,0.75,1,0.283,0.813,0.6536
ML-GEN-01015,"TRD","CR","BSL","BSL-NGP",465,0,514.867,517.978,3.111,"ES-C54A","DROPPER_DEFECTIVE",0.5069,12,"DEFECT_ATTENDANCE",53,1,0,1,78,131,1,0.97,0,0.849,0.423,0.6355
ML-GEN-01931,"TRD","CR","BSL","BSL-NGP",465,0,756.023,758.613,2.59,"ES-C54B","CANTILEVER_MISALIGN",0.6269,12,"FOOT_PATROL",64,1,1,0,71,174,1,0.89,0,0.174,0.301,0.6233
ML-GEN-02121,"TRD","CR","BSL","KYN-BSL",386,0,342.549,346.026,3.477,"ES-C50B","CANTILEVER_MISALIGN",0.5439,10,"FOOT_PATROL",50,1,0,0,78,139,1,0.81,0,0.881,0.455,0.6413
ML-GEN-02301,"TRD","ECR","DNR","DNR-PNBE",454,1,540.241,541.73,1.489,"ES-25B","JUMPER_HOTSPOT",0.8932,38,"FOOT_PATROL",80,1,1,1,97,137,0,0,0,0.71,0.592,0.7195
ML-GEN-01059,"TRD","ECR","DNR","BXR-DNR",655,1,613.301,615.959,2.658,"ES-10A","CANTILEVER_MISALIGN",0.7994,15,"POH_SCHEDULE",106,1,1,1,108,109,0,0,1,0.729,0.579,0.6387
ML-GEN-00338,"TRD","ECR","DNR","DNR-PNBE",454,1,541.678,543.868,2.19,"ES-25B","CW_WEAR",0.56,15,"AOH_SCHEDULE",181,1,1,1,134,73,1,0.64,1,0.748,0.734,0.6339
ML-GEN-00603,"TRD","NR","DLI","NDLS-GZB",823,0,8.014,8.964,0.949,"ES-D02B","INSULATOR_FLASHOVER",0.7236,8,"FOOT_PATROL",60,1,1,0,197,30,1,0.71,1,0.344,0.816,0.6302
ML-GEN-00276,"TRD","NR","DLI","NDLS-PWL",389,1,0.36,3.478,3.118,"ES-D07B","DROPPER_DEFECTIVE",0.7168,88,"PREVENTIVE_MAINT",162,1,1,1,105,138,0,0,0,0.181,0.446,0.7897
ML-GEN-00670,"TRD","CR","BSL","KYN-BSL",386,1,292.834,297.595,4.761,"ES-C50B","JUMPER_HOTSPOT",0.8614,14,"POH_SCHEDULE",110,1,1,1,88,144,1,0.88,0,0.735,0.714,0.6735
ML-GEN-00819,"TRD","CR","BSL","BSL-NGP",465,1,563.819,567.247,3.427,"ES-C54A","CW_WEAR",0.7025,11,"POH_SCHEDULE",112,1,1,1,76,146,1,0.93,0,0.142,0.345,0.5959
ML-GEN-01132,"TRD","NR","DLI","NDLS-GZB",823,1,18.738,22.686,3.948,"ES-D03A","CW_WEAR",0.5797,10,"POH_SCHEDULE",134,1,1,1,167,41,1,0.6,0,0.378,0.562,0.6367
ML-GEN-00537,"TRD","NR","DLI","NDLS-PWL",389,1,5.08,9.79,4.71,"ES-D07B","CANTILEVER_MISALIGN",0.64,13,"PREVENTIVE_MAINT",79,1,1,0,106,132,0,0,0,0.855,0.636,0.6494
ML-GEN-00667,"TRD","CR","BSL","KYN-BSL",386,0,279.33,280.214,0.884,"ES-C52A","BIRD_MENACE",0.7341,12,"PREVENTIVE_MAINT",170,1,1,1,87,121,1,0.85,0,0.368,0.546,0.6251
ML-GEN-00567,"TRD","CR","BSL","BSL-NGP",465,1,643.409,644.021,0.613,"ES-C53A","CW_WEAR",0.7862,9,"AOH_SCHEDULE",184,1,1,1,71,165,1,0.58,0,0.542,0.397,0.6008
ML-GEN-01418,"TRD","CR","BSL","KYN-BSL",386,0,56.55,57.568,1.018,"ES-C52A","CW_WEAR",0.627,21,"EMERGENCY_REPAIR",63,1,1,1,86,131,0,0,0,0.337,0.492,0.6315
ML-GEN-01390,"TRD","ECR","DNR","BXR-DNR",655,0,613.681,615.78,2.1,"ES-09B","STEADYARM_CORRODED",0.5853,12,"POH_SCHEDULE",150,1,1,1,107,100,1,0.77,0,0.328,0.831,0.6098
ML-GEN-02356,"TRD","ECR","DNR","PNBE-RJPB",870,0,545.149,547.507,2.358,"ES-18B","JUMPER_HOTSPOT",0.7652,3,"POH_SCHEDULE",117,1,1,1,150,54,1,0.85,1,0.675,0.717,0.6395
ML-GEN-02302,"TRD","WR","BCT","BCT-BVI",543,1,0.92,2.696,1.775,"ES-W42A","CW_WEAR",0.7132,13,"FOOT_PATROL",94,1,1,1,281,30,1,0.51,1,0.185,0.722,0.6169
ML-GEN-01885,"TRD","NR","DLI","GZB-MB",515,1,60.455,63.108,2.654,"ES-D04A","DROPPER_DEFECTIVE",0.3941,13,"POH_SCHEDULE",184,1,1,1,134,32,1,0.58,0,0.25,0.585,0.5923
ML-GEN-01937,"TRD","ECR","DNR","DNR-PNBE",454,1,542.166,543.469,1.303,"ES-24A","DROPPER_DEFECTIVE",0.6092,13,"AOH_SCHEDULE",138,1,1,1,139,81,0,0,0,0.593,0.523,0.6153
ML-GEN-01467,"TRD","WR","BCT","BVI-VR",208,1,72.768,77.414,4.646,"ES-W43A","BIRD_MENACE",0.8928,59,"EMERGENCY_REPAIR",71,1,1,0,155,30,0,0,0,0.688,0.458,0.7695
ML-GEN-00524,"TRD","WR","BCT","BCT-BVI",543,1,29.609,32.917,3.308,"ES-W40B","ANTICREEP_DEFECT",0.646,10,"FOOT_PATROL",130,1,1,1,245,30,1,0.68,0,0.297,0.459,0.6318
ML-GEN-01109,"TRD","CR","BSL","BSL-NGP",465,0,647.252,649.671,2.419,"ES-C54A","CW_WEAR",0.4891,13,"DEFECT_ATTENDANCE",89,1,1,1,61,152,1,0.55,0,0.758,0.378,0.6387
ML-GEN-00069,"TRD","WR","BCT","BCT-BVI",543,0,5.755,9.216,3.462,"ES-W40A","INSULATOR_FLASHOVER",0.6569,13,"DEFECT_ATTENDANCE",108,1,1,1,213,30,1,0.62,0,0.18,0.533,0.6232
ML-GEN-01079,"TRD","ECR","DNR","PNBE-RJPB",870,1,547.711,548.344,0.633,"ES-18B","CANTILEVER_MISALIGN",0.6432,45,"EMERGENCY_REPAIR",78,1,1,1,119,135,1,0.95,0,0.704,0.449,0.7169
ML-GEN-02160,"TRD","CR","BSL","KYN-BSL",386,0,85.089,86.383,1.294,"ES-C51B","STEADYARM_CORRODED",0.3836,14,"EMERGENCY_REPAIR",93,1,1,1,79,143,0,0,0,0.522,0.474,0.6003
ML-GEN-00897,"TRD","ECR","DNR","PNBE-RJPB",870,0,545.377,547.597,2.22,"ES-18B","CW_WEAR",0.4564,10,"FOOT_PATROL",64,1,1,1,143,67,0,0,0,0.505,0.698,0.6154
ML-GEN-02344,"TRD","CR","BSL","BSL-NGP",465,1,748.879,749.863,0.984,"ES-C53A","INSULATOR_FLASHOVER",0.8946,10,"FOOT_PATROL",86,1,1,1,64,110,0,0,0,0.755,0.307,0.6779
ML-GEN-00889,"TRD","ECR","DNR","PNBE-RJPB",870,0,547.081,547.894,0.812,"ES-18B","CW_WEAR",0.8113,10,"DEFECT_ATTENDANCE",76,1,1,1,128,85,1,0.83,0,0.471,0.771,0.6502
ML-GEN-00806,"TRD","ECR","DNR","PNBE-RJPB",870,0,546.313,547.94,1.627,"ES-18A","INSULATOR_FLASHOVER",0.6418,13,"EMERGENCY_REPAIR",88,1,1,1,154,40,1,0.7,0,0.789,0.703,0.6583
ML-GEN-00167,"TRD","NR","DLI","NDLS-PWL",389,0,17.603,18.593,0.99,"ES-D06A","CW_WEAR",0.8313,7,"EMERGENCY_REPAIR",91,1,1,1,100,130,0,0,0,0.391,0.731,0.6314
ML-GEN-00672,"TRD","WR","BCT","BVI-VR",208,1,80.878,83.011,2.133,"ES-W43A","NEUTRAL_PTFE",0.6485,12,"FOOT_PATROL",63,1,1,1,156,30,0,0,0,0.312,0.716,0.6429
ML-GEN-01282,"TRD","WR","BCT","BCT-BVI",543,1,25.01,25.842,0.831,"ES-W42A","CW_WEAR",0.6095,16,"DEFECT_ATTENDANCE",79,1,1,0,258,30,0,0,0,0.293,0.894,0.6474
ML-GEN-01961,"TRD","NR","DLI","GZB-MB",515,0,59.345,63.046,3.7,"ES-D04B","CW_WEAR",0.4803,10,"PREVENTIVE_MAINT",140,1,1,1,121,97,0,0,0,0.803,0.523,0.624
ML-GEN-00415,"TRD","ECR","DNR","DNR-PNBE",454,1,542.062,543.012,0.95,"ES-25A","DROPPER_DEFECTIVE",0.5958,12,"AOH_SCHEDULE",215,1,1,1,116,148,0,0,0,0.798,0.892,0.6526
ML-GEN-01617,"TRD","NR","DLI","NDLS-GZB",823,0,5.168,5.87,0.703,"ES-D03A","ANTICREEP_DEFECT",0.6116,13,"EMERGENCY_REPAIR",58,1,0,0,210,30,1,0.68,0,0.237,0.568,0.6471
ML-GEN-01226,"TRD","CR","BSL","BSL-NGP",465,0,610.852,615.193,4.341,"ES-C53A","JUMPER_HOTSPOT",0.7887,17,"DEFECT_ATTENDANCE",146,1,1,1,76,162,1,0.54,0,0.173,0.167,0.6418
ML-GEN-01985,"TRD","ECR","DNR","PNBE-RJPB",870,1,547.441,548.491,1.05,"ES-18B","INSULATOR_FLASHOVER",0.8025,11,"EMERGENCY_REPAIR",30,1,1,0,128,131,0,0,0,0.152,0.407,0.6164
ML-GEN-00887,"TRD","NR","DLI","GZB-MB",515,1,41.275,45.217,3.942,"ES-D05B","DROPPER_DEFECTIVE",0.6221,10,"EMERGENCY_REPAIR",58,1,0,0,145,69,1,0.61,0,0.339,0.876,0.6537
ML-GEN-02319,"TRD","CR","BSL","KYN-BSL",386,0,441.024,444.974,3.949,"ES-C50B","CANTILEVER_MISALIGN",0.7913,20,"AOH_SCHEDULE",148,1,1,1,96,137,1,0.77,0,0.687,0.885,0.6868
ML-GEN-01908,"TRD","NR","DLI","NDLS-GZB",823,0,12.96,14.848,1.889,"ES-D01B","DROPPER_DEFECTIVE",0.4753,15,"POH_SCHEDULE",166,1,1,1,137,80,1,0.74,0,0.115,0.598,0.6243
ML-GEN-00968,"TRD","NR","DLI","NDLS-GZB",823,1,6.496,11.345,4.849,"ES-D02B","BIRD_MENACE",0.6993,13,"AOH_SCHEDULE",169,1,1,1,181,31,1,0.65,0,0.175,0.714,0.6177
ML-GEN-02064,"TRD","CR","BSL","BSL-NGP",465,1,644.719,649.114,4.395,"ES-C53A","INSULATOR_FLASHOVER",0.8179,18,"EMERGENCY_REPAIR",71,1,1,1,76,148,1,0.75,0,0.577,0.455,0.6474
ML-GEN-00453,"TRD","CR","BSL","BSL-NGP",465,0,728.491,729.028,0.537,"ES-C53B","JUMPER_HOTSPOT",0.8635,61,"DEFECT_ATTENDANCE",79,1,1,1,87,118,1,0.74,0,0.155,0.722,0.7491
ML-GEN-01974,"TRD","NR","DLI","GZB-MB",515,1,59.501,60.724,1.223,"ES-D05B","BIRD_MENACE",0.9102,9,"POH_SCHEDULE",107,1,1,1,141,84,1,0.75,1,0.574,0.609,0.6725
ML-GEN-01397,"TRD","ECR","DNR","BXR-DNR",655,1,612.549,613.902,1.354,"ES-09B","CW_WEAR",0.4473,14,"POH_SCHEDULE",135,1,1,1,86,101,1,0.9,0,0.212,0.813,0.612
ML-GEN-01975,"TRD","ECR","DNR","PNBE-RJPB",870,1,545.118,546.335,1.217,"ES-18A","INSULATOR_FLASHOVER",0.7245,10,"FOOT_PATROL",48,1,1,0,160,62,0,0,0,0.578,0.751,0.6407
ML-GEN-02168,"TRD","CR","BSL","KYN-BSL",386,1,92.787,93.499,0.712,"ES-C50B","INSULATOR_FLASHOVER",0.6332,10,"AOH_SCHEDULE",234,1,1,1,114,106,0,0,0,0.887,0.667,0.6256
ML-GEN-00722,"TRD","CR","BSL","BSL-NGP",465,0,781.782,783.846,2.064,"ES-C54A","BIRD_MENACE",0.7823,11,"DEFECT_ATTENDANCE",63,1,1,1,77,131,1,0.96,0,0.827,0.368,0.6547
ML-GEN-01608,"TRD","NR","DLI","NDLS-GZB",823,1,29.25,29.792,0.542,"ES-D02B","NEUTRAL_PTFE",0.7724,11,"FOOT_PATROL",60,1,1,1,193,30,0,0,0,0.182,0.647,0.619
ML-GEN-01307,"TRD","CR","BSL","KYN-BSL",386,0,441.236,444.711,3.475,"ES-C51A","STEADYARM_CORRODED",0.4457,14,"EMERGENCY_REPAIR",71,1,1,1,91,133,1,0.9,0,0.172,0.432,0.5852
ML-GEN-02243,"TRD","CR","BSL","KYN-BSL",386,0,129.306,129.962,0.656,"ES-C50A","CANTILEVER_MISALIGN",0.6503,17,"PREVENTIVE_MAINT",163,1,1,1,90,130,0,0,0,0.511,0.666,0.6342
ML-GEN-01598,"TRD","CR","BSL","KYN-BSL",386,0,197.885,198.872,0.986,"ES-C50B","DROPPER_DEFECTIVE",0.5037,10,"PREVENTIVE_MAINT",136,1,1,1,95,125,0,0,0,0.332,0.64,0.6077
ML-GEN-01886,"TRD","WR","BCT","BCT-BVI",543,1,38.426,39.766,1.34,"ES-W41B","DROPPER_DEFECTIVE",0.667,15,"EMERGENCY_REPAIR",66,1,1,1,272,30,1,0.83,0,0.145,0.687,0.6225
ML-GEN-00780,"TRD","WR","BCT","BCT-BVI",543,1,39.197,41.79,2.593,"ES-W41B","CW_WEAR",0.6218,9,"FOOT_PATROL",100,1,1,1,211,30,1,0.7,1,0.52,0.679,0.609
ML-GEN-00432,"TRD","WR","BCT","BVI-VR",208,1,99.888,104.504,4.616,"ES-W43B","CW_WEAR",0.6139,84,"PREVENTIVE_MAINT",111,1,1,1,222,30,0,0,0,0.697,0.616,0.7757
ML-GEN-01060,"TRD","WR","BCT","BCT-BVI",543,0,20.029,20.564,0.535,"ES-W41A","CW_WEAR",0.6009,15,"DEFECT_ATTENDANCE",80,1,1,0,245,30,1,0.51,0,0.796,0.626,0.6611
ML-GEN-00030,"TRD","NR","DLI","GZB-MB",515,0,57.7,61.352,3.652,"ES-D04B","STEADYARM_CORRODED",0.465,14,"PREVENTIVE_MAINT",77,1,1,0,129,109,1,0.88,0,0.787,0.595,0.6203
ML-GEN-00382,"TRD","WR","BCT","BCT-BVI",543,0,10.72,13.999,3.279,"ES-W42A","CW_WEAR",0.4957,12,"FOOT_PATROL",108,1,1,1,294,30,0,0,0,0.217,0.781,0.5925
ML-GEN-00629,"TRD","WR","BCT","BVI-VR",208,1,103.392,106.533,3.14,"ES-W44B","DROPPER_DEFECTIVE",0.6693,7,"FOOT_PATROL",114,1,1,1,229,30,1,0.51,0,0.844,0.409,0.6216
ML-GEN-01469,"TRD","NR","DLI","NDLS-PWL",389,1,23.743,25.801,2.058,"ES-D06A","CANTILEVER_MISALIGN",0.6143,9,"POH_SCHEDULE",78,1,1,0,99,105,1,0.75,0,0.273,0.661,0.6118
ML-GEN-00291,"TRD","CR","BSL","KYN-BSL",386,0,124.165,128.618,4.454,"ES-C51B","CANTILEVER_MISALIGN",0.5086,7,"DEFECT_ATTENDANCE",155,1,1,1,88,138,1,0.75,0,0.208,0.876,0.599
ML-GEN-01100,"TRD","CR","BSL","KYN-BSL",386,1,172.172,174.389,2.217,"ES-C51A","JUMPER_HOTSPOT",0.8213,15,"AOH_SCHEDULE",131,1,1,1,84,173,1,0.73,0,0.629,0.41,0.6559
ML-GEN-00067,"TRD","CR","BSL","KYN-BSL",386,0,357.564,361.603,4.039,"ES-C50B","INSULATOR_FLASHOVER",0.8119,16,"AOH_SCHEDULE",208,1,1,1,97,138,1,0.75,0,0.479,0.78,0.6821
ML-GEN-02490,"TRD","NR","DLI","NDLS-GZB",823,1,21.773,23.72,1.947,"ES-D01A","NEUTRAL_PTFE",0.5164,5,"AOH_SCHEDULE",169,1,1,1,163,35,1,0.79,0,0.39,0.565,0.6087
ML-GEN-00866,"TRD","NR","DLI","GZB-MB",515,1,35.411,40.06,4.649,"ES-D04B","CW_WEAR",0.5334,13,"PREVENTIVE_MAINT",83,1,1,1,110,78,1,0.86,1,0.458,0.86,0.6266
ML-GEN-00693,"TRD","CR","BSL","KYN-BSL",386,1,124.718,127.887,3.168,"ES-C50A","CW_WEAR",0.8799,49,"EMERGENCY_REPAIR",81,1,1,1,100,163,1,0.87,0,0.163,0.828,0.7298
ML-GEN-02083,"TRD","NR","DLI","NDLS-PWL",389,1,36.752,38.703,1.951,"ES-D06A","DROPPER_DEFECTIVE",0.566,51,"AOH_SCHEDULE",186,1,1,1,99,86,1,0.58,0,0.171,0.871,0.7078
ML-GEN-01095,"TRD","ECR","DNR","BXR-DNR",655,0,610.16,612.667,2.507,"ES-09B","CW_WEAR",0.7732,12,"EMERGENCY_REPAIR",91,1,1,1,95,144,1,0.81,0,0.589,0.405,0.6464
ML-GEN-00326,"TRD","ECR","DNR","PNBE-RJPB",870,0,545.883,547.037,1.154,"ES-19A","CW_WEAR",0.7826,9,"POH_SCHEDULE",193,1,1,1,136,71,0,0,1,0.641,0.857,0.6454
ML-GEN-00381,"TRD","CR","BSL","BSL-NGP",465,0,731.512,732.815,1.304,"ES-C54A","JUMPER_HOTSPOT",0.8503,19,"FOOT_PATROL",68,1,1,1,68,171,0,0,0,0.686,0.412,0.6658
ML-GEN-02286,"TRD","WR","BCT","BCT-BVI",543,0,41.815,46.498,4.683,"ES-W41A","BIRD_MENACE",0.9586,13,"POH_SCHEDULE",80,1,1,1,230,30,0,0,0,0.105,0.512,0.623
ML-GEN-01093,"TRD","WR","BCT","BCT-BVI",543,1,3.368,5.221,1.854,"ES-W41A","CW_WEAR",0.8284,9,"PREVENTIVE_MAINT",140,1,1,1,279,30,1,0.69,0,0.335,0.531,0.6323
ML-GEN-00319,"TRD","NR","DLI","NDLS-PWL",389,1,20.826,21.974,1.148,"ES-D07B","ANTICREEP_DEFECT",0.4694,11,"DEFECT_ATTENDANCE",129,1,1,1,101,118,0,0,0,0.405,0.741,0.6203
ML-GEN-02144,"TRD","WR","BCT","BVI-VR",208,1,98.198,99.817,1.62,"ES-W44B","JUMPER_HOTSPOT",0.9048,12,"DEFECT_ATTENDANCE",68,1,1,0,232,30,1,0.77,0,0.401,0.843,0.6715
ML-GEN-01757,"TRD","NR","DLI","GZB-MB",515,1,58.004,61.944,3.94,"ES-D05B","CW_WEAR",0.4872,14,"DEFECT_ATTENDANCE",120,1,1,1,138,110,1,0.79,0,0.739,0.447,0.6373
ML-GEN-02409,"TRD","NR","DLI","NDLS-GZB",823,0,17.984,20.3,2.316,"ES-D03A","INSULATOR_FLASHOVER",0.9149,11,"FOOT_PATROL",92,1,1,1,163,65,1,0.77,1,0.239,0.416,0.6412
ML-GEN-00684,"TRD","WR","BCT","BCT-BVI",543,0,35.699,38.768,3.069,"ES-W40B","JUMPER_HOTSPOT",0.9641,13,"DEFECT_ATTENDANCE",95,1,1,1,277,30,0,0,0,0.391,0.416,0.6509
ML-GEN-01130,"TRD","NR","DLI","GZB-MB",515,1,45.854,48.232,2.379,"ES-D05A","CANTILEVER_MISALIGN",0.6818,8,"AOH_SCHEDULE",132,1,1,1,120,92,0,0,1,0.881,0.674,0.6295
ML-GEN-02418,"TRD","ECR","DNR","BXR-DNR",655,0,614.005,614.985,0.98,"ES-09B","CW_WEAR",0.7814,13,"AOH_SCHEDULE",120,1,1,1,88,163,0,0,0,0.272,0.595,0.6519
ML-GEN-01449,"TRD","NR","DLI","NDLS-PWL",389,1,14.069,17.747,3.678,"ES-D06A","ANTICREEP_DEFECT",0.535,17,"EMERGENCY_REPAIR",60,1,1,0,93,154,1,0.8,0,0.795,0.724,0.6496
ML-GEN-00450,"TRD","WR","BCT","BVI-VR",208,1,102.02,102.594,0.575,"ES-W43B","CW_WEAR",0.4811,14,"EMERGENCY_REPAIR",56,1,0,0,197,30,0,0,1,0.741,0.69,0.6499
ML-GEN-02226,"TRD","WR","BCT","BCT-BVI",543,1,33.907,38.671,4.764,"ES-W41B","INSULATOR_FLASHOVER",0.8347,20,"POH_SCHEDULE",96,1,1,1,306,30,1,0.67,0,0.52,0.457,0.6685
ML-GEN-01603,"TRD","NR","DLI","NDLS-PWL",389,0,18.415,19.118,0.703,"ES-D07A","CANTILEVER_MISALIGN",0.8596,16,"EMERGENCY_REPAIR",33,1,1,0,103,109,1,0.86,1,0.771,0.663,0.6836
ML-GEN-02107,"TRD","NR","DLI","GZB-MB",515,1,52.697,56.276,3.579,"ES-D04B","CW_WEAR",0.5793,11,"EMERGENCY_REPAIR",58,1,1,0,130,61,0,0,1,0.408,0.61,0.6514
ML-GEN-01392,"TRD","CR","BSL","KYN-BSL",386,1,60.874,65.156,4.282,"ES-C52A","CW_WEAR",0.7284,51,"EMERGENCY_REPAIR",45,1,1,0,109,126,1,0.65,1,0.157,0.4,0.7112
ML-GEN-00847,"TRD","NR","DLI","GZB-MB",515,1,47.162,48.361,1.199,"ES-D04A","CANTILEVER_MISALIGN",0.8892,10,"PREVENTIVE_MAINT",135,1,1,1,106,106,0,0,0,0.839,0.532,0.6595
ML-GEN-01202,"TRD","WR","BCT","BVI-VR",208,0,89.618,90.922,1.304,"ES-W44B","INSULATOR_FLASHOVER",0.8702,13,"DEFECT_ATTENDANCE",154,1,1,1,227,30,0,0,0,0.839,0.631,0.6648
ML-GEN-00206,"TRD","WR","BCT","BVI-VR",208,0,55.79,57.996,2.206,"ES-W44B","DROPPER_DEFECTIVE",0.5001,10,"POH_SCHEDULE",138,1,1,1,199,30,0,0,0,0.113,0.601,0.6023
ML-GEN-00068,"TRD","NR","DLI","NDLS-GZB",823,1,23.605,27.632,4.026,"ES-D03A","CANTILEVER_MISALIGN",0.5399,10,"EMERGENCY_REPAIR",100,1,1,1,199,30,1,0.97,0,0.337,0.583,0.6008
ML-GEN-01041,"TRD","NR","DLI","GZB-MB",515,1,33.533,37.728,4.195,"ES-D04A","INSULATOR_FLASHOVER",0.7541,14,"PREVENTIVE_MAINT",63,1,1,0,111,105,1,0.92,0,0.679,0.695,0.6367
ML-GEN-00384,"TRD","NR","DLI","GZB-MB",515,0,40.671,41.214,0.543,"ES-D04A","CW_WEAR",0.6356,17,"FOOT_PATROL",65,1,1,0,116,133,1,0.54,0,0.772,0.512,0.6508
ML-GEN-02447,"TRD","ECR","DNR","MKA-BKP",417,1,489.452,490.606,1.153,"ES-31A","JUMPER_HOTSPOT",0.8442,15,"EMERGENCY_REPAIR",62,1,1,1,81,140,0,0,0,0.56,0.824,0.6668
ML-GEN-01611,"TRD","ECR","DNR","BXR-DNR",655,1,610.155,612.785,2.63,"ES-09C","STEADYARM_CORRODED",0.5773,10,"POH_SCHEDULE",103,1,1,1,102,132,1,0.96,0,0.419,0.803,0.6322
ML-GEN-02166,"TRD","ECR","DNR","DNR-PNBE",454,1,540.366,541.269,0.903,"ES-25A","ANTICREEP_DEFECT",0.546,13,"FOOT_PATROL",47,1,0,0,114,115,0,0,0,0.19,0.877,0.6347
ML-GEN-02268,"TRD","WR","BCT","BCT-BVI",543,1,9.402,9.986,0.584,"ES-W41B","INSULATOR_FLASHOVER",0.6764,13,"POH_SCHEDULE",153,1,1,1,254,30,1,0.96,0,0.732,0.546,0.6547
ML-GEN-00226,"TRD","CR","BSL","BSL-NGP",465,0,749.764,751.24,1.476,"ES-C53A","CANTILEVER_MISALIGN",0.7867,5,"FOOT_PATROL",88,1,1,0,71,148,1,0.73,0,0.503,0.462,0.6292
ML-GEN-02187,"TRD","NR","DLI","NDLS-PWL",389,0,25.297,27.241,1.944,"ES-D06B","NEUTRAL_PTFE",0.7053,48,"FOOT_PATROL",107,1,1,1,120,78,1,0.58,0,0.874,0.887,0.7252
ML-GEN-00865,"TRD","ECR","DNR","MKA-BKP",417,0,490.353,492.271,1.918,"ES-31B","DROPPER_DEFECTIVE",0.4976,14,"PREVENTIVE_MAINT",79,1,1,0,98,115,1,0.68,0,0.799,0.86,0.647
ML-GEN-00160,"TRD","NR","DLI","NDLS-GZB",823,1,6.214,9.008,2.793,"ES-D02A","CW_WEAR",0.5033,14,"FOOT_PATROL",102,1,1,1,166,57,1,0.92,1,0.136,0.613,0.6177
ML-GEN-00468,"TRD","CR","BSL","BSL-NGP",465,1,687.63,692.016,4.386,"ES-C54B","INSULATOR_FLASHOVER",0.8385,13,"EMERGENCY_REPAIR",67,1,1,1,80,154,1,0.83,0,0.837,0.348,0.6708
ML-GEN-00682,"TRD","WR","BCT","BVI-VR",208,1,95.069,96.752,1.684,"ES-W43B","INSULATOR_FLASHOVER",0.7132,7,"POH_SCHEDULE",93,1,1,1,138,71,1,0.74,0,0.109,0.425,0.6164
ML-GEN-01814,"TRD","ECR","DNR","BXR-DNR",655,1,612.24,613.554,1.315,"ES-09A","JUMPER_HOTSPOT",0.7289,41,"PREVENTIVE_MAINT",130,1,1,1,119,123,0,0,1,0.442,0.586,0.7008
ML-GEN-01111,"TRD","NR","DLI","NDLS-PWL",389,1,42.219,44.789,2.569,"ES-D06A","DROPPER_DEFECTIVE",0.7417,12,"EMERGENCY_REPAIR",38,1,1,1,106,108,0,0,1,0.593,0.599,0.6472
ML-GEN-01635,"TRD","NR","DLI","NDLS-PWL",389,1,32.654,36.959,4.305,"ES-D07B","JUMPER_HOTSPOT",0.8712,14,"DEFECT_ATTENDANCE",126,1,1,1,121,130,0,0,0,0.895,0.425,0.6704
ML-GEN-01167,"TRD","ECR","DNR","DNR-PNBE",454,0,541.89,543.597,1.707,"ES-25A","CW_WEAR",0.5794,7,"POH_SCHEDULE",122,1,1,1,116,117,0,0,0,0.766,0.563,0.6358
ML-GEN-01952,"TRD","CR","BSL","KYN-BSL",386,0,166.619,171.52,4.902,"ES-C51B","INSULATOR_FLASHOVER",0.6912,8,"AOH_SCHEDULE",216,1,1,1,83,129,1,0.79,0,0.801,0.613,0.6335
ML-GEN-00881,"TRD","WR","BCT","BCT-BVI",543,0,38.888,40.171,1.282,"ES-W40A","DROPPER_DEFECTIVE",0.8053,10,"FOOT_PATROL",70,1,1,1,273,30,1,0.87,0,0.35,0.648,0.6512
ML-GEN-01351,"TRD","CR","BSL","BSL-NGP",465,1,524.443,527.487,3.044,"ES-C54A","CW_WEAR",0.459,10,"EMERGENCY_REPAIR",58,1,1,0,73,145,0,0,0,0.152,0.499,0.5939
ML-GEN-01128,"TRD","ECR","DNR","PNBE-RJPB",870,0,545.608,547.426,1.819,"ES-18B","INSULATOR_FLASHOVER",0.6982,13,"FOOT_PATROL",61,1,1,1,137,70,1,0.99,0,0.297,0.638,0.6498
ML-GEN-01476,"TRD","NR","DLI","NDLS-PWL",389,0,26.51,29.836,3.327,"ES-D07A","CW_WEAR",0.6897,90,"EMERGENCY_REPAIR",66,1,1,0,97,114,1,0.56,0,0.821,0.61,0.7971
ML-GEN-00296,"TRD","CR","BSL","KYN-BSL",386,0,314.949,318.247,3.297,"ES-C52A","INSULATOR_FLASHOVER",0.7448,6,"PREVENTIVE_MAINT",187,1,1,1,97,138,0,0,0,0.269,0.653,0.6365
ML-GEN-00956,"TRD","ECR","DNR","MKA-BKP",417,1,490.801,491.7,0.899,"ES-31A","INSULATOR_FLASHOVER",0.5036,15,"EMERGENCY_REPAIR",42,1,0,1,76,166,0,0,0,0.768,0.115,0.5996
ML-GEN-00286,"TRD","ECR","DNR","DNR-PNBE",454,1,541.621,543.622,2.001,"ES-24B","CANTILEVER_MISALIGN",0.8982,6,"EMERGENCY_REPAIR",54,1,1,1,124,83,0,0,0,0.212,0.68,0.6411
ML-GEN-00394,"TRD","WR","BCT","BCT-BVI",543,1,2.225,5.471,3.246,"ES-W41B","DROPPER_DEFECTIVE",0.7675,7,"EMERGENCY_REPAIR",51,1,1,1,245,30,0,0,1,0.129,0.699,0.5884
ML-GEN-00469,"TRD","CR","BSL","KYN-BSL",386,1,339.049,342.32,3.271,"ES-C50A","INSULATOR_FLASHOVER",0.8285,16,"AOH_SCHEDULE",191,1,1,1,92,121,1,0.63,0,0.379,0.697,0.6624
ML-GEN-01481,"TRD","WR","BCT","BCT-BVI",543,0,6.291,10.079,3.787,"ES-W40A","DROPPER_DEFECTIVE",0.512,16,"POH_SCHEDULE",193,1,1,1,268,30,0,0,0,0.795,0.423,0.6401
ML-GEN-00116,"TRD","ECR","DNR","DNR-PNBE",454,0,541.572,542.262,0.691,"ES-24A","DROPPER_DEFECTIVE",0.4918,13,"EMERGENCY_REPAIR",95,1,1,1,120,130,1,0.67,0,0.728,0.875,0.6384
ML-GEN-01679,"TRD","NR","DLI","GZB-MB",515,0,38.936,43.602,4.667,"ES-D04A","CW_WEAR",0.5808,14,"POH_SCHEDULE",124,1,1,1,117,103,0,0,0,0.552,0.867,0.6562
ML-GEN-00365,"TRD","ECR","DNR","PNBE-RJPB",870,0,546.589,548.94,2.352,"ES-19A","JUMPER_HOTSPOT",0.9687,10,"AOH_SCHEDULE",140,1,1,1,138,97,0,0,1,0.37,0.538,0.6529
ML-GEN-01119,"TRD","NR","DLI","NDLS-PWL",389,0,9.352,10.698,1.346,"ES-D07B","DROPPER_DEFECTIVE",0.7308,9,"FOOT_PATROL",77,1,1,0,110,83,1,0.56,0,0.501,0.775,0.6533
ML-GEN-02383,"TRD","ECR","DNR","BXR-DNR",655,1,611.272,612.087,0.815,"ES-09B","JUMPER_HOTSPOT",0.785,14,"FOOT_PATROL",66,1,1,0,101,94,1,0.93,1,0.515,0.713,0.6567
ML-GEN-00654,"TRD","ECR","DNR","PNBE-RJPB",870,1,545.845,546.712,0.866,"ES-18A","CW_WEAR",0.6883,7,"AOH_SCHEDULE",233,1,1,1,126,91,1,0.93,0,0.441,0.661,0.6351
ML-GEN-02481,"TRD","ECR","DNR","DNR-PNBE",454,1,540.202,542.495,2.292,"ES-25A","JUMPER_HOTSPOT",0.9357,17,"PREVENTIVE_MAINT",117,1,1,1,126,102,0,0,0,0.674,0.563,0.6777
ML-GEN-00309,"TRD","WR","BCT","BVI-VR",208,1,77.717,79.531,1.814,"ES-W44A","NEUTRAL_PTFE",0.7243,11,"PREVENTIVE_MAINT",145,1,1,1,199,30,1,0.6,0,0.148,0.674,0.6398
ML-GEN-01383,"TRD","NR","DLI","GZB-MB",515,1,56.753,61.16,4.407,"ES-D04A","STEADYARM_CORRODED",0.6485,11,"AOH_SCHEDULE",198,1,1,1,102,125,0,0,0,0.857,0.767,0.6401
ML-GEN-02327,"TRD","NR","DLI","NDLS-PWL",389,1,40.343,42.179,1.836,"ES-D07B","DROPPER_DEFECTIVE",0.7583,8,"POH_SCHEDULE",107,1,1,1,123,70,1,0.64,1,0.396,0.766,0.6312
ML-GEN-00809,"TRD","ECR","DNR","BXR-DNR",655,1,613.321,613.837,0.516,"ES-09A","CW_WEAR",0.7158,14,"DEFECT_ATTENDANCE",139,1,1,1,104,113,1,0.78,0,0.479,0.457,0.6592
ML-GEN-02237,"TRD","WR","BCT","BCT-BVI",543,1,13.292,14.224,0.932,"ES-W41A","CW_WEAR",0.4842,13,"EMERGENCY_REPAIR",81,1,1,0,266,30,1,0.56,0,0.48,0.492,0.5992
ML-GEN-00784,"TRD","WR","BCT","BVI-VR",208,0,61.355,62.243,0.888,"ES-W43B","CANTILEVER_MISALIGN",0.7053,20,"FOOT_PATROL",111,1,1,1,207,30,1,0.95,0,0.143,0.639,0.6418
ML-GEN-00178,"TRD","CR","BSL","BSL-NGP",465,0,713.317,717.128,3.811,"ES-C54B","CW_WEAR",0.6078,14,"AOH_SCHEDULE",162,1,1,1,70,141,1,0.97,0,0.328,0.485,0.6345
ML-GEN-01037,"TRD","WR","BCT","BVI-VR",208,1,80.818,85.3,4.482,"ES-W44A","DROPPER_DEFECTIVE",0.5633,12,"POH_SCHEDULE",186,1,1,1,178,30,1,0.64,0,0.291,0.811,0.6204
ML-GEN-00785,"TRD","CR","BSL","KYN-BSL",386,0,140.616,143.951,3.334,"ES-C51B","NEUTRAL_PTFE",0.739,55,"EMERGENCY_REPAIR",76,1,1,0,83,130,1,0.95,0,0.531,0.517,0.7174
ML-GEN-01188,"TRD","NR","DLI","GZB-MB",515,0,53.765,58.099,4.334,"ES-D04A","CW_WEAR",0.8075,88,"PREVENTIVE_MAINT",126,1,1,1,125,88,1,0.97,0,0.583,0.589,0.807
ML-GEN-00890,"TRD","ECR","DNR","BXR-DNR",655,1,610.634,613.066,2.432,"ES-09B","INSULATOR_FLASHOVER",0.985,12,"DEFECT_ATTENDANCE",56,1,1,1,108,123,1,0.96,0,0.705,0.424,0.6752
ML-GEN-00017,"TRD","NR","DLI","NDLS-PWL",389,0,0.927,2.352,1.425,"ES-D07B","CW_WEAR",0.7008,19,"AOH_SCHEDULE",167,1,1,1,143,74,1,0.73,0,0.329,0.845,0.6619
ML-GEN-00201,"TRD","WR","BCT","BCT-BVI",543,1,9.579,13.408,3.829,"ES-W40B","INSULATOR_FLASHOVER",0.9185,13,"POH_SCHEDULE",185,1,1,1,270,30,1,0.67,1,0.339,0.899,0.6852
ML-GEN-00348,"TRD","WR","BCT","BVI-VR",208,1,83.86,88.394,4.534,"ES-W43A","STEADYARM_CORRODED",0.69,14,"FOOT_PATROL",101,1,1,1,195,30,1,0.58,1,0.367,0.609,0.6448
ML-GEN-01442,"TRD","WR","BCT","BVI-VR",208,1,57.509,61.851,4.342,"ES-W43A","DROPPER_DEFECTIVE",0.5242,10,"PREVENTIVE_MAINT",165,1,1,1,185,58,1,0.74,0,0.465,0.5,0.6175
ML-GEN-00062,"TRD","CR","BSL","KYN-BSL",386,1,87.999,88.628,0.629,"ES-C50B","NEUTRAL_PTFE",0.5345,13,"POH_SCHEDULE",157,1,1,1,88,160,1,0.52,0,0.227,0.46,0.611
ML-GEN-01911,"TRD","NR","DLI","GZB-MB",515,0,55.951,57.1,1.149,"ES-D04A","ANTICREEP_DEFECT",0.6572,4,"POH_SCHEDULE",172,1,1,1,144,69,1,0.59,0,0.408,0.623,0.6007
ML-GEN-02035,"TRD","NR","DLI","GZB-MB",515,1,55.026,57.393,2.367,"ES-D04A","CW_WEAR",0.5968,10,"AOH_SCHEDULE",150,1,1,1,131,92,0,0,0,0.482,0.833,0.6432
ML-GEN-02260,"TRD","ECR","DNR","BXR-DNR",655,1,612.012,614.542,2.53,"ES-10A","BIRD_MENACE",0.937,10,"DEFECT_ATTENDANCE",96,1,1,1,101,146,1,0.88,0,0.519,0.452,0.652
ML-GEN-00554,"TRD","WR","BCT","BCT-BVI",543,1,53.084,54.185,1.101,"ES-W41B","CW_WEAR",0.5145,13,"PREVENTIVE_MAINT",139,1,1,1,275,30,1,0.62,1,0.34,0.735,0.612
ML-GEN-01664,"TRD","ECR","DNR","DNR-PNBE",454,0,540.727,542.594,1.867,"ES-25A","CW_WEAR",0.5999,12,"DEFECT_ATTENDANCE",70,1,1,0,113,116,1,0.57,1,0.256,0.591,0.6203
ML-GEN-01479,"TRD","CR","BSL","BSL-NGP",465,1,698.735,701.257,2.523,"ES-C54B","JUMPER_HOTSPOT",0.9583,10,"AOH_SCHEDULE",139,1,1,1,69,163,1,0.6,0,0.827,0.237,0.6547
ML-GEN-00864,"TRD","CR","BSL","BSL-NGP",465,0,765.945,767.797,1.851,"ES-C53B","JUMPER_HOTSPOT",0.7903,10,"AOH_SCHEDULE",257,1,1,1,72,165,1,0.86,0,0.451,0.369,0.6414
ML-GEN-00515,"TRD","WR","BCT","BVI-VR",208,1,71.236,73.205,1.968,"ES-W43A","CANTILEVER_MISALIGN",0.6047,18,"AOH_SCHEDULE",202,1,1,1,223,30,1,0.74,1,0.2,0.81,0.6611
ML-GEN-00645,"TRD","NR","DLI","NDLS-GZB",823,1,7.932,10.558,2.626,"ES-D02A","CANTILEVER_MISALIGN",0.6705,13,"EMERGENCY_REPAIR",45,1,0,1,162,30,0,0,0,0.445,0.488,0.6332
ML-GEN-00871,"TRD","CR","BSL","BSL-NGP",465,1,583.917,586.632,2.715,"ES-C53B","ANTICREEP_DEFECT",0.5477,12,"PREVENTIVE_MAINT",174,1,1,1,60,164,0,0,0,0.882,0.299,0.6333
ML-GEN-01385,"TRD","ECR","DNR","MKA-BKP",417,0,491.707,492.764,1.057,"ES-31A","JUMPER_HOTSPOT",0.7044,16,"DEFECT_ATTENDANCE",72,1,1,1,83,129,0,0,0,0.893,0.822,0.6707
ML-GEN-00456,"TRD","WR","BCT","BVI-VR",208,1,89.852,93.984,4.132,"ES-W43A","INSULATOR_FLASHOVER",0.9182,12,"POH_SCHEDULE",136,1,1,1,191,30,1,0.67,1,0.401,0.83,0.6615
ML-GEN-00210,"TRD","ECR","DNR","DNR-PNBE",454,1,542.047,543.7,1.653,"ES-24A","INSULATOR_FLASHOVER",0.7644,12,"FOOT_PATROL",32,1,1,0,122,106,1,0.82,0,0.328,0.447,0.6191
ML-GEN-02273,"TRD","CR","BSL","BSL-NGP",465,1,528.222,530.515,2.292,"ES-C53A","INSULATOR_FLASHOVER",0.9424,10,"DEFECT_ATTENDANCE",80,1,1,0,81,123,1,0.63,0,0.595,0.601,0.6496
ML-GEN-01051,"TRD","ECR","DNR","BXR-DNR",655,0,612.927,614.767,1.84,"ES-09B","CW_WEAR",0.6396,12,"EMERGENCY_REPAIR",79,1,1,0,102,142,0,0,0,0.416,0.811,0.6329
ML-GEN-01630,"TRD","WR","BCT","BCT-BVI",543,1,2.878,4.436,1.558,"ES-W42A","INSULATOR_FLASHOVER",0.8978,15,"POH_SCHEDULE",153,1,1,1,258,30,1,0.67,1,0.107,0.738,0.6493
ML-GEN-00134,"TRD","NR","DLI","NDLS-PWL",389,0,29.678,30.502,0.824,"ES-D06B","DROPPER_DEFECTIVE",0.4374,9,"POH_SCHEDULE",148,1,1,1,96,114,0,0,0,0.23,0.567,0.5957
ML-GEN-01432,"TRD","WR","BCT","BCT-BVI",543,1,51.049,51.855,0.806,"ES-W40A","INSULATOR_FLASHOVER",0.6351,12,"PREVENTIVE_MAINT",162,1,1,1,275,30,1,0.95,1,0.835,0.651,0.613
ML-GEN-00688,"TRD","ECR","DNR","BXR-DNR",655,0,610.741,613.695,2.954,"ES-09B","DROPPER_DEFECTIVE",0.7709,13,"AOH_SCHEDULE",170,1,1,1,99,116,1,0.55,0,0.243,0.417,0.6341
ML-GEN-00748,"TRD","CR","BSL","KYN-BSL",386,0,375.175,379.674,4.499,"ES-C52A","CANTILEVER_MISALIGN",0.7683,7,"AOH_SCHEDULE",181,1,1,1,71,141,1,0.96,0,0.736,0.178,0.6232
ML-GEN-00503,"TRD","WR","BCT","BCT-BVI",543,1,42.685,44.722,2.036,"ES-W40A","JUMPER_HOTSPOT",0.8379,12,"FOOT_PATROL",67,1,1,1,246,30,1,0.57,1,0.656,0.434,0.6542
ML-GEN-02164,"TRD","ECR","DNR","BXR-DNR",655,1,613.153,615.39,2.237,"ES-10A","CW_WEAR",0.676,6,"PREVENTIVE_MAINT",142,1,1,1,76,145,1,0.63,0,0.581,0.307,0.6103
ML-GEN-02242,"TRD","NR","DLI","GZB-MB",515,0,59.643,62.406,2.763,"ES-D05B","CANTILEVER_MISALIGN",0.5817,10,"POH_SCHEDULE",190,1,1,1,124,111,0,0,0,0.89,0.51,0.6331
ML-GEN-00395,"TRD","CR","BSL","BSL-NGP",465,1,687.276,690.288,3.012,"ES-C53B","DROPPER_DEFECTIVE",0.7532,6,"DEFECT_ATTENDANCE",87,1,1,0,65,180,1,0.66,0,0.342,0.177,0.6093
ML-GEN-02277,"TRD","CR","BSL","BSL-NGP",465,0,465.02,466.443,1.423,"ES-C53A","DROPPER_DEFECTIVE",0.5132,12,"PREVENTIVE_MAINT",150,1,1,1,72,136,1,0.85,0,0.827,0.433,0.63
ML-GEN-01462,"TRD","WR","BCT","BCT-BVI",543,0,3.041,6.53,3.49,"ES-W40B","ANTICREEP_DEFECT",0.6621,16,"DEFECT_ATTENDANCE",119,1,1,1,240,30,0,0,1,0.422,0.667,0.6252
ML-GEN-00508,"TRD","CR","BSL","KYN-BSL",386,0,230.188,232.165,1.977,"ES-C50B","CANTILEVER_MISALIGN",0.6036,83,"DEFECT_ATTENDANCE",136,1,1,1,95,94,1,0.93,0,0.498,0.646,0.7702
ML-GEN-00777,"TRD","WR","BCT","BCT-BVI",543,0,21.27,22.281,1.011,"ES-W40A","CW_WEAR",0.6176,17,"DEFECT_ATTENDANCE",83,1,1,0,271,30,1,0.72,1,0.343,0.502,0.6241
ML-GEN-01967,"TRD","ECR","DNR","PNBE-RJPB",870,1,547.216,548.564,1.349,"ES-18A","INSULATOR_FLASHOVER",0.5497,12,"POH_SCHEDULE",204,1,1,1,114,88,1,0.85,1,0.626,0.727,0.6194
ML-GEN-01846,"TRD","CR","BSL","BSL-NGP",465,1,657.984,662.381,4.397,"ES-C54B","CW_WEAR",0.4838,12,"FOOT_PATROL",118,1,1,1,60,178,1,0.62,0,0.462,0.486,0.5804
ML-GEN-01158,"TRD","ECR","DNR","DNR-PNBE",454,0,541.296,542.027,0.731,"ES-24B","NEUTRAL_PTFE",0.5951,35,"EMERGENCY_REPAIR",42,1,0,1,97,116,1,0.51,0,0.31,0.878,0.684
ML-GEN-01718,"TRD","CR","BSL","BSL-NGP",465,1,574.046,576.35,2.305,"ES-C54A","NEUTRAL_PTFE",0.9188,13,"AOH_SCHEDULE",179,1,1,1,67,173,1,0.68,0,0.859,0.42,0.6538
ML-GEN-00825,"TRD","WR","BCT","BVI-VR",208,0,74.45,78.113,3.663,"ES-W44A","CANTILEVER_MISALIGN",0.6402,15,"AOH_SCHEDULE",193,1,1,1,157,81,1,0.85,1,0.861,0.546,0.649
ML-GEN-01780,"TRD","CR","BSL","BSL-NGP",465,1,568.696,573.099,4.404,"ES-C53B","BIRD_MENACE",0.7168,14,"AOH_SCHEDULE",196,1,1,1,73,158,0,0,0,0.868,0.482,0.6513
ML-GEN-01316,"TRD","WR","BCT","BVI-VR",208,1,59.866,62.598,2.732,"ES-W43A","DROPPER_DEFECTIVE",0.5696,13,"DEFECT_ATTENDANCE",54,1,0,1,215,30,1,0.74,0,0.782,0.712,0.6519
ML-GEN-00091,"TRD","NR","DLI","GZB-MB",515,0,39.512,41.819,2.308,"ES-D05B","CW_WEAR",0.7318,13,"DEFECT_ATTENDANCE",34,1,1,1,115,85,0,0,1,0.855,0.823,0.6569
ML-GEN-00360,"TRD","ECR","DNR","BXR-DNR",655,0,611.273,612.344,1.071,"ES-09C","NEUTRAL_PTFE",0.6695,14,"AOH_SCHEDULE",199,1,1,1,102,142,0,0,0,0.552,0.803,0.6434
ML-GEN-02054,"TRD","ECR","DNR","PNBE-RJPB",870,0,545.714,547.495,1.781,"ES-18B","ANTICREEP_DEFECT",0.5798,12,"EMERGENCY_REPAIR",53,1,0,0,122,99,1,0.63,0,0.183,0.656,0.6324
ML-GEN-01588,"TRD","NR","DLI","NDLS-GZB",823,1,9.994,11.256,1.262,"ES-D01A","DROPPER_DEFECTIVE",0.4747,6,"FOOT_PATROL",78,1,1,1,206,30,0,0,1,0.805,0.58,0.6233
ML-GEN-02159,"TRD","NR","DLI","NDLS-PWL",389,0,28.844,31.749,2.905,"ES-D07A","JUMPER_HOTSPOT",0.8956,11,"EMERGENCY_REPAIR",59,1,1,1,124,86,1,0.58,0,0.349,0.44,0.6503
ML-GEN-02217,"TRD","WR","BCT","BCT-BVI",543,1,16.167,17.24,1.073,"ES-W41A","CANTILEVER_MISALIGN",0.6195,13,"AOH_SCHEDULE",184,1,1,1,285,30,1,0.72,0,0.533,0.879,0.6463
ML-GEN-00486,"TRD","WR","BCT","BCT-BVI",543,0,42.739,43.932,1.194,"ES-W40B","INSULATOR_FLASHOVER",0.7165,12,"DEFECT_ATTENDANCE",136,1,1,1,261,30,1,0.86,0,0.232,0.85,0.6568
ML-GEN-00652,"TRD","CR","BSL","KYN-BSL",386,1,114.038,116.922,2.884,"ES-C51B","DROPPER_DEFECTIVE",0.806,14,"AOH_SCHEDULE",134,1,1,1,73,145,1,0.79,0,0.419,0.377,0.6259
ML-GEN-01227,"TRD","NR","DLI","GZB-MB",515,0,57.764,62.334,4.571,"ES-D04A","BIRD_MENACE",0.8678,9,"AOH_SCHEDULE",158,1,1,1,111,96,1,0.65,0,0.422,0.752,0.6517
ML-GEN-01086,"TRD","WR","BCT","BCT-BVI",543,1,17.892,19.794,1.901,"ES-W41A","ANTICREEP_DEFECT",0.6261,14,"AOH_SCHEDULE",182,1,1,1,266,30,1,0.88,0,0.585,0.752,0.6488
ML-GEN-02216,"TRD","ECR","DNR","DNR-PNBE",454,1,542.112,543.79,1.678,"ES-25B","NEUTRAL_PTFE",0.6626,19,"PREVENTIVE_MAINT",112,1,1,1,124,106,0,0,0,0.846,0.799,0.6625
ML-GEN-02480,"TRD","NR","DLI","GZB-MB",515,1,51.408,55.643,4.235,"ES-D05A","INSULATOR_FLASHOVER",0.7531,13,"FOOT_PATROL",72,1,1,1,113,72,0,0,0,0.698,0.821,0.6581
ML-GEN-02466,"TRD","CR","BSL","BSL-NGP",465,0,708.12,712.084,3.964,"ES-C54B","CANTILEVER_MISALIGN",0.8257,8,"EMERGENCY_REPAIR",41,1,1,1,77,165,0,0,0,0.414,0.254,0.6243
ML-GEN-00964,"TRD","CR","BSL","KYN-BSL",386,1,264.606,268.328,3.722,"ES-C50A","CW_WEAR",0.6783,9,"POH_SCHEDULE",136,1,1,1,81,154,1,0.7,0,0.871,0.473,0.6505
ML-GEN-00733,"TRD","NR","DLI","NDLS-PWL",389,0,42.19,44.503,2.313,"ES-D07A","BIRD_MENACE",0.8263,18,"FOOT_PATROL",102,1,1,1,123,109,1,0.95,1,0.201,0.472,0.6428
ML-GEN-00669,"TRD","NR","DLI","GZB-MB",515,0,45.031,46.564,1.532,"ES-D05A","STEADYARM_CORRODED",0.6519,6,"PREVENTIVE_MAINT",85,1,1,0,126,97,1,0.55,1,0.694,0.405,0.6114
ML-GEN-01779,"TRD","CR","BSL","BSL-NGP",465,1,781.868,786.369,4.501,"ES-C54B","NEUTRAL_PTFE",0.5978,11,"FOOT_PATROL",115,1,1,1,75,111,1,0.81,0,0.249,0.486,0.6176
ML-GEN-01478,"TRD","WR","BCT","BVI-VR",208,0,81.442,83.867,2.425,"ES-W44A","INSULATOR_FLASHOVER",0.8775,58,"EMERGENCY_REPAIR",30,1,1,0,164,52,0,0,0,0.395,0.756,0.7453
ML-GEN-01647,"TRD","ECR","DNR","BXR-DNR",655,1,610.692,612.899,2.207,"ES-09C","JUMPER_HOTSPOT",0.8372,10,"POH_SCHEDULE",94,1,1,1,100,144,1,0.62,0,0.848,0.822,0.6672
ML-GEN-00874,"TRD","WR","BCT","BVI-VR",208,1,86.672,88.335,1.663,"ES-W44A","DROPPER_DEFECTIVE",0.5974,16,"EMERGENCY_REPAIR",48,1,0,1,224,30,1,0.63,0,0.543,0.566,0.6316
ML-GEN-01702,"TRD","NR","DLI","NDLS-PWL",389,1,18.412,23.055,4.644,"ES-D06B","CANTILEVER_MISALIGN",0.8138,10,"EMERGENCY_REPAIR",30,1,1,0,98,137,1,0.53,0,0.631,0.803,0.668
ML-GEN-00888,"TRD","ECR","DNR","PNBE-RJPB",870,0,545.998,547.202,1.203,"ES-18A","DROPPER_DEFECTIVE",0.693,14,"POH_SCHEDULE",117,1,1,1,136,102,0,0,0,0.455,0.663,0.6563
ML-GEN-00470,"TRD","CR","BSL","BSL-NGP",465,1,632.171,636.083,3.912,"ES-C53B","INSULATOR_FLASHOVER",0.6553,18,"POH_SCHEDULE",193,1,1,1,85,157,0,0,0,0.339,0.783,0.6583
ML-GEN-01447,"TRD","WR","BCT","BVI-VR",208,1,58.08,61.656,3.576,"ES-W43A","CW_WEAR",0.5488,11,"DEFECT_ATTENDANCE",146,1,1,1,182,30,0,0,1,0.591,0.5,0.6367
ML-GEN-00249,"TRD","CR","BSL","KYN-BSL",386,0,219.613,220.239,0.626,"ES-C52A","DROPPER_DEFECTIVE",0.6222,10,"AOH_SCHEDULE",195,1,1,1,106,134,1,0.51,0,0.689,0.439,0.646
ML-GEN-01622,"TRD","NR","DLI","GZB-MB",515,0,47.398,52.199,4.801,"ES-D05A","CANTILEVER_MISALIGN",0.7067,6,"PREVENTIVE_MAINT",111,1,1,1,102,152,1,0.63,0,0.196,0.487,0.6006
ML-GEN-02075,"TRD","CR","BSL","BSL-NGP",465,0,670.593,672.129,1.536,"ES-C54B","INSULATOR_FLASHOVER",0.8801,54,"PREVENTIVE_MAINT",101,1,1,1,76,124,0,0,0,0.766,0.319,0.7482
ML-GEN-00111,"TRD","ECR","DNR","DNR-PNBE",454,1,540.644,542.068,1.424,"ES-25A","NEUTRAL_PTFE",0.8132,11,"AOH_SCHEDULE",183,1,1,1,122,96,1,0.6,0,0.328,0.762,0.6395
ML-GEN-00355,"TRD","NR","DLI","NDLS-GZB",823,1,14.75,18.705,3.955,"ES-D01B","DROPPER_DEFECTIVE",0.5631,46,"POH_SCHEDULE",100,1,1,1,201,30,0,0,1,0.115,0.799,0.6962
ML-GEN-00416,"TRD","CR","BSL","KYN-BSL",386,0,420.537,425.451,4.913,"ES-C50A","CANTILEVER_MISALIGN",0.5691,15,"PREVENTIVE_MAINT",158,1,1,1,97,102,1,0.72,0,0.456,0.561,0.6138
ML-GEN-01912,"TRD","WR","BCT","BCT-BVI",543,1,38.895,43.533,4.639,"ES-W42A","CW_WEAR",0.6637,9,"PREVENTIVE_MAINT",79,1,1,1,282,30,1,0.74,0,0.398,0.821,0.6229
ML-GEN-00660,"TRD","NR","DLI","NDLS-PWL",389,0,12.501,14.866,2.366,"ES-D06B","CW_WEAR",0.8328,19,"PREVENTIVE_MAINT",110,1,1,1,101,96,1,0.55,0,0.409,0.642,0.673
ML-GEN-01991,"TRD","CR","BSL","KYN-BSL",386,1,316.235,317.304,1.069,"ES-C50A","NEUTRAL_PTFE",0.5911,12,"POH_SCHEDULE",199,1,1,1,94,144,0,0,0,0.76,0.653,0.6384
ML-GEN-00527,"TRD","CR","BSL","BSL-NGP",465,0,731.181,734.706,3.525,"ES-C54B","JUMPER_HOTSPOT",0.853,13,"POH_SCHEDULE",181,1,1,1,75,167,1,0.91,0,0.442,0.169,0.6312
ML-GEN-00504,"TRD","ECR","DNR","BXR-DNR",655,1,614.764,615.99,1.226,"ES-09A","CW_WEAR",0.5929,11,"AOH_SCHEDULE",220,1,1,1,113,67,1,0.78,0,0.265,0.454,0.6044
ML-GEN-02110,"TRD","CR","BSL","BSL-NGP",465,1,614.881,617.714,2.833,"ES-C53A","CW_WEAR",0.6208,54,"DEFECT_ATTENDANCE",30,1,1,0,80,170,0,0,0,0.123,0.283,0.6945
ML-GEN-00944,"TRD","WR","BCT","BVI-VR",208,1,65.541,67.689,2.148,"ES-W43A","NEUTRAL_PTFE",0.7519,15,"AOH_SCHEDULE",180,1,1,1,198,30,1,0.64,0,0.174,0.657,0.6598
ML-GEN-01906,"TRD","WR","BCT","BCT-BVI",543,0,44.2,47.768,3.568,"ES-W41B","JUMPER_HOTSPOT",0.7716,14,"AOH_SCHEDULE",185,1,1,1,295,30,0,0,0,0.559,0.537,0.6446
ML-GEN-02218,"TRD","NR","DLI","NDLS-GZB",823,0,23.625,24.272,0.646,"ES-D02B","CW_WEAR",0.7536,20,"EMERGENCY_REPAIR",51,1,1,0,194,30,1,0.52,0,0.189,0.803,0.6823
ML-GEN-01484,"TRD","CR","BSL","BSL-NGP",465,0,650.367,654.022,3.655,"ES-C53A","JUMPER_HOTSPOT",0.8835,16,"DEFECT_ATTENDANCE",86,1,1,0,69,168,0,0,0,0.543,0.489,0.6568
ML-GEN-01240,"TRD","CR","BSL","BSL-NGP",465,1,795.265,799.953,4.688,"ES-C54A","INSULATOR_FLASHOVER",0.8199,9,"EMERGENCY_REPAIR",59,1,1,1,63,156,1,0.65,0,0.494,0.357,0.6273
ML-GEN-02290,"TRD","CR","BSL","BSL-NGP",465,1,510.069,512.312,2.244,"ES-C53A","CANTILEVER_MISALIGN",0.6081,6,"DEFECT_ATTENDANCE",142,1,1,1,72,153,1,0.67,0,0.707,0.185,0.6159
ML-GEN-00949,"TRD","ECR","DNR","BXR-DNR",655,0,613.563,614.525,0.962,"ES-09A","ANTICREEP_DEFECT",0.7518,10,"AOH_SCHEDULE",230,1,1,1,91,144,0,0,0,0.888,0.648,0.6612
ML-GEN-02467,"TRD","WR","BCT","BCT-BVI",543,0,15.002,17.359,2.358,"ES-W41B","CW_WEAR",0.7413,16,"POH_SCHEDULE",145,1,1,1,273,30,0,0,0,0.146,0.896,0.6489
ML-GEN-00147,"TRD","WR","BCT","BCT-BVI",543,1,19.858,20.581,0.723,"ES-W41A","ANTICREEP_DEFECT",0.696,13,"EMERGENCY_REPAIR",103,1,1,1,301,30,0,0,0,0.633,0.495,0.6604
ML-GEN-00705,"TRD","NR","DLI","NDLS-GZB",823,0,22.575,27.26,4.685,"ES-D03A","JUMPER_HOTSPOT",0.7575,10,"DEFECT_ATTENDANCE",53,1,1,1,168,83,0,0,0,0.572,0.503,0.6507
ML-GEN-01009,"TRD","ECR","DNR","PNBE-RJPB",870,0,546.041,547.004,0.963,"ES-18B","ANTICREEP_DEFECT",0.4097,13,"FOOT_PATROL",59,1,1,0,175,30,1,0.65,0,0.786,0.707,0.6349
ML-GEN-00363,"TRD","CR","BSL","KYN-BSL",386,1,138.715,141.131,2.415,"ES-C51A","CW_WEAR",0.6063,18,"DEFECT_ATTENDANCE",74,1,1,1,92,97,1,0.7,0,0.272,0.714,0.6363
ML-GEN-00253,"TRD","CR","BSL","BSL-NGP",465,0,527.039,530.887,3.848,"ES-C54A","INSULATOR_FLASHOVER",0.9529,8,"PREVENTIVE_MAINT",113,1,1,1,78,153,1,0.89,0,0.519,0.369,0.6514
ML-GEN-01170,"TRD","NR","DLI","NDLS-PWL",389,0,18.154,20.554,2.399,"ES-D06A","ANTICREEP_DEFECT",0.4955,14,"POH_SCHEDULE",170,1,1,1,110,119,1,0.61,1,0.574,0.626,0.6369
ML-GEN-00723,"TRD","ECR","DNR","MKA-BKP",417,0,489.663,490.343,0.68,"ES-31A","CW_WEAR",0.4957,14,"PREVENTIVE_MAINT",71,1,1,1,81,112,0,0,0,0.519,0.71,0.638
ML-GEN-01271,"TRD","NR","DLI","NDLS-GZB",823,1,13.695,17.686,3.991,"ES-D01A","CW_WEAR",0.6623,13,"DEFECT_ATTENDANCE",37,1,1,0,209,30,1,0.9,0,0.656,0.424,0.6348
ML-GEN-00132,"TRD","NR","DLI","NDLS-GZB",823,1,10.591,12.048,1.458,"ES-D01B","INSULATOR_FLASHOVER",0.7851,10,"DEFECT_ATTENDANCE",67,1,1,0,185,30,1,0.62,0,0.252,0.525,0.6179
ML-GEN-01968,"TRD","WR","BCT","BVI-VR",208,1,60.968,64.196,3.228,"ES-W44A","STEADYARM_CORRODED",0.6556,13,"DEFECT_ATTENDANCE",67,1,1,0,195,30,1,0.64,0,0.739,0.65,0.6595
ML-GEN-02257,"TRD","NR","DLI","NDLS-GZB",823,1,14.752,18.94,4.188,"ES-D02A","INSULATOR_FLASHOVER",0.8221,14,"AOH_SCHEDULE",146,1,1,1,176,46,1,0.95,0,0.391,0.667,0.6737
ML-GEN-01396,"TRD","WR","BCT","BCT-BVI",543,0,41.79,43.994,2.204,"ES-W41A","CANTILEVER_MISALIGN",0.5842,13,"EMERGENCY_REPAIR",30,1,0,1,219,30,1,0.55,1,0.828,0.806,0.6544
ML-GEN-00565,"TRD","CR","BSL","KYN-BSL",386,1,424.115,428.998,4.883,"ES-C51B","BIRD_MENACE",0.6661,16,"PREVENTIVE_MAINT",183,1,1,1,77,165,1,0.56,0,0.771,0.463,0.6407
ML-GEN-02314,"TRD","CR","BSL","BSL-NGP",465,0,642.903,647.425,4.522,"ES-C54B","CANTILEVER_MISALIGN",0.8596,52,"POH_SCHEDULE",123,1,1,1,65,180,1,0.66,0,0.157,0.462,0.7343
ML-GEN-00538,"TRD","NR","DLI","GZB-MB",515,1,35.165,38.342,3.176,"ES-D04B","CANTILEVER_MISALIGN",0.652,12,"PREVENTIVE_MAINT",155,1,1,1,134,91,0,0,0,0.202,0.504,0.6281
ML-GEN-01874,"TRD","CR","BSL","KYN-BSL",386,1,428.534,431.426,2.892,"ES-C52A","INSULATOR_FLASHOVER",0.9403,10,"POH_SCHEDULE",151,1,1,1,91,118,1,0.94,0,0.653,0.781,0.6666
ML-GEN-01610,"TRD","NR","DLI","NDLS-PWL",389,1,16.876,19.619,2.742,"ES-D06A","NEUTRAL_PTFE",0.7713,9,"DEFECT_ATTENDANCE",46,1,1,1,110,95,1,0.72,0,0.578,0.473,0.6252
ML-GEN-01969,"TRD","WR","BCT","BCT-BVI",543,1,20.626,23.615,2.989,"ES-W40A","JUMPER_HOTSPOT",0.7964,13,"POH_SCHEDULE",171,1,1,1,271,30,1,0.92,0,0.377,0.675,0.6473
ML-GEN-01125,"TRD","NR","DLI","GZB-MB",515,1,30.007,33.753,3.746,"ES-D04B","JUMPER_HOTSPOT",0.8013,14,"AOH_SCHEDULE",224,1,1,1,126,113,1,0.87,0,0.804,0.848,0.6715
ML-GEN-01103,"TRD","CR","BSL","BSL-NGP",465,1,484.105,488.649,4.544,"ES-C54A","BIRD_MENACE",0.626,14,"PREVENTIVE_MAINT",168,1,1,1,82,153,1,0.69,0,0.765,0.636,0.6338
ML-GEN-00875,"TRD","NR","DLI","NDLS-GZB",823,1,25.848,28.461,2.612,"ES-D03A","INSULATOR_FLASHOVER",0.8326,9,"EMERGENCY_REPAIR",30,1,1,0,177,32,0,0,0,0.879,0.655,0.6618
ML-GEN-02441,"TRD","WR","BCT","BCT-BVI",543,1,45.28,45.993,0.713,"ES-W41A","CANTILEVER_MISALIGN",0.8566,11,"EMERGENCY_REPAIR",31,1,1,1,302,30,1,0.8,0,0.729,0.492,0.6547
ML-GEN-02443,"TRD","NR","DLI","GZB-MB",515,1,32.48,36.423,3.944,"ES-D05B","CW_WEAR",0.5814,16,"POH_SCHEDULE",153,1,1,1,139,77,0,0,1,0.157,0.656,0.6196
ML-GEN-00867,"TRD","NR","DLI","GZB-MB",515,1,51.408,53.689,2.281,"ES-D05A","CANTILEVER_MISALIGN",0.8338,11,"FOOT_PATROL",64,1,1,0,128,64,1,0.75,1,0.755,0.569,0.6498
ML-GEN-01143,"TRD","NR","DLI","NDLS-GZB",823,1,20.777,24.139,3.362,"ES-D02B","DROPPER_DEFECTIVE",0.5417,16,"EMERGENCY_REPAIR",75,1,1,0,169,30,1,0.92,1,0.681,0.783,0.6217
ML-GEN-01399,"TRD","ECR","DNR","BXR-DNR",655,0,610.635,612.725,2.09,"ES-09A","JUMPER_HOTSPOT",0.9517,15,"PREVENTIVE_MAINT",71,1,1,1,99,122,1,0.63,0,0.458,0.632,0.6653
ML-GEN-00589,"TRD","ECR","DNR","DNR-PNBE",454,1,541.564,543.455,1.891,"ES-24A","CW_WEAR",0.4789,13,"POH_SCHEDULE",125,1,1,1,111,93,0,0,0,0.655,0.799,0.6115
ML-GEN-01394,"TRD","ECR","DNR","BXR-DNR",655,0,610.954,612.473,1.519,"ES-10A","JUMPER_HOTSPOT",0.8612,46,"AOH_SCHEDULE",120,1,1,1,107,120,1,0.55,0,0.37,0.753,0.7281
ML-GEN-00428,"TRD","CR","BSL","BSL-NGP",465,0,599.321,600.709,1.389,"ES-C54B","DROPPER_DEFECTIVE",0.5215,11,"FOOT_PATROL",109,1,1,1,63,175,1,0.98,0,0.317,0.256,0.5972
ML-GEN-00860,"TRD","CR","BSL","KYN-BSL",386,1,387.409,392.015,4.607,"ES-C51A","CW_WEAR",0.3944,9,"EMERGENCY_REPAIR",31,1,0,1,99,115,0,0,0,0.781,0.67,0.6134
ML-GEN-00171,"TRD","NR","DLI","NDLS-PWL",389,1,4.769,6.701,1.933,"ES-D07A","CW_WEAR",0.8118,60,"EMERGENCY_REPAIR",92,1,1,1,123,73,1,0.67,1,0.251,0.539,0.7431
ML-GEN-00297,"TRD","NR","DLI","NDLS-PWL",389,0,4.262,9.259,4.997,"ES-D06B","INSULATOR_FLASHOVER",0.8907,10,"PREVENTIVE_MAINT",136,1,1,1,99,113,1,0.56,0,0.456,0.708,0.6329
ML-GEN-00884,"TRD","ECR","DNR","PNBE-RJPB",870,0,546.492,547.918,1.425,"ES-19A","CW_WEAR",0.7221,11,"AOH_SCHEDULE",121,1,1,1,122,69,1,0.52,1,0.229,0.55,0.6263
ML-GEN-00739,"TRD","ECR","DNR","BXR-DNR",655,0,610.787,613.582,2.795,"ES-10A","CW_WEAR",0.6069,16,"PREVENTIVE_MAINT",76,1,1,1,73,155,1,0.69,0,0.571,0.149,0.5892
ML-GEN-00727,"TRD","WR","BCT","BCT-BVI",543,1,0.559,3.811,3.252,"ES-W41B","DROPPER_DEFECTIVE",0.6774,12,"DEFECT_ATTENDANCE",103,1,1,1,244,30,1,0.86,0,0.129,0.747,0.629
ML-GEN-02474,"TRD","WR","BCT","BCT-BVI",543,1,7.707,12.581,4.874,"ES-W42A","DROPPER_DEFECTIVE",0.5827,8,"AOH_SCHEDULE",163,1,1,1,306,30,1,0.86,1,0.816,0.741,0.6305
ML-GEN-02360,"TRD","CR","BSL","KYN-BSL",386,0,190.859,192.467,1.608,"ES-C50B","JUMPER_HOTSPOT",0.9328,16,"PREVENTIVE_MAINT",98,1,1,1,79,168,0,0,0,0.699,0.249,0.6461
ML-GEN-02281,"TRD","WR","BCT","BVI-VR",208,0,68.629,71.311,2.682,"ES-W44A","ANTICREEP_DEFECT",0.6035,13,"PREVENTIVE_MAINT",138,1,1,1,202,30,0,0,0,0.712,0.592,0.6393
ML-GEN-00974,"TRD","CR","BSL","BSL-NGP",465,1,591.667,596.617,4.95,"ES-C53B","CANTILEVER_MISALIGN",0.6424,18,"FOOT_PATROL",76,1,1,1,81,142,1,0.67,0,0.148,0.616,0.6406
ML-GEN-00671,"TRD","NR","DLI","NDLS-GZB",823,1,18.486,21.451,2.965,"ES-D01A","NEUTRAL_PTFE",0.5589,8,"AOH_SCHEDULE",169,1,1,1,172,30,1,1,0,0.249,0.828,0.6379
ML-GEN-01884,"TRD","WR","BCT","BVI-VR",208,0,74.491,79.134,4.643,"ES-W44A","STEADYARM_CORRODED",0.5607,15,"EMERGENCY_REPAIR",68,1,1,0,179,42,1,0.91,1,0.768,0.459,0.6327
ML-GEN-00393,"TRD","WR","BCT","BCT-BVI",543,0,22.62,27.548,4.928,"ES-W42A","INSULATOR_FLASHOVER",0.7435,13,"POH_SCHEDULE",125,1,1,1,273,30,1,0.85,0,0.535,0.641,0.6504
ML-GEN-01689,"TRD","CR","BSL","KYN-BSL",386,1,128.663,130.036,1.374,"ES-C51B","STEADYARM_CORRODED",0.7256,10,"AOH_SCHEDULE",155,1,1,1,102,110,0,0,0,0.309,0.512,0.642
ML-GEN-00198,"TRD","NR","DLI","NDLS-PWL",389,0,35.909,38.245,2.336,"ES-D06A","NEUTRAL_PTFE",0.7053,8,"FOOT_PATROL",47,1,1,0,131,78,1,0.92,0,0.329,0.538,0.6231
ML-GEN-02455,"TRD","NR","DLI","NDLS-PWL",389,1,0.296,3.121,2.825,"ES-D06A","ANTICREEP_DEFECT",0.5207,11,"PREVENTIVE_MAINT",159,1,1,1,105,118,1,0.97,1,0.406,0.745,0.6322
ML-GEN-01927,"TRD","ECR","DNR","MKA-BKP",417,1,489.328,491.411,2.084,"ES-31B","INSULATOR_FLASHOVER",0.8713,10,"AOH_SCHEDULE",152,1,1,1,95,118,1,0.82,0,0.62,0.864,0.6539
ML-GEN-01834,"TRD","WR","BCT","BVI-VR",208,1,60.579,62.766,2.187,"ES-W44B","CW_WEAR",0.8254,12,"POH_SCHEDULE",180,1,1,1,171,35,1,0.69,0,0.609,0.767,0.6441
ML-GEN-01378,"TRD","CR","BSL","BSL-NGP",465,1,723.265,726.415,3.15,"ES-C54B","JUMPER_HOTSPOT",0.8548,16,"POH_SCHEDULE",130,1,1,1,64,129,1,0.55,0,0.683,0.42,0.6608
ML-GEN-02171,"TRD","NR","DLI","NDLS-PWL",389,0,16.722,21.542,4.82,"ES-D06A","CW_WEAR",0.4857,10,"POH_SCHEDULE",195,1,1,1,117,79,1,0.52,0,0.675,0.812,0.6286
ML-GEN-01838,"TRD","ECR","DNR","DNR-PNBE",454,1,541.921,543.921,2,"ES-25A","JUMPER_HOTSPOT",0.718,7,"EMERGENCY_REPAIR",75,1,1,0,97,136,1,0.75,0,0.488,0.859,0.6434
ML-GEN-01971,"TRD","WR","BCT","BVI-VR",208,0,103.861,106.652,2.791,"ES-W43A","CANTILEVER_MISALIGN",0.9383,9,"FOOT_PATROL",123,1,1,1,199,30,0,0,1,0.703,0.654,0.6811
ML-GEN-00159,"TRD","NR","DLI","NDLS-PWL",389,1,37.564,40.736,3.172,"ES-D06B","JUMPER_HOTSPOT",0.8336,11,"AOH_SCHEDULE",150,1,1,1,112,112,0,0,0,0.476,0.726,0.6456
ML-GEN-01962,"TRD","CR","BSL","KYN-BSL",386,0,247.217,247.951,0.734,"ES-C50A","DROPPER_DEFECTIVE",0.6205,10,"POH_SCHEDULE",103,1,1,1,99,100,0,0,0,0.804,0.775,0.6457
ML-GEN-00096,"TRD","WR","BCT","BVI-VR",208,0,84.404,86.448,2.044,"ES-W43B","DROPPER_DEFECTIVE",0.7251,8,"EMERGENCY_REPAIR",30,1,1,0,190,30,0,0,1,0.278,0.614,0.6127
ML-GEN-01256,"TRD","NR","DLI","GZB-MB",515,1,34.852,38.258,3.407,"ES-D05B","CANTILEVER_MISALIGN",0.4694,8,"EMERGENCY_REPAIR",30,1,0,1,110,108,0,0,1,0.259,0.495,0.5995
ML-GEN-01448,"TRD","CR","BSL","BSL-NGP",465,0,600.461,601.639,1.178,"ES-C53A","CANTILEVER_MISALIGN",0.8953,8,"AOH_SCHEDULE",129,1,1,1,69,155,0,0,0,0.779,0.462,0.639
ML-GEN-01443,"TRD","NR","DLI","NDLS-PWL",389,0,12.057,14.075,2.018,"ES-D06B","CW_WEAR",0.8081,9,"PREVENTIVE_MAINT",141,1,1,1,108,88,0,0,0,0.864,0.827,0.6462
ML-GEN-00377,"TRD","CR","BSL","KYN-BSL",386,1,428.767,430.756,1.989,"ES-C51B","JUMPER_HOTSPOT",0.8623,11,"AOH_SCHEDULE",209,1,1,1,94,149,0,0,0,0.373,0.726,0.6756
ML-GEN-00963,"TRD","CR","BSL","KYN-BSL",386,1,231.473,234.537,3.064,"ES-C51A","JUMPER_HOTSPOT",0.7393,14,"AOH_SCHEDULE",147,1,1,1,101,133,1,0.99,0,0.833,0.573,0.646
ML-GEN-02394,"TRD","ECR","DNR","BXR-DNR",655,0,610.073,613.546,3.473,"ES-09A","CW_WEAR",0.5836,10,"FOOT_PATROL",114,1,1,1,97,161,0,0,0,0.657,0.635,0.6287
ML-GEN-00282,"TRD","WR","BCT","BVI-VR",208,0,82.339,87.004,4.664,"ES-W43B","INSULATOR_FLASHOVER",0.7814,9,"AOH_SCHEDULE",144,1,1,1,183,35,1,0.85,1,0.535,0.528,0.6572
ML-GEN-01277,"TRD","WR","BCT","BVI-VR",208,1,94.527,98.291,3.764,"ES-W44A","CW_WEAR",0.9032,13,"AOH_SCHEDULE",190,1,1,1,176,36,1,0.58,0,0.856,0.658,0.6628
ML-GEN-01318,"TRD","NR","DLI","NDLS-GZB",823,0,7.258,11.023,3.764,"ES-D01B","CANTILEVER_MISALIGN",0.8088,11,"FOOT_PATROL",108,1,1,1,203,30,1,0.7,0,0.35,0.699,0.6453
ML-GEN-00533,"TRD","NR","DLI","NDLS-GZB",823,0,5.612,10.314,4.703,"ES-D02A","DROPPER_DEFECTIVE",0.451,15,"EMERGENCY_REPAIR",70,1,1,0,181,30,1,0.58,0,0.38,0.895,0.6286
ML-GEN-00757,"TRD","ECR","DNR","MKA-BKP",417,0,491.649,492.532,0.883,"ES-32A","NEUTRAL_PTFE",0.5362,10,"FOOT_PATROL",108,1,1,1,69,148,0,0,0,0.228,0.132,0.582
ML-GEN-01910,"TRD","ECR","DNR","DNR-PNBE",454,1,542.266,543.947,1.682,"ES-24B","ANTICREEP_DEFECT",0.5528,9,"DEFECT_ATTENDANCE",137,1,1,1,119,102,1,0.89,0,0.606,0.498,0.6161
ML-GEN-01102,"TRD","WR","BCT","BCT-BVI",543,0,20.429,23.002,2.573,"ES-W41B","STEADYARM_CORRODED",0.4489,12,"EMERGENCY_REPAIR",76,1,1,0,261,30,0,0,1,0.759,0.466,0.6184
ML-GEN-02126,"TRD","ECR","DNR","PNBE-RJPB",870,0,545.356,547.353,1.997,"ES-18B","CANTILEVER_MISALIGN",0.6747,12,"FOOT_PATROL",57,1,0,0,139,72,1,0.72,0,0.888,0.654,0.6623
ML-GEN-00345,"TRD","NR","DLI","NDLS-PWL",389,1,1.62,4.562,2.942,"ES-D06A","CW_WEAR",0.7526,6,"POH_SCHEDULE",144,1,1,1,118,87,1,0.64,0,0.77,0.406,0.6215
ML-GEN-01222,"TRD","NR","DLI","NDLS-GZB",823,1,13.832,15.79,1.958,"ES-D01A","INSULATOR_FLASHOVER",0.9083,11,"POH_SCHEDULE",190,1,1,1,187,30,1,0.73,0,0.112,0.505,0.6417
ML-GEN-01660,"TRD","WR","BCT","BVI-VR",208,1,70.899,74.324,3.424,"ES-W44B","CW_WEAR",0.3955,12,"PREVENTIVE_MAINT",77,1,1,0,212,30,1,0.79,0,0.566,0.52,0.5904
ML-GEN-01662,"TRD","NR","DLI","GZB-MB",515,0,43.899,47.628,3.728,"ES-D04A","NEUTRAL_PTFE",0.8083,10,"PREVENTIVE_MAINT",93,1,1,1,130,55,1,0.82,0,0.303,0.645,0.6404
ML-GEN-00955,"TRD","ECR","DNR","PNBE-RJPB",870,1,545.817,547.618,1.801,"ES-18B","JUMPER_HOTSPOT",0.8866,8,"FOOT_PATROL",49,1,1,0,140,93,0,0,1,0.315,0.708,0.6408
ML-GEN-00578,"TRD","WR","BCT","BVI-VR",208,1,105.064,106.27,1.206,"ES-W43A","CW_WEAR",0.7009,8,"FOOT_PATROL",121,1,1,1,185,30,1,0.55,0,0.26,0.775,0.6278
ML-GEN-00790,"TRD","NR","DLI","GZB-MB",515,1,31.796,34.74,2.944,"ES-D04A","CANTILEVER_MISALIGN",0.921,5,"EMERGENCY_REPAIR",60,1,1,1,127,101,1,0.56,0,0.444,0.423,0.6381
ML-GEN-00299,"TRD","ECR","DNR","BXR-DNR",655,0,610.173,612.542,2.369,"ES-10A","INSULATOR_FLASHOVER",0.6188,16,"DEFECT_ATTENDANCE",113,1,1,1,112,104,1,0.68,1,0.796,0.492,0.6559
ML-GEN-02056,"TRD","CR","BSL","BSL-NGP",465,1,740.407,744.966,4.559,"ES-C53A","CW_WEAR",0.4552,12,"FOOT_PATROL",65,1,1,1,69,140,0,0,0,0.69,0.45,0.6329
ML-GEN-02098,"TRD","WR","BCT","BCT-BVI",543,1,44.768,48.424,3.656,"ES-W40B","DROPPER_DEFECTIVE",0.5989,9,"FOOT_PATROL",65,1,1,0,244,30,1,0.62,0,0.699,0.864,0.6464
ML-GEN-01434,"TRD","WR","BCT","BCT-BVI",543,0,16.076,17.52,1.444,"ES-W40A","BIRD_MENACE",0.8131,13,"DEFECT_ATTENDANCE",112,1,1,1,253,30,0,0,0,0.37,0.892,0.665
ML-GEN-01175,"TRD","ECR","DNR","PNBE-RJPB",870,1,546.326,548.034,1.708,"ES-18B","NEUTRAL_PTFE",0.6879,67,"POH_SCHEDULE",126,1,1,1,153,44,1,0.9,0,0.656,0.533,0.7653
ML-GEN-02424,"TRD","CR","BSL","KYN-BSL",386,0,399.449,403.953,4.504,"ES-C50A","CANTILEVER_MISALIGN",0.8674,9,"EMERGENCY_REPAIR",30,1,1,0,88,144,1,0.64,0,0.818,0.607,0.6662
ML-GEN-00797,"TRD","CR","BSL","KYN-BSL",386,0,65.893,70.308,4.414,"ES-C50B","CW_WEAR",0.744,9,"FOOT_PATROL",55,1,1,0,102,146,0,0,0,0.366,0.869,0.6412
ML-GEN-02167,"TRD","WR","BCT","BCT-BVI",543,0,10.687,14.59,3.903,"ES-W40B","INSULATOR_FLASHOVER",0.6613,13,"EMERGENCY_REPAIR",67,1,1,1,266,30,0,0,0,0.832,0.704,0.6476
ML-GEN-02425,"TRD","WR","BCT","BVI-VR",208,1,93.843,94.459,0.616,"ES-W43B","ANTICREEP_DEFECT",0.4911,17,"DEFECT_ATTENDANCE",47,1,0,1,227,30,0,0,1,0.122,0.653,0.5988
ML-GEN-00176,"TRD","NR","DLI","GZB-MB",515,1,33.862,38.434,4.573,"ES-D05A","JUMPER_HOTSPOT",1,12,"DEFECT_ATTENDANCE",72,1,1,0,139,56,1,0.93,0,0.72,0.63,0.6694
ML-GEN-01848,"TRD","ECR","DNR","MKA-BKP",417,0,489.521,490.487,0.966,"ES-32A","INSULATOR_FLASHOVER",0.8263,11,"DEFECT_ATTENDANCE",153,1,1,1,92,118,0,0,0,0.137,0.71,0.6258
ML-GEN-01154,"TRD","CR","BSL","BSL-NGP",465,0,700.008,704.899,4.891,"ES-C53B","NEUTRAL_PTFE",0.7241,11,"AOH_SCHEDULE",162,1,1,1,65,140,1,0.82,0,0.538,0.108,0.6282
ML-GEN-00473,"TRD","WR","BCT","BVI-VR",208,1,81.948,84.047,2.099,"ES-W44A","BIRD_MENACE",0.8913,9,"DEFECT_ATTENDANCE",96,1,1,1,199,30,1,0.96,0,0.269,0.63,0.6431
ML-GEN-02387,"TRD","WR","BCT","BCT-BVI",543,1,38.064,40.331,2.268,"ES-W40A","NEUTRAL_PTFE",0.9377,12,"FOOT_PATROL",66,1,1,1,224,30,1,0.82,0,0.241,0.785,0.6428
ML-GEN-02109,"TRD","NR","DLI","NDLS-PWL",389,0,25.054,27.216,2.162,"ES-D06B","INSULATOR_FLASHOVER",0.9183,16,"EMERGENCY_REPAIR",69,1,1,0,120,92,0,0,0,0.635,0.609,0.6685
ML-GEN-01293,"TRD","NR","DLI","NDLS-GZB",823,0,20.083,21.293,1.21,"ES-D02A","JUMPER_HOTSPOT",0.9469,13,"FOOT_PATROL",32,1,1,0,158,86,1,0.75,0,0.29,0.403,0.6461
ML-GEN-01818,"TRD","CR","BSL","KYN-BSL",386,0,217.496,218.75,1.254,"ES-C50B","JUMPER_HOTSPOT",0.844,11,"AOH_SCHEDULE",233,1,1,1,87,117,1,0.85,0,0.897,0.672,0.6709
ML-GEN-00278,"TRD","ECR","DNR","DNR-PNBE",454,0,540.272,541.599,1.327,"ES-25A","INSULATOR_FLASHOVER",0.6969,12,"DEFECT_ATTENDANCE",106,1,1,1,125,67,0,0,0,0.412,0.828,0.6486
ML-GEN-02335,"TRD","WR","BCT","BVI-VR",208,0,82.95,87.532,4.582,"ES-W43A","NEUTRAL_PTFE",0.5925,10,"AOH_SCHEDULE",252,1,1,1,203,30,0,0,0,0.886,0.528,0.6362
ML-GEN-01651,"TRD","NR","DLI","GZB-MB",515,0,55.63,57.709,2.079,"ES-D05A","INSULATOR_FLASHOVER",0.7462,11,"DEFECT_ATTENDANCE",77,1,1,1,102,99,1,0.7,0,0.22,0.535,0.62
ML-GEN-00895,"TRD","WR","BCT","BCT-BVI",543,1,43.065,43.599,0.533,"ES-W40B","CANTILEVER_MISALIGN",0.7816,8,"DEFECT_ATTENDANCE",130,1,1,1,288,30,0,0,0,0.218,0.707,0.6519
ML-GEN-01653,"TRD","CR","BSL","KYN-BSL",386,1,421.095,424.426,3.331,"ES-C51B","INSULATOR_FLASHOVER",0.8248,12,"EMERGENCY_REPAIR",55,1,1,0,90,159,0,0,0,0.492,0.611,0.6605
ML-GEN-00359,"TRD","WR","BCT","BCT-BVI",543,1,32.76,34.416,1.655,"ES-W42A","CW_WEAR",0.6684,3,"PREVENTIVE_MAINT",72,1,1,1,262,30,1,0.51,0,0.191,0.88,0.613
ML-GEN-00585,"TRD","ECR","DNR","BXR-DNR",655,1,612.391,614.897,2.506,"ES-09C","DROPPER_DEFECTIVE",0.6054,12,"FOOT_PATROL",76,1,1,0,84,142,1,0.98,0,0.214,0.614,0.6448
ML-GEN-01150,"TRD","WR","BCT","BCT-BVI",543,0,13.489,16.849,3.36,"ES-W40B","JUMPER_HOTSPOT",0.8647,15,"EMERGENCY_REPAIR",82,1,1,0,231,30,1,0.57,0,0.728,0.737,0.6611
ML-GEN-00498,"TRD","WR","BCT","BVI-VR",208,0,65.436,67.195,1.759,"ES-W43B","NEUTRAL_PTFE",0.815,10,"AOH_SCHEDULE",139,1,1,1,199,30,0,0,1,0.105,0.651,0.6459
ML-GEN-02271,"TRD","CR","BSL","BSL-NGP",465,1,702.473,704.813,2.339,"ES-C54B","JUMPER_HOTSPOT",0.772,9,"DEFECT_ATTENDANCE",129,1,1,1,66,163,1,0.69,0,0.102,0.191,0.6046
ML-GEN-01482,"TRD","WR","BCT","BVI-VR",208,0,83.571,87.854,4.283,"ES-W44B","DROPPER_DEFECTIVE",0.4371,8,"POH_SCHEDULE",164,1,1,1,203,30,1,0.84,0,0.681,0.652,0.6054
ML-GEN-00466,"TRD","NR","DLI","NDLS-GZB",823,0,15.744,19.856,4.112,"ES-D01A","DROPPER_DEFECTIVE",0.6028,10,"PREVENTIVE_MAINT",66,1,1,1,162,30,1,0.89,0,0.13,0.462,0.5976
ML-GEN-00906,"TRD","ECR","DNR","BXR-DNR",655,1,611.661,612.911,1.251,"ES-09B","CW_WEAR",0.7978,12,"FOOT_PATROL",75,1,1,1,96,136,1,0.68,0,0.498,0.45,0.657
ML-GEN-02000,"TRD","NR","DLI","NDLS-PWL",389,1,18.734,22.506,3.772,"ES-D06B","CW_WEAR",0.5849,66,"FOOT_PATROL",65,1,1,1,112,124,1,0.53,0,0.707,0.563,0.7538
ML-GEN-02251,"TRD","CR","BSL","KYN-BSL",386,1,387.978,392.058,4.08,"ES-C51B","INSULATOR_FLASHOVER",0.5904,11,"AOH_SCHEDULE",216,1,1,1,96,164,1,0.57,0,0.152,0.868,0.6051
ML-GEN-00057,"TRD","NR","DLI","NDLS-GZB",823,1,15.228,18.97,3.741,"ES-D02B","JUMPER_HOTSPOT",0.7904,11,"DEFECT_ATTENDANCE",120,1,1,1,208,30,1,0.98,0,0.117,0.731,0.6348
ML-GEN-01405,"TRD","NR","DLI","NDLS-GZB",823,0,6.547,11.063,4.517,"ES-D02A","CW_WEAR",0.316,13,"DEFECT_ATTENDANCE",118,1,1,1,187,30,0,0,1,0.643,0.718,0.6003
ML-GEN-01755,"TRD","WR","BCT","BCT-BVI",543,1,20.831,22.127,1.296,"ES-W40A","CW_WEAR",0.7404,9,"PREVENTIVE_MAINT",125,1,1,1,253,30,0,0,1,0.588,0.536,0.6537
ML-GEN-01963,"TRD","NR","DLI","NDLS-GZB",823,0,2.114,2.737,0.623,"ES-D01B","STEADYARM_CORRODED",0.652,16,"PREVENTIVE_MAINT",170,1,1,1,190,30,0,0,0,0.805,0.674,0.6497
ML-GEN-02140,"TRD","WR","BCT","BVI-VR",208,1,67.122,71.768,4.647,"ES-W44A","NEUTRAL_PTFE",0.5653,13,"AOH_SCHEDULE",124,1,1,1,200,30,1,0.79,1,0.872,0.402,0.6282
ML-GEN-01023,"TRD","CR","BSL","BSL-NGP",465,0,671.757,676.173,4.416,"ES-C53B","JUMPER_HOTSPOT",0.8495,9,"POH_SCHEDULE",129,1,1,1,75,186,1,0.63,0,0.23,0.325,0.6319
ML-GEN-00080,"TRD","ECR","DNR","MKA-BKP",417,1,490.538,491.159,0.621,"ES-31A","CW_WEAR",0.6222,10,"PREVENTIVE_MAINT",106,1,1,1,95,138,0,0,0,0.264,0.519,0.6022
ML-GEN-01366,"TRD","CR","BSL","KYN-BSL",386,0,162.03,163.651,1.622,"ES-C51A","CW_WEAR",0.7636,8,"DEFECT_ATTENDANCE",123,1,1,1,67,143,0,0,0,0.877,0.333,0.641
ML-GEN-02116,"TRD","ECR","DNR","DNR-PNBE",454,0,540.714,542.797,2.084,"ES-24A","DROPPER_DEFECTIVE",0.7081,50,"POH_SCHEDULE",115,1,1,1,108,130,1,0.92,0,0.106,0.765,0.7095
ML-GEN-02224,"TRD","NR","DLI","NDLS-GZB",823,0,18.189,23.112,4.923,"ES-D01A","INSULATOR_FLASHOVER",0.9003,11,"FOOT_PATROL",89,1,1,1,165,30,1,0.52,0,0.725,0.416,0.6546
ML-GEN-00467,"TRD","ECR","DNR","MKA-BKP",417,0,490.4,491.63,1.23,"ES-31B","CANTILEVER_MISALIGN",0.4545,8,"PREVENTIVE_MAINT",169,1,1,1,62,178,0,0,0,0.878,0.156,0.599
ML-GEN-00263,"TRD","ECR","DNR","DNR-PNBE",454,0,540.117,541.668,1.552,"ES-24A","BIRD_MENACE",0.9215,16,"EMERGENCY_REPAIR",70,1,1,1,127,85,1,0.59,1,0.164,0.444,0.6402
ML-GEN-01466,"TRD","CR","BSL","BSL-NGP",465,0,655.146,658.717,3.571,"ES-C54B","DROPPER_DEFECTIVE",0.4847,13,"PREVENTIVE_MAINT",165,1,1,1,70,148,1,0.56,0,0.664,0.27,0.6365
ML-GEN-00685,"TRD","ECR","DNR","MKA-BKP",417,0,491.373,492.436,1.063,"ES-31B","JUMPER_HOTSPOT",0.8917,15,"AOH_SCHEDULE",132,1,1,1,86,137,1,0.84,0,0.146,0.401,0.6497
ML-GEN-02052,"TRD","CR","BSL","BSL-NGP",465,1,722.671,726.406,3.735,"ES-C54B","CANTILEVER_MISALIGN",0.5398,10,"POH_SCHEDULE",114,1,1,1,65,144,0,0,0,0.111,0.334,0.5923
ML-GEN-01331,"TRD","NR","DLI","NDLS-PWL",389,0,4.838,7.73,2.891,"ES-D07A","CANTILEVER_MISALIGN",0.6986,13,"AOH_SCHEDULE",199,1,1,1,101,90,1,0.53,0,0.719,0.413,0.6248
ML-GEN-00115,"TRD","CR","BSL","KYN-BSL",386,1,383.228,384.521,1.293,"ES-C51B","INSULATOR_FLASHOVER",0.8892,12,"FOOT_PATROL",36,1,1,1,82,142,1,0.66,0,0.101,0.797,0.6509
ML-GEN-00351,"TRD","WR","BCT","BVI-VR",208,0,74.975,79.02,4.044,"ES-W44A","CANTILEVER_MISALIGN",0.5527,15,"EMERGENCY_REPAIR",85,1,1,1,180,30,0,0,0,0.382,0.623,0.6153
ML-GEN-01092,"TRD","ECR","DNR","PNBE-RJPB",870,1,547.41,548.817,1.407,"ES-18A","JUMPER_HOTSPOT",0.7745,15,"FOOT_PATROL",62,1,1,1,133,118,0,0,0,0.155,0.798,0.6542
ML-GEN-01008,"TRD","WR","BCT","BVI-VR",208,1,78.06,82.601,4.542,"ES-W43A","STEADYARM_CORRODED",0.5691,10,"POH_SCHEDULE",187,1,1,1,221,30,0,0,0,0.756,0.835,0.6379
ML-GEN-01713,"TRD","WR","BCT","BVI-VR",208,1,75.51,76.826,1.316,"ES-W44B","CANTILEVER_MISALIGN",0.8637,7,"FOOT_PATROL",115,1,1,1,198,30,0,0,1,0.196,0.428,0.6174
ML-GEN-01772,"TRD","CR","BSL","BSL-NGP",465,1,731.823,736.027,4.204,"ES-C53A","INSULATOR_FLASHOVER",0.9335,15,"DEFECT_ATTENDANCE",68,1,1,0,70,138,0,0,0,0.876,0.143,0.6743
ML-GEN-00025,"TRD","NR","DLI","NDLS-PWL",389,0,21.674,25.875,4.2,"ES-D07B","INSULATOR_FLASHOVER",0.9477,11,"DEFECT_ATTENDANCE",79,1,1,0,101,120,0,0,1,0.328,0.443,0.6504
ML-GEN-01131,"TRD","NR","DLI","GZB-MB",515,0,50.595,54.396,3.801,"ES-D05B","INSULATOR_FLASHOVER",0.8275,8,"FOOT_PATROL",82,1,1,1,117,107,1,0.78,1,0.226,0.515,0.6295
ML-GEN-00103,"TRD","NR","DLI","NDLS-PWL",389,1,42.75,44.758,2.009,"ES-D07B","NEUTRAL_PTFE",0.6034,9,"DEFECT_ATTENDANCE",144,1,1,1,112,83,0,0,0,0.826,0.491,0.6413
ML-GEN-02300,"TRD","WR","BCT","BVI-VR",208,0,66.982,69.771,2.789,"ES-W44A","STEADYARM_CORRODED",0.6698,9,"POH_SCHEDULE",120,1,1,1,182,30,0,0,0,0.872,0.689,0.626
ML-GEN-00373,"TRD","WR","BCT","BCT-BVI",543,1,10.96,11.466,0.506,"ES-W41B","INSULATOR_FLASHOVER",0.5841,17,"FOOT_PATROL",70,1,1,0,260,30,1,0.88,0,0.729,0.559,0.6446
ML-GEN-00019,"TRD","WR","BCT","BVI-VR",208,0,61.743,66.239,4.496,"ES-W43B","JUMPER_HOTSPOT",0.858,5,"FOOT_PATROL",125,1,1,1,192,39,0,0,0,0.34,0.477,0.6312
ML-GEN-00953,"TRD","WR","BCT","BVI-VR",208,1,97.86,102.509,4.649,"ES-W44A","INSULATOR_FLASHOVER",0.7489,11,"FOOT_PATROL",124,1,1,1,182,79,1,0.63,1,0.664,0.779,0.6397
ML-GEN-00704,"TRD","ECR","DNR","DNR-PNBE",454,1,541.265,543.589,2.324,"ES-24B","DROPPER_DEFECTIVE",0.4311,15,"DEFECT_ATTENDANCE",64,1,1,1,106,117,1,0.6,0,0.631,0.605,0.601
ML-GEN-00914,"TRD","ECR","DNR","PNBE-RJPB",870,0,546.111,548.143,2.033,"ES-18B","CW_WEAR",0.7724,11,"POH_SCHEDULE",101,1,1,1,172,30,1,0.74,1,0.216,0.866,0.6322
ML-GEN-00008,"TRD","NR","DLI","GZB-MB",515,0,54.227,55.63,1.403,"ES-D05B","INSULATOR_FLASHOVER",0.582,15,"PREVENTIVE_MAINT",97,1,1,1,121,95,0,0,0,0.364,0.717,0.6022
ML-GEN-01676,"TRD","CR","BSL","KYN-BSL",386,1,335.493,338.832,3.34,"ES-C51A","STEADYARM_CORRODED",0.5583,14,"PREVENTIVE_MAINT",72,1,1,1,87,157,1,0.57,0,0.682,0.874,0.6646
ML-GEN-01688,"TRD","WR","BCT","BCT-BVI",543,0,42.481,45.114,2.633,"ES-W40B","CANTILEVER_MISALIGN",0.8828,8,"AOH_SCHEDULE",162,1,1,1,261,30,1,0.66,1,0.296,0.734,0.6514
ML-GEN-01311,"TRD","WR","BCT","BCT-BVI",543,1,31.914,33.988,2.074,"ES-W41B","CW_WEAR",0.376,15,"DEFECT_ATTENDANCE",89,1,1,1,260,30,1,0.6,1,0.744,0.47,0.6095
ML-GEN-00839,"TRD","CR","BSL","KYN-BSL",386,0,280.119,282.227,2.108,"ES-C50A","CANTILEVER_MISALIGN",0.7245,9,"FOOT_PATROL",105,1,1,1,83,150,1,0.92,0,0.241,0.779,0.6403
ML-GEN-01473,"TRD","CR","BSL","KYN-BSL",386,1,142.632,146.081,3.448,"ES-C50B","CW_WEAR",0.6324,15,"AOH_SCHEDULE",155,1,1,1,88,167,1,0.86,0,0.128,0.463,0.6075
ML-GEN-00869,"TRD","CR","BSL","BSL-NGP",465,1,625.168,626.771,1.603,"ES-C54A","NEUTRAL_PTFE",0.5182,15,"FOOT_PATROL",66,1,1,1,79,166,1,0.61,0,0.163,0.492,0.6024
ML-GEN-00691,"TRD","CR","BSL","BSL-NGP",465,1,518.228,518.894,0.666,"ES-C53A","CANTILEVER_MISALIGN",0.7826,13,"POH_SCHEDULE",118,1,1,1,63,156,0,0,0,0.424,0.398,0.6427
ML-GEN-01165,"TRD","ECR","DNR","BXR-DNR",655,1,610.356,612.938,2.582,"ES-09A","DROPPER_DEFECTIVE",0.7161,10,"POH_SCHEDULE",145,1,1,1,96,138,1,0.84,0,0.447,0.669,0.6176
ML-GEN-00896,"TRD","NR","DLI","GZB-MB",515,0,47.943,52.29,4.346,"ES-D05B","CW_WEAR",0.6391,84,"FOOT_PATROL",61,1,1,1,138,64,1,0.8,0,0.214,0.698,0.776
ML-GEN-01577,"TRD","WR","BCT","BVI-VR",208,0,67.456,70.588,3.132,"ES-W43A","INSULATOR_FLASHOVER",0.7439,14,"AOH_SCHEDULE",173,1,1,1,156,68,1,0.87,0,0.524,0.69,0.6693
ML-GEN-00651,"TRD","ECR","DNR","DNR-PNBE",454,0,542.533,543.364,0.83,"ES-25A","NEUTRAL_PTFE",0.6246,7,"FOOT_PATROL",101,1,1,1,109,78,1,0.58,0,0.491,0.656,0.5923
ML-GEN-02169,"TRD","CR","BSL","KYN-BSL",386,1,271.143,273.431,2.288,"ES-C51A","NEUTRAL_PTFE",0.7942,9,"DEFECT_ATTENDANCE",67,1,1,1,103,106,1,0.78,0,0.16,0.609,0.5917
ML-GEN-01304,"TRD","NR","DLI","GZB-MB",515,0,50.402,52.87,2.468,"ES-D05B","CW_WEAR",0.8294,16,"AOH_SCHEDULE",228,1,1,1,121,119,0,0,0,0.66,0.696,0.6649
ML-GEN-00220,"TRD","NR","DLI","NDLS-GZB",823,0,4.729,9.282,4.552,"ES-D02A","CW_WEAR",0.5159,9,"POH_SCHEDULE",115,1,1,1,220,30,0,0,1,0.637,0.62,0.6338
ML-GEN-01794,"TRD","ECR","DNR","BXR-DNR",655,1,611.855,614.253,2.398,"ES-09B","JUMPER_HOTSPOT",0.9173,13,"PREVENTIVE_MAINT",70,1,1,1,118,113,1,0.65,0,0.106,0.771,0.6484
ML-GEN-02016,"TRD","WR","BCT","BCT-BVI",543,0,8.152,12.844,4.692,"ES-W40A","INSULATOR_FLASHOVER",0.9832,19,"AOH_SCHEDULE",220,1,1,1,235,30,1,0.85,1,0.838,0.432,0.6937
ML-GEN-00418,"TRD","NR","DLI","NDLS-GZB",823,0,10.057,11.914,1.857,"ES-D02B","INSULATOR_FLASHOVER",0.8259,7,"EMERGENCY_REPAIR",50,1,1,0,173,30,1,0.7,0,0.322,0.71,0.6453
ML-GEN-02162,"TRD","WR","BCT","BCT-BVI",543,1,43.377,45.296,1.918,"ES-W42A","DROPPER_DEFECTIVE",0.7399,12,"DEFECT_ATTENDANCE",79,1,1,0,223,30,1,0.86,0,0.635,0.756,0.6362
ML-GEN-01430,"TRD","CR","BSL","BSL-NGP",465,1,709.852,710.665,0.813,"ES-C53A","ANTICREEP_DEFECT",0.7024,13,"FOOT_PATROL",107,1,1,1,66,180,0,0,0,0.106,0.488,0.6115
ML-GEN-00613,"TRD","ECR","DNR","PNBE-RJPB",870,0,546.937,548.271,1.334,"ES-18A","INSULATOR_FLASHOVER",0.8502,5,"PREVENTIVE_MAINT",145,1,1,1,153,75,0,0,0,0.141,0.416,0.6277
ML-GEN-01297,"TRD","NR","DLI","GZB-MB",515,0,45.97,48.773,2.803,"ES-D05B","CANTILEVER_MISALIGN",0.5568,9,"EMERGENCY_REPAIR",65,1,1,1,133,32,0,0,0,0.713,0.805,0.6419
ML-GEN-00913,"TRD","NR","DLI","NDLS-PWL",389,0,19.336,20.543,1.207,"ES-D06A","JUMPER_HOTSPOT",0.8974,10,"AOH_SCHEDULE",228,1,1,1,100,111,1,0.79,0,0.492,0.654,0.6648
ML-GEN-01655,"TRD","NR","DLI","NDLS-GZB",823,0,21.309,23.457,2.149,"ES-D02B","INSULATOR_FLASHOVER",0.6327,6,"DEFECT_ATTENDANCE",76,1,1,0,162,64,0,0,0,0.559,0.414,0.6169
ML-GEN-01063,"TRD","ECR","DNR","PNBE-RJPB",870,1,545.947,547.881,1.934,"ES-19A","STEADYARM_CORRODED",0.4808,15,"PREVENTIVE_MAINT",121,1,1,1,132,106,1,0.98,0,0.711,0.489,0.593
ML-GEN-01987,"TRD","WR","BCT","BVI-VR",208,0,68.078,70.971,2.892,"ES-W43B","JUMPER_HOTSPOT",0.7807,15,"DEFECT_ATTENDANCE",43,1,1,0,186,38,1,0.64,0,0.186,0.824,0.666
ML-GEN-00899,"TRD","CR","BSL","BSL-NGP",465,1,681.189,685.357,4.168,"ES-C53A","CANTILEVER_MISALIGN",0.8792,16,"EMERGENCY_REPAIR",66,1,1,1,65,178,0,0,0,0.72,0.12,0.6562
ML-GEN-00414,"TRD","WR","BCT","BCT-BVI",543,0,42.877,46.343,3.466,"ES-W41B","CW_WEAR",0.4565,7,"AOH_SCHEDULE",133,1,1,1,255,30,1,0.98,1,0.627,0.663,0.6184
ML-GEN-00203,"TRD","NR","DLI","NDLS-PWL",389,0,25.489,29.385,3.896,"ES-D06B","CW_WEAR",0.7693,12,"DEFECT_ATTENDANCE",87,1,1,1,113,87,0,0,1,0.427,0.753,0.663
ML-GEN-00364,"TRD","WR","BCT","BCT-BVI",543,1,52.226,53.209,0.983,"ES-W40B","CANTILEVER_MISALIGN",0.5667,18,"AOH_SCHEDULE",155,1,1,1,266,30,0,0,0,0.885,0.826,0.6681
ML-GEN-01306,"TRD","NR","DLI","GZB-MB",515,0,41.95,44.364,2.414,"ES-D05B","CW_WEAR",0.786,11,"PREVENTIVE_MAINT",176,1,1,1,139,74,1,0.78,0,0.347,0.571,0.6369
ML-GEN-02232,"TRD","NR","DLI","NDLS-GZB",823,1,26.112,29.42,3.309,"ES-D03A","INSULATOR_FLASHOVER",0.6721,14,"POH_SCHEDULE",176,1,1,1,166,68,0,0,0,0.74,0.607,0.6527
ML-GEN-02039,"TRD","WR","BCT","BCT-BVI",543,0,31.87,32.396,0.526,"ES-W41A","DROPPER_DEFECTIVE",0.7727,9,"FOOT_PATROL",33,1,1,0,273,30,1,0.63,0,0.33,0.424,0.6362
ML-GEN-02355,"TRD","WR","BCT","BVI-VR",208,0,90.154,92.21,2.057,"ES-W43A","JUMPER_HOTSPOT",0.957,15,"PREVENTIVE_MAINT",170,1,1,1,209,30,1,0.97,1,0.176,0.697,0.6735
ML-GEN-00006,"TRD","WR","BCT","BVI-VR",208,1,87.266,89.914,2.648,"ES-W43A","BIRD_MENACE",0.7554,10,"AOH_SCHEDULE",175,1,1,1,209,30,1,0.88,0,0.339,0.589,0.6261
ML-GEN-02430,"TRD","NR","DLI","NDLS-PWL",389,0,45.564,46.806,1.241,"ES-D07A","DROPPER_DEFECTIVE",0.7777,11,"POH_SCHEDULE",108,1,1,1,122,63,1,1,1,0.608,0.516,0.6326
ML-GEN-00817,"TRD","ECR","DNR","PNBE-RJPB",870,1,547.329,548.627,1.298,"ES-19A","JUMPER_HOTSPOT",0.8717,15,"DEFECT_ATTENDANCE",85,1,1,1,160,47,1,0.69,0,0.219,0.87,0.668
ML-GEN-02264,"TRD","ECR","DNR","MKA-BKP",417,1,490.001,492.36,2.36,"ES-31B","JUMPER_HOTSPOT",0.8879,9,"PREVENTIVE_MAINT",73,1,1,1,78,198,0,0,0,0.583,0.266,0.6292
ML-GEN-00431,"TRD","WR","BCT","BVI-VR",208,1,84.298,86.766,2.469,"ES-W43B","DROPPER_DEFECTIVE",0.4632,11,"EMERGENCY_REPAIR",73,1,1,1,183,51,1,0.58,0,0.181,0.487,0.5866
ML-GEN-00219,"TRD","WR","BCT","BCT-BVI",543,1,0.884,3.774,2.889,"ES-W42A","ANTICREEP_DEFECT",0.7205,12,"FOOT_PATROL",60,1,1,0,237,30,1,0.85,1,0.34,0.829,0.6709
ML-GEN-00856,"TRD","NR","DLI","NDLS-GZB",823,0,15.216,17.272,2.056,"ES-D01B","CW_WEAR",0.5197,10,"EMERGENCY_REPAIR",30,1,0,1,195,44,1,0.73,0,0.364,0.576,0.6025
ML-GEN-01883,"TRD","CR","BSL","KYN-BSL",386,1,104.432,107.281,2.849,"ES-C50B","INSULATOR_FLASHOVER",0.7926,11,"DEFECT_ATTENDANCE",153,1,1,1,94,109,1,0.74,0,0.823,0.621,0.6687
ML-GEN-01926,"TRD","WR","BCT","BCT-BVI",543,1,49.667,52.742,3.075,"ES-W41A","CW_WEAR",0.558,15,"DEFECT_ATTENDANCE",93,1,1,1,233,30,1,0.72,1,0.573,0.831,0.6379
ML-GEN-02247,"TRD","NR","DLI","GZB-MB",515,0,56.547,58.004,1.457,"ES-D04A","DROPPER_DEFECTIVE",0.6028,19,"FOOT_PATROL",95,1,1,1,132,60,0,0,0,0.697,0.548,0.6645
ML-GEN-00208,"TRD","CR","BSL","KYN-BSL",386,0,169.142,171.996,2.854,"ES-C50B","INSULATOR_FLASHOVER",0.9143,8,"PREVENTIVE_MAINT",68,1,1,1,84,157,0,0,0,0.408,0.869,0.6543
ML-GEN-01044,"TRD","ECR","DNR","DNR-PNBE",454,0,541.51,543.732,2.222,"ES-24A","CW_WEAR",0.5497,11,"POH_SCHEDULE",114,1,1,1,138,98,1,0.92,0,0.469,0.754,0.633
ML-GEN-01391,"TRD","WR","BCT","BCT-BVI",543,0,27.497,31.143,3.646,"ES-W42A","DROPPER_DEFECTIVE",0.8878,17,"AOH_SCHEDULE",205,1,1,1,210,30,0,0,0,0.409,0.531,0.6521
ML-GEN-02400,"TRD","ECR","DNR","MKA-BKP",417,1,491.563,492.853,1.29,"ES-31B","CW_WEAR",0.5019,15,"PREVENTIVE_MAINT",65,1,1,0,73,162,0,0,0,0.499,0.3,0.6142
ML-GEN-02178,"TRD","WR","BCT","BCT-BVI",543,1,5.437,7.709,2.272,"ES-W41B","STEADYARM_CORRODED",0.547,14,"DEFECT_ATTENDANCE",67,1,1,1,236,30,0,0,1,0.447,0.716,0.628
ML-GEN-01409,"TRD","ECR","DNR","BXR-DNR",655,1,614.196,615.657,1.461,"ES-10A","INSULATOR_FLASHOVER",0.5212,16,"AOH_SCHEDULE",221,1,1,1,95,119,1,0.91,0,0.46,0.892,0.6221
ML-GEN-00169,"TRD","ECR","DNR","MKA-BKP",417,1,489.608,491.36,1.752,"ES-31B","CANTILEVER_MISALIGN",0.8548,12,"POH_SCHEDULE",193,1,1,1,85,133,0,0,0,0.472,0.65,0.6662
ML-GEN-00483,"TRD","ECR","DNR","MKA-BKP",417,1,490.474,492.141,1.667,"ES-31A","CANTILEVER_MISALIGN",0.5541,14,"FOOT_PATROL",107,1,1,1,86,152,0,0,0,0.544,0.402,0.6367
ML-GEN-01998,"TRD","NR","DLI","GZB-MB",515,1,36.853,40.07,3.217,"ES-D04B","CW_WEAR",0.497,16,"POH_SCHEDULE",188,1,1,1,110,83,1,0.65,1,0.709,0.633,0.6378
ML-GEN-00775,"TRD","NR","DLI","NDLS-GZB",823,0,5.757,9.927,4.17,"ES-D01A","CW_WEAR",0.6717,13,"AOH_SCHEDULE",187,1,1,1,129,78,1,0.85,0,0.637,0.534,0.6465
ML-GEN-02195,"TRD","WR","BCT","BVI-VR",208,1,93.529,96.049,2.521,"ES-W43A","DROPPER_DEFECTIVE",0.6705,8,"POH_SCHEDULE",167,1,1,1,204,30,1,0.97,1,0.285,0.723,0.6239
ML-GEN-01855,"TRD","ECR","DNR","BXR-DNR",655,1,614.241,615.191,0.95,"ES-09A","STEADYARM_CORRODED",0.4161,18,"POH_SCHEDULE",92,1,1,1,119,102,0,0,0,0.648,0.769,0.6404
ML-GEN-00284,"TRD","NR","DLI","NDLS-PWL",389,0,35.826,40.776,4.95,"ES-D07A","CW_WEAR",0.538,9,"FOOT_PATROL",89,1,1,1,115,102,1,0.76,0,0.878,0.802,0.6453
ML-GEN-00225,"TRD","NR","DLI","NDLS-GZB",823,1,16.185,20.75,4.565,"ES-D01A","CW_WEAR",0.6752,11,"DEFECT_ATTENDANCE",104,1,1,1,188,49,1,0.69,0,0.389,0.658,0.6216
ML-GEN-00666,"TRD","NR","DLI","NDLS-PWL",389,1,21.175,22.47,1.295,"ES-D06A","NEUTRAL_PTFE",0.7395,20,"FOOT_PATROL",84,1,1,0,117,93,1,0.91,1,0.717,0.685,0.6794
ML-GEN-01936,"TRD","WR","BCT","BCT-BVI",543,0,23.947,26.655,2.708,"ES-W40A","CANTILEVER_MISALIGN",0.5679,11,"PREVENTIVE_MAINT",117,1,1,1,234,30,1,0.97,1,0.429,0.569,0.5893
ML-GEN-00570,"TRD","WR","BCT","BVI-VR",208,0,97.222,101.522,4.3,"ES-W44B","JUMPER_HOTSPOT",0.9162,8,"AOH_SCHEDULE",251,1,1,1,191,30,1,0.59,0,0.396,0.82,0.6637
ML-GEN-00056,"TRD","WR","BCT","BVI-VR",208,1,89.705,94.236,4.531,"ES-W43A","INSULATOR_FLASHOVER",0.8952,76,"FOOT_PATROL",51,1,1,1,209,30,1,0.63,1,0.8,0.437,0.7676
ML-GEN-01982,"TRD","CR","BSL","KYN-BSL",386,0,103.192,103.767,0.575,"ES-C50A","CW_WEAR",0.3795,9,"DEFECT_ATTENDANCE",164,1,1,1,90,141,0,0,0,0.401,0.769,0.6061
ML-GEN-02214,"TRD","WR","BCT","BVI-VR",208,1,90.987,94.036,3.05,"ES-W44B","JUMPER_HOTSPOT",0.851,12,"AOH_SCHEDULE",154,1,1,1,196,30,0,0,0,0.113,0.69,0.6308
ML-GEN-02196,"TRD","NR","DLI","NDLS-GZB",823,0,20.721,22.25,1.529,"ES-D03A","CW_WEAR",0.5467,7,"EMERGENCY_REPAIR",41,1,0,0,153,44,1,0.75,0,0.771,0.49,0.6153
ML-GEN-00883,"TRD","NR","DLI","GZB-MB",515,1,47.438,50.854,3.415,"ES-D04A","BIRD_MENACE",0.8822,12,"POH_SCHEDULE",138,1,1,1,116,106,1,0.81,1,0.205,0.768,0.6418
ML-GEN-00081,"TRD","NR","DLI","GZB-MB",515,0,32.575,33.208,0.633,"ES-D04B","CW_WEAR",0.8048,11,"AOH_SCHEDULE",190,1,1,1,124,45,1,0.9,1,0.481,0.459,0.6821
ML-GEN-02389,"TRD","ECR","DNR","DNR-PNBE",454,0,540.071,542.181,2.11,"ES-25A","CW_WEAR",0.5604,10,"EMERGENCY_REPAIR",41,1,1,1,124,99,1,0.9,0,0.543,0.831,0.6351
ML-GEN-02172,"TRD","ECR","DNR","BXR-DNR",655,1,612.35,614.048,1.698,"ES-09B","CANTILEVER_MISALIGN",0.8648,86,"PREVENTIVE_MAINT",145,1,1,1,90,159,0,0,0,0.168,0.403,0.7707
ML-GEN-02099,"TRD","NR","DLI","NDLS-GZB",823,1,23.39,24.769,1.379,"ES-D02B","NEUTRAL_PTFE",0.7118,10,"DEFECT_ATTENDANCE",84,1,1,0,173,30,1,0.71,0,0.859,0.692,0.6478
ML-GEN-02406,"TRD","CR","BSL","KYN-BSL",386,0,162.592,163.297,0.705,"ES-C51A","CW_WEAR",0.4248,9,"POH_SCHEDULE",199,1,1,1,84,140,1,0.66,0,0.645,0.55,0.5947
ML-GEN-00323,"TRD","NR","DLI","NDLS-PWL",389,1,36.597,38.13,1.533,"ES-D06A","CW_WEAR",0.7386,7,"FOOT_PATROL",55,1,1,1,124,72,0,0,1,0.429,0.831,0.6232
ML-GEN-01230,"TRD","NR","DLI","NDLS-PWL",389,1,38.285,40.945,2.659,"ES-D07A","NEUTRAL_PTFE",0.5478,11,"FOOT_PATROL",61,1,1,1,121,130,0,0,0,0.81,0.496,0.6061
ML-GEN-01074,"TRD","NR","DLI","NDLS-PWL",389,0,13.064,16.51,3.446,"ES-D07B","CW_WEAR",0.4255,45,"AOH_SCHEDULE",233,1,1,1,125,93,0,0,0,0.637,0.532,0.6803
ML-GEN-01075,"TRD","CR","BSL","BSL-NGP",465,1,566.346,567.698,1.352,"ES-C53A","CW_WEAR",0.6344,7,"FOOT_PATROL",97,1,1,1,67,148,1,0.73,0,0.782,0.227,0.599
ML-GEN-01415,"TRD","NR","DLI","NDLS-PWL",389,0,16.773,21.525,4.752,"ES-D07A","CW_WEAR",0.4742,10,"PREVENTIVE_MAINT",93,1,1,1,111,111,0,0,0,0.544,0.462,0.624
ML-GEN-01740,"TRD","WR","BCT","BCT-BVI",543,0,9.069,13.13,4.061,"ES-W41A","ANTICREEP_DEFECT",0.6149,10,"AOH_SCHEDULE",129,1,1,1,202,31,0,0,1,0.531,0.439,0.6194
ML-GEN-00410,"TRD","ECR","DNR","DNR-PNBE",454,0,540.882,542.165,1.282,"ES-25B","CW_WEAR",0.8286,10,"AOH_SCHEDULE",220,1,1,1,112,105,0,0,1,0.138,0.532,0.6346
ML-GEN-02477,"TRD","WR","BCT","BCT-BVI",543,0,8.696,11.86,3.163,"ES-W40A","STEADYARM_CORRODED",0.7044,13,"AOH_SCHEDULE",180,1,1,1,288,30,1,0.7,0,0.311,0.448,0.6335
ML-GEN-01597,"TRD","CR","BSL","KYN-BSL",386,0,256.901,261.025,4.124,"ES-C50A","INSULATOR_FLASHOVER",0.5471,11,"FOOT_PATROL",70,1,1,1,94,119,1,0.68,0,0.514,0.592,0.613
ML-GEN-00421,"TRD","ECR","DNR","PNBE-RJPB",870,1,545.732,547.531,1.799,"ES-19A","INSULATOR_FLASHOVER",0.7056,42,"PREVENTIVE_MAINT",130,1,1,1,156,30,1,0.5,0,0.251,0.784,0.6951
ML-GEN-01924,"TRD","CR","BSL","BSL-NGP",465,1,788.587,792.132,3.545,"ES-C54A","DROPPER_DEFECTIVE",0.6022,7,"DEFECT_ATTENDANCE",79,1,1,1,72,140,1,0.54,0,0.422,0.438,0.6189
ML-GEN-01133,"TRD","CR","BSL","KYN-BSL",386,0,244.774,247.03,2.257,"ES-C50B","CW_WEAR",0.438,13,"FOOT_PATROL",100,1,1,1,92,149,1,0.96,0,0.216,0.671,0.6117
ML-GEN-01026,"TRD","CR","BSL","BSL-NGP",465,1,632.91,635.722,2.812,"ES-C53A","DROPPER_DEFECTIVE",0.6919,19,"POH_SCHEDULE",175,1,1,1,74,167,0,0,0,0.113,0.314,0.6348
ML-GEN-01678,"TRD","ECR","DNR","BXR-DNR",655,1,611.001,613.39,2.389,"ES-09C","DROPPER_DEFECTIVE",0.5856,7,"POH_SCHEDULE",140,1,1,1,122,125,1,0.63,0,0.21,0.736,0.5969
ML-GEN-00694,"TRD","NR","DLI","NDLS-GZB",823,1,4.556,8.931,4.375,"ES-D01A","CW_WEAR",0.7799,16,"POH_SCHEDULE",150,1,1,1,188,30,1,0.57,0,0.515,0.492,0.6464
ML-GEN-00659,"TRD","NR","DLI","NDLS-GZB",823,1,9.218,14.203,4.985,"ES-D03A","DROPPER_DEFECTIVE",0.5059,9,"AOH_SCHEDULE",201,1,1,1,163,39,0,0,0,0.748,0.515,0.6082
ML-GEN-00764,"TRD","ECR","DNR","MKA-BKP",417,1,491.666,492.267,0.601,"ES-32A","NEUTRAL_PTFE",0.6152,8,"POH_SCHEDULE",117,1,1,1,88,144,0,0,0,0.101,0.552,0.6044
ML-GEN-01741,"TRD","NR","DLI","NDLS-GZB",823,0,18.865,20.524,1.659,"ES-D01B","DROPPER_DEFECTIVE",0.5884,13,"DEFECT_ATTENDANCE",99,1,1,1,198,30,1,0.61,1,0.865,0.893,0.6533
ML-GEN-01423,"TRD","ECR","DNR","BXR-DNR",655,1,611.292,613.808,2.516,"ES-10A","NEUTRAL_PTFE",0.6739,6,"FOOT_PATROL",87,1,1,1,104,103,1,0.73,1,0.174,0.538,0.6199
ML-GEN-00996,"TRD","CR","BSL","BSL-NGP",465,0,782.293,786.555,4.262,"ES-C53B","ANTICREEP_DEFECT",0.6024,8,"FOOT_PATROL",135,1,1,1,90,147,0,0,0,0.847,0.57,0.6128
ML-GEN-02372,"TRD","NR","DLI","NDLS-GZB",823,1,0.591,4.868,4.277,"ES-D01B","DROPPER_DEFECTIVE",0.5322,14,"PREVENTIVE_MAINT",100,1,1,1,182,30,1,0.87,0,0.862,0.611,0.642
ML-GEN-00139,"TRD","WR","BCT","BCT-BVI",543,1,39.931,43.74,3.808,"ES-W40B","INSULATOR_FLASHOVER",0.8298,14,"POH_SCHEDULE",152,1,1,1,244,30,1,0.61,1,0.376,0.809,0.6449
ML-GEN-00082,"TRD","WR","BCT","BVI-VR",208,0,75.74,78.894,3.153,"ES-W44B","DROPPER_DEFECTIVE",0.6383,14,"DEFECT_ATTENDANCE",69,1,1,1,192,30,0,0,0,0.715,0.782,0.6615
ML-GEN-01414,"TRD","ECR","DNR","BXR-DNR",655,0,612.354,615.016,2.662,"ES-09B","ANTICREEP_DEFECT",0.4574,9,"DEFECT_ATTENDANCE",160,1,1,1,92,127,1,0.9,0,0.822,0.47,0.6157
ML-GEN-00195,"TRD","CR","BSL","KYN-BSL",386,0,170.642,172.924,2.282,"ES-C50B","JUMPER_HOTSPOT",0.747,8,"EMERGENCY_REPAIR",86,1,1,0,101,119,0,0,0,0.138,0.802,0.6259
ML-GEN-01970,"TRD","WR","BCT","BVI-VR",208,1,101.769,103.794,2.024,"ES-W44B","DROPPER_DEFECTIVE",0.4475,11,"FOOT_PATROL",112,1,1,1,191,30,1,0.93,0,0.171,0.525,0.5966
ML-GEN-00742,"TRD","WR","BCT","BVI-VR",208,0,55.337,58.407,3.07,"ES-W43A","INSULATOR_FLASHOVER",0.7204,19,"AOH_SCHEDULE",159,1,1,1,198,35,1,0.81,0,0.766,0.826,0.6849
ML-GEN-01909,"TRD","ECR","DNR","MKA-BKP",417,0,489.271,490.976,1.705,"ES-31B","CANTILEVER_MISALIGN",0.9556,17,"AOH_SCHEDULE",135,1,1,1,84,131,1,0.52,0,0.324,0.604,0.6494
ML-GEN-01333,"TRD","CR","BSL","KYN-BSL",386,0,139.686,143.239,3.553,"ES-C51A","CANTILEVER_MISALIGN",0.6168,15,"EMERGENCY_REPAIR",35,1,1,1,94,121,1,0.68,0,0.643,0.666,0.6408
ML-GEN-00842,"TRD","ECR","DNR","DNR-PNBE",454,1,541.614,543.336,1.722,"ES-25A","CW_WEAR",0.7248,7,"PREVENTIVE_MAINT",121,1,1,1,124,83,1,0.68,1,0.876,0.489,0.6362
ML-GEN-01259,"TRD","CR","BSL","KYN-BSL",386,1,375.704,378.105,2.401,"ES-C51B","DROPPER_DEFECTIVE",0.6793,11,"DEFECT_ATTENDANCE",82,1,1,0,84,133,1,0.67,0,0.585,0.658,0.64
ML-GEN-02489,"TRD","NR","DLI","NDLS-PWL",389,0,26.596,29.705,3.109,"ES-D06B","CW_WEAR",0.526,66,"POH_SCHEDULE",124,1,1,1,128,84,1,0.55,1,0.317,0.668,0.7229
ML-GEN-00495,"TRD","ECR","DNR","DNR-PNBE",454,0,540.953,543.21,2.256,"ES-24B","INSULATOR_FLASHOVER",0.7561,10,"FOOT_PATROL",88,1,1,1,119,70,0,0,1,0.315,0.406,0.6258
ML-GEN-00634,"TRD","ECR","DNR","DNR-PNBE",454,1,541.655,543.326,1.671,"ES-25B","STEADYARM_CORRODED",0.6987,16,"DEFECT_ATTENDANCE",63,1,1,1,113,111,1,0.83,0,0.44,0.887,0.6506
ML-GEN-00566,"TRD","CR","BSL","KYN-BSL",386,1,170.841,172.463,1.622,"ES-C50B","CW_WEAR",0.46,13,"POH_SCHEDULE",143,1,1,1,71,175,1,0.8,0,0.484,0.382,0.6251
ML-GEN-00052,"TRD","ECR","DNR","BXR-DNR",655,0,613.04,613.781,0.741,"ES-09A","BIRD_MENACE",0.7315,12,"DEFECT_ATTENDANCE",140,1,1,1,101,106,1,0.9,0,0.637,0.67,0.6064
ML-GEN-02123,"TRD","NR","DLI","NDLS-GZB",823,0,2.143,2.648,0.505,"ES-D01B","CW_WEAR",0.4082,15,"FOOT_PATROL",76,1,1,1,193,32,1,0.65,0,0.844,0.741,0.6356
ML-GEN-01004,"TRD","NR","DLI","GZB-MB",515,0,49.498,52.996,3.498,"ES-D05B","CANTILEVER_MISALIGN",0.544,12,"AOH_SCHEDULE",185,1,1,1,128,89,0,0,0,0.127,0.683,0.6132
ML-GEN-00929,"TRD","ECR","DNR","BXR-DNR",655,0,611.645,613.319,1.675,"ES-09C","STEADYARM_CORRODED",0.6931,11,"PREVENTIVE_MAINT",92,1,1,1,90,132,0,0,0,0.244,0.644,0.621
ML-GEN-01431,"TRD","CR","BSL","KYN-BSL",386,0,350.643,352.956,2.313,"ES-C51B","INSULATOR_FLASHOVER",0.6843,7,"EMERGENCY_REPAIR",50,1,0,1,95,97,1,0.75,0,0.207,0.598,0.6137
ML-GEN-01739,"TRD","WR","BCT","BCT-BVI",543,0,34.72,39.461,4.741,"ES-W41A","NEUTRAL_PTFE",0.7786,8,"PREVENTIVE_MAINT",129,1,1,1,235,30,1,0.73,0,0.756,0.529,0.6513
ML-GEN-02374,"TRD","CR","BSL","BSL-NGP",465,0,476.692,480.143,3.451,"ES-C54B","JUMPER_HOTSPOT",0.8908,11,"AOH_SCHEDULE",201,1,1,1,64,132,1,0.85,0,0.654,0.397,0.6476
ML-GEN-02280,"TRD","ECR","DNR","BXR-DNR",655,1,610.757,612.883,2.126,"ES-10A","JUMPER_HOTSPOT",0.8151,11,"EMERGENCY_REPAIR",46,1,1,1,96,137,1,0.5,0,0.517,0.48,0.6471
ML-GEN-00636,"TRD","CR","BSL","BSL-NGP",465,0,574.27,575.163,0.893,"ES-C53A","INSULATOR_FLASHOVER",0.8219,9,"DEFECT_ATTENDANCE",99,1,1,1,70,174,1,0.87,0,0.417,0.296,0.6523
ML-GEN-01272,"TRD","WR","BCT","BVI-VR",208,0,63.439,68.394,4.954,"ES-W43B","JUMPER_HOTSPOT",0.7629,11,"DEFECT_ATTENDANCE",100,1,1,1,166,59,0,0,0,0.196,0.777,0.6369
ML-GEN-00970,"TRD","NR","DLI","GZB-MB",515,1,55.153,58.501,3.348,"ES-D05A","DROPPER_DEFECTIVE",0.7117,10,"FOOT_PATROL",103,1,1,1,125,61,1,0.84,0,0.137,0.896,0.6202
ML-GEN-00893,"TRD","NR","DLI","NDLS-GZB",823,1,8.404,12.156,3.752,"ES-D01A","DROPPER_DEFECTIVE",0.3549,12,"DEFECT_ATTENDANCE",100,1,1,1,155,30,1,0.71,0,0.863,0.689,0.6088
ML-GEN-00452,"TRD","NR","DLI","NDLS-GZB",823,0,6.393,8.147,1.754,"ES-D02B","BIRD_MENACE",0.7859,8,"PREVENTIVE_MAINT",156,1,1,1,158,60,0,0,1,0.895,0.567,0.6268
ML-GEN-00917,"TRD","NR","DLI","NDLS-GZB",823,1,10.1,13.912,3.813,"ES-D02A","DROPPER_DEFECTIVE",0.4012,11,"DEFECT_ATTENDANCE",106,1,1,1,197,30,1,0.56,0,0.672,0.619,0.6293
ML-GEN-00033,"TRD","ECR","DNR","MKA-BKP",417,0,489.202,491.125,1.923,"ES-31A","DROPPER_DEFECTIVE",0.6902,41,"POH_SCHEDULE",151,1,1,1,82,137,0,0,0,0.452,0.528,0.6962
ML-GEN-00683,"TRD","NR","DLI","GZB-MB",515,0,37.86,40.299,2.439,"ES-D04A","JUMPER_HOTSPOT",0.9218,9,"POH_SCHEDULE",161,1,1,1,137,81,1,0.94,0,0.444,0.645,0.6454
ML-GEN-00841,"TRD","NR","DLI","NDLS-PWL",389,1,45.538,49.333,3.795,"ES-D06A","CW_WEAR",0.6875,15,"FOOT_PATROL",69,1,1,1,114,57,0,0,0,0.679,0.411,0.6379
ML-GEN-01674,"TRD","NR","DLI","NDLS-PWL",389,0,40.851,42.624,1.773,"ES-D06A","ANTICREEP_DEFECT",0.5541,10,"POH_SCHEDULE",173,1,1,1,119,71,1,0.99,1,0.241,0.578,0.6003
ML-GEN-00990,"TRD","ECR","DNR","BXR-DNR",655,1,611.428,612.032,0.604,"ES-10A","CW_WEAR",0.582,13,"DEFECT_ATTENDANCE",149,1,1,1,100,114,0,0,0,0.121,0.819,0.634
ML-GEN-00041,"TRD","NR","DLI","NDLS-GZB",823,1,27.558,28.686,1.128,"ES-D02B","CW_WEAR",0.6878,11,"EMERGENCY_REPAIR",30,1,1,1,196,30,1,0.57,0,0.174,0.502,0.6113
ML-GEN-02265,"TRD","NR","DLI","NDLS-GZB",823,0,7.693,10.955,3.262,"ES-D02A","CANTILEVER_MISALIGN",0.8538,9,"PREVENTIVE_MAINT",104,1,1,1,151,73,1,0.84,0,0.148,0.452,0.6397
ML-GEN-01918,"TRD","CR","BSL","BSL-NGP",465,0,557.89,559.051,1.161,"ES-C53B","CW_WEAR",0.6823,77,"FOOT_PATROL",80,1,1,0,79,113,1,0.57,0,0.161,0.386,0.7647
ML-GEN-01847,"TRD","NR","DLI","NDLS-PWL",389,0,51.713,53.426,1.713,"ES-D07A","CW_WEAR",0.4935,13,"AOH_SCHEDULE",150,1,1,1,116,127,0,0,1,0.418,0.813,0.6354
ML-GEN-00331,"TRD","CR","BSL","BSL-NGP",465,1,483.743,484.826,1.083,"ES-C54B","BIRD_MENACE",0.8001,9,"FOOT_PATROL",78,1,1,1,86,133,0,0,0,0.333,0.843,0.6547
ML-GEN-01171,"TRD","CR","BSL","KYN-BSL",386,1,311.862,314.087,2.225,"ES-C51B","NEUTRAL_PTFE",0.7622,13,"EMERGENCY_REPAIR",30,1,1,0,84,142,1,0.57,0,0.578,0.689,0.6679
ML-GEN-01733,"TRD","NR","DLI","NDLS-PWL",389,1,34.646,35.764,1.118,"ES-D07B","CW_WEAR",0.6772,14,"AOH_SCHEDULE",192,1,1,1,120,122,0,0,0,0.299,0.671,0.6392
ML-GEN-01917,"TRD","ECR","DNR","PNBE-RJPB",870,1,546.047,546.985,0.938,"ES-18B","ANTICREEP_DEFECT",0.4783,11,"DEFECT_ATTENDANCE",132,1,1,1,134,81,1,0.94,0,0.501,0.457,0.6024
ML-GEN-01840,"TRD","CR","BSL","KYN-BSL",386,0,379.614,383.303,3.688,"ES-C52A","JUMPER_HOTSPOT",0.9724,8,"AOH_SCHEDULE",143,1,1,1,92,109,0,0,0,0.113,0.409,0.6373
ML-GEN-01867,"TRD","WR","BCT","BVI-VR",208,1,93.858,98.597,4.739,"ES-W43B","ANTICREEP_DEFECT",0.4713,57,"PREVENTIVE_MAINT",136,1,1,1,195,30,0,0,0,0.359,0.461,0.7144
ML-GEN-01410,"TRD","ECR","DNR","PNBE-RJPB",870,1,546.58,548.008,1.427,"ES-18B","ANTICREEP_DEFECT",0.3753,87,"PREVENTIVE_MAINT",170,1,1,1,142,54,0,0,1,0.854,0.53,0.7621
ML-GEN-00221,"TRD","CR","BSL","KYN-BSL",386,1,230.085,232.651,2.566,"ES-C50A","STEADYARM_CORRODED",0.7298,12,"AOH_SCHEDULE",201,1,1,1,96,130,1,0.83,0,0.672,0.434,0.6556
ML-GEN-00430,"TRD","CR","BSL","BSL-NGP",465,0,687.366,690.701,3.335,"ES-C53B","JUMPER_HOTSPOT",0.8943,11,"PREVENTIVE_MAINT",108,1,1,1,88,125,0,0,0,0.556,0.583,0.6475
ML-GEN-01890,"TRD","ECR","DNR","DNR-PNBE",454,1,540.357,542.546,2.189,"ES-25B","INSULATOR_FLASHOVER",0.7195,77,"EMERGENCY_REPAIR",83,1,1,1,106,123,0,0,0,0.853,0.675,0.7668
ML-GEN-00447,"TRD","WR","BCT","BCT-BVI",543,0,39.856,40.432,0.576,"ES-W42A","DROPPER_DEFECTIVE",0.4711,11,"EMERGENCY_REPAIR",44,1,0,1,264,30,1,0.65,0,0.126,0.778,0.5927
ML-GEN-00490,"TRD","CR","BSL","KYN-BSL",386,1,363.534,366.455,2.922,"ES-C52A","INSULATOR_FLASHOVER",0.8613,9,"PREVENTIVE_MAINT",137,1,1,1,101,90,1,0.75,0,0.738,0.658,0.6603
ML-GEN-00916,"TRD","NR","DLI","NDLS-GZB",823,0,11.378,13.784,2.406,"ES-D03A","NEUTRAL_PTFE",0.6337,13,"EMERGENCY_REPAIR",61,1,1,0,186,30,0,0,1,0.465,0.463,0.6263
ML-GEN-02154,"TRD","CR","BSL","BSL-NGP",465,1,499.803,500.981,1.178,"ES-C54A","INSULATOR_FLASHOVER",0.6885,9,"PREVENTIVE_MAINT",75,1,1,1,71,163,0,0,0,0.714,0.475,0.6281
ML-GEN-01320,"TRD","ECR","DNR","DNR-PNBE",454,0,542.394,543.971,1.577,"ES-25A","INSULATOR_FLASHOVER",0.7015,11,"DEFECT_ATTENDANCE",41,1,1,1,119,56,0,0,1,0.762,0.571,0.6429
ML-GEN-00405,"TRD","ECR","DNR","BXR-DNR",655,1,612.471,613.178,0.706,"ES-09A","CANTILEVER_MISALIGN",0.82,14,"EMERGENCY_REPAIR",49,1,1,1,102,132,0,0,0,0.729,0.774,0.6737
ML-GEN-00335,"TRD","NR","DLI","GZB-MB",515,1,38.727,41.922,3.195,"ES-D04B","CW_WEAR",0.7088,17,"POH_SCHEDULE",138,1,1,1,117,129,0,0,1,0.408,0.816,0.6529
ML-GEN-02236,"TRD","ECR","DNR","DNR-PNBE",454,1,542.047,543.078,1.031,"ES-25B","JUMPER_HOTSPOT",0.8859,6,"EMERGENCY_REPAIR",37,1,1,1,129,75,1,0.67,0,0.273,0.469,0.6378
ML-GEN-01636,"TRD","NR","DLI","NDLS-GZB",823,0,18.58,20.831,2.252,"ES-D02B","DROPPER_DEFECTIVE",0.5335,19,"PREVENTIVE_MAINT",181,1,1,1,177,42,1,0.64,0,0.114,0.528,0.6282
ML-GEN-01898,"TRD","NR","DLI","NDLS-GZB",823,0,5.954,6.962,1.009,"ES-D01B","DROPPER_DEFECTIVE",0.6382,82,"POH_SCHEDULE",168,1,1,1,180,30,0,0,0,0.335,0.81,0.7834
ML-GEN-02384,"TRD","NR","DLI","GZB-MB",515,1,37.457,39.979,2.523,"ES-D04A","DROPPER_DEFECTIVE",0.4888,9,"PREVENTIVE_MAINT",148,1,1,1,144,84,1,0.77,0,0.707,0.402,0.6297
ML-GEN-00632,"TRD","ECR","DNR","DNR-PNBE",454,0,540.078,541.394,1.316,"ES-24A","JUMPER_HOTSPOT",0.6989,10,"AOH_SCHEDULE",140,1,1,1,122,101,0,0,1,0.356,0.406,0.6295
ML-GEN-01380,"TRD","ECR","DNR","DNR-PNBE",454,0,540.806,541.655,0.849,"ES-24B","INSULATOR_FLASHOVER",0.7284,19,"FOOT_PATROL",68,1,1,0,107,97,0,0,1,0.254,0.818,0.6672
ML-GEN-01965,"TRD","NR","DLI","NDLS-PWL",389,1,10.309,13.682,3.373,"ES-D06B","DROPPER_DEFECTIVE",0.4812,13,"FOOT_PATROL",89,1,1,0,96,117,1,0.84,0,0.598,0.481,0.6222
ML-GEN-00730,"TRD","CR","BSL","BSL-NGP",465,1,451.117,452.057,0.94,"ES-C54B","ANTICREEP_DEFECT",0.745,7,"POH_SCHEDULE",97,1,1,1,75,172,1,0.96,0,0.387,0.333,0.6244
ML-GEN-02014,"TRD","NR","DLI","NDLS-PWL",389,0,22.431,25.516,3.085,"ES-D06A","INSULATOR_FLASHOVER",0.6025,9,"FOOT_PATROL",67,1,1,1,109,90,0,0,0,0.205,0.694,0.6435
ML-GEN-02351,"TRD","CR","BSL","KYN-BSL",386,0,167.216,170.449,3.232,"ES-C50B","INSULATOR_FLASHOVER",0.6743,8,"EMERGENCY_REPAIR",88,1,1,1,90,151,1,0.76,0,0.478,0.816,0.6293
ML-GEN-00759,"TRD","ECR","DNR","BXR-DNR",655,1,614.13,614.856,0.726,"ES-09B","CW_WEAR",0.4375,10,"PREVENTIVE_MAINT",53,1,1,1,107,103,0,0,1,0.891,0.664,0.6197
ML-GEN-00818,"TRD","WR","BCT","BVI-VR",208,1,67.891,70.243,2.353,"ES-W44A","INSULATOR_FLASHOVER",0.6721,15,"PREVENTIVE_MAINT",175,1,1,1,193,35,1,0.54,0,0.485,0.571,0.6354
ML-GEN-00307,"TRD","ECR","DNR","BXR-DNR",655,0,611.718,612.596,0.878,"ES-09A","CANTILEVER_MISALIGN",0.6125,5,"AOH_SCHEDULE",176,1,1,1,112,110,0,0,1,0.115,0.558,0.5845
ML-GEN-02246,"TRD","CR","BSL","BSL-NGP",465,1,453.646,457.777,4.131,"ES-C53B","DROPPER_DEFECTIVE",0.508,13,"POH_SCHEDULE",189,1,1,1,84,164,1,0.79,0,0.222,0.567,0.6326
ML-GEN-02391,"TRD","NR","DLI","NDLS-PWL",389,0,24.16,24.997,0.838,"ES-D07B","INSULATOR_FLASHOVER",0.7015,18,"DEFECT_ATTENDANCE",161,1,1,1,100,127,0,0,0,0.338,0.437,0.6406
ML-GEN-00305,"TRD","NR","DLI","NDLS-GZB",823,1,3.533,8.282,4.749,"ES-D01A","JUMPER_HOTSPOT",0.7558,12,"AOH_SCHEDULE",117,1,1,1,195,30,0,0,0,0.16,0.66,0.6393
ML-GEN-02293,"TRD","NR","DLI","GZB-MB",515,1,51.214,55.682,4.467,"ES-D04A","CW_WEAR",0.5876,14,"FOOT_PATROL",108,1,1,1,122,131,1,0.84,0,0.493,0.78,0.6544
ML-GEN-00793,"TRD","ECR","DNR","MKA-BKP",417,0,490.223,491.135,0.912,"ES-32A","INSULATOR_FLASHOVER",0.6461,20,"PREVENTIVE_MAINT",134,1,1,1,89,122,0,0,0,0.33,0.495,0.6503
ML-GEN-01792,"TRD","ECR","DNR","BXR-DNR",655,0,610.785,613.431,2.646,"ES-09C","DROPPER_DEFECTIVE",0.4273,12,"FOOT_PATROL",100,1,1,1,115,114,1,0.92,0,0.625,0.486,0.6162
ML-GEN-00164,"TRD","CR","BSL","KYN-BSL",386,1,107.356,111.433,4.077,"ES-C51B","NEUTRAL_PTFE",0.5303,7,"EMERGENCY_REPAIR",55,1,0,0,87,168,1,0.73,0,0.338,0.825,0.6075
ML-GEN-02278,"TRD","CR","BSL","BSL-NGP",465,0,635.63,638.351,2.72,"ES-C54B","CANTILEVER_MISALIGN",0.8417,9,"DEFECT_ATTENDANCE",115,1,1,1,84,112,1,0.6,0,0.688,0.601,0.6669
ML-GEN-01440,"TRD","NR","DLI","GZB-MB",515,1,40.113,41.583,1.47,"ES-D05B","INSULATOR_FLASHOVER",0.6767,11,"AOH_SCHEDULE",216,1,1,1,126,64,0,0,1,0.169,0.871,0.6269
ML-GEN-02235,"TRD","NR","DLI","GZB-MB",515,1,43.291,46.183,2.892,"ES-D05B","CW_WEAR",0.5639,9,"POH_SCHEDULE",171,1,1,1,123,118,1,0.6,1,0.551,0.791,0.6154
ML-GEN-02330,"TRD","WR","BCT","BCT-BVI",543,0,18.563,20.284,1.721,"ES-W40B","CW_WEAR",0.8456,17,"EMERGENCY_REPAIR",55,1,1,0,184,30,0,0,1,0.525,0.853,0.6686
ML-GEN-00264,"TRD","WR","BCT","BVI-VR",208,0,86.173,88.512,2.34,"ES-W44B","CW_WEAR",0.6737,13,"EMERGENCY_REPAIR",56,1,0,1,187,35,0,0,0,0.768,0.683,0.6539
ML-GEN-01084,"TRD","NR","DLI","GZB-MB",515,0,55.36,58.266,2.907,"ES-D05B","JUMPER_HOTSPOT",0.8278,14,"EMERGENCY_REPAIR",52,1,1,1,100,131,1,0.97,0,0.669,0.582,0.659
ML-GEN-01014,"TRD","CR","BSL","BSL-NGP",465,0,509.314,510.172,0.858,"ES-C54B","CW_WEAR",0.3997,11,"PREVENTIVE_MAINT",103,1,1,1,77,140,1,0.93,0,0.364,0.34,0.597
ML-GEN-01142,"TRD","ECR","DNR","PNBE-RJPB",870,1,545.542,547.917,2.375,"ES-18B","DROPPER_DEFECTIVE",0.5479,13,"POH_SCHEDULE",125,1,1,1,139,60,1,0.61,0,0.425,0.678,0.598
ML-GEN-02371,"TRD","WR","BCT","BVI-VR",208,0,91.62,96.417,4.798,"ES-W43A","DROPPER_DEFECTIVE",0.3973,5,"POH_SCHEDULE",148,1,1,1,195,30,0,0,0,0.635,0.45,0.5619
ML-GEN-00083,"TRD","WR","BCT","BVI-VR",208,1,95.528,98.051,2.523,"ES-W44B","DROPPER_DEFECTIVE",0.6563,12,"DEFECT_ATTENDANCE",92,1,1,1,199,30,1,0.9,0,0.246,0.402,0.6116
ML-GEN-00277,"TRD","ECR","DNR","DNR-PNBE",454,0,542.31,543.891,1.581,"ES-24B","DROPPER_DEFECTIVE",0.5092,8,"PREVENTIVE_MAINT",90,1,1,0,121,97,0,0,0,0.822,0.427,0.6247
ML-GEN-00789,"TRD","ECR","DNR","PNBE-RJPB",870,1,546.206,547.258,1.052,"ES-18B","DROPPER_DEFECTIVE",0.5864,7,"FOOT_PATROL",117,1,1,1,128,81,0,0,0,0.434,0.598,0.6357
ML-GEN-01641,"TRD","WR","BCT","BVI-VR",208,1,74.397,76.506,2.109,"ES-W44A","ANTICREEP_DEFECT",0.8114,9,"DEFECT_ATTENDANCE",39,1,1,1,177,30,1,0.87,0,0.793,0.814,0.6484
ML-GEN-00478,"TRD","NR","DLI","NDLS-PWL",389,1,20.134,24.051,3.917,"ES-D07A","CW_WEAR",0.6998,9,"AOH_SCHEDULE",132,1,1,1,117,139,1,0.77,1,0.185,0.55,0.5874
ML-GEN-00267,"TRD","NR","DLI","NDLS-PWL",389,0,42.418,45.353,2.935,"ES-D06B","CANTILEVER_MISALIGN",0.7718,11,"FOOT_PATROL",96,1,1,1,97,110,1,0.96,0,0.84,0.5,0.6467
ML-GEN-01424,"TRD","NR","DLI","GZB-MB",515,0,62.362,63.65,1.288,"ES-D04A","CANTILEVER_MISALIGN",0.7441,12,"FOOT_PATROL",97,1,1,1,132,63,1,0.88,0,0.667,0.681,0.642
ML-GEN-00643,"TRD","ECR","DNR","DNR-PNBE",454,0,541.457,542.788,1.331,"ES-24A","JUMPER_HOTSPOT",0.8734,17,"FOOT_PATROL",33,1,1,1,118,105,1,0.64,0,0.164,0.671,0.6552
ML-GEN-01315,"TRD","NR","DLI","NDLS-GZB",823,1,20.32,24.78,4.46,"ES-D03A","CANTILEVER_MISALIGN",0.6986,11,"FOOT_PATROL",56,1,0,1,202,30,1,0.7,1,0.851,0.497,0.6447
ML-GEN-01087,"TRD","WR","BCT","BCT-BVI",543,1,50.521,52.325,1.804,"ES-W41B","CW_WEAR",0.3945,14,"FOOT_PATROL",47,1,0,0,274,30,1,0.61,1,0.466,0.473,0.6131
ML-GEN-02036,"TRD","ECR","DNR","BXR-DNR",655,0,611.674,613.908,2.235,"ES-09C","CW_WEAR",0.4793,9,"DEFECT_ATTENDANCE",105,1,1,1,122,69,0,0,0,0.333,0.881,0.6128
ML-GEN-01656,"TRD","WR","BCT","BVI-VR",208,0,89.976,91.573,1.597,"ES-W43B","DROPPER_DEFECTIVE",0.5686,11,"FOOT_PATROL",78,1,1,1,208,30,0,0,0,0.425,0.806,0.6334
ML-GEN-01198,"TRD","ECR","DNR","PNBE-RJPB",870,0,546.301,548.089,1.787,"ES-19A","ANTICREEP_DEFECT",0.3735,14,"EMERGENCY_REPAIR",64,1,1,0,123,107,1,0.75,0,0.245,0.418,0.6217
ML-GEN-01411,"TRD","WR","BCT","BCT-BVI",543,1,3.58,4.912,1.332,"ES-W41A","INSULATOR_FLASHOVER",0.9376,8,"POH_SCHEDULE",195,1,1,1,290,30,0,0,0,0.181,0.718,0.6354
ML-GEN-02487,"TRD","ECR","DNR","PNBE-RJPB",870,1,546.449,547.171,0.722,"ES-18B","JUMPER_HOTSPOT",0.8553,7,"POH_SCHEDULE",200,1,1,1,153,72,1,0.77,0,0.647,0.687,0.6379
ML-GEN-01005,"TRD","NR","DLI","NDLS-GZB",823,1,3.635,4.624,0.989,"ES-D01A","CW_WEAR",0.5887,10,"AOH_SCHEDULE",214,1,1,1,170,38,0,0,0,0.406,0.636,0.6136
ML-GEN-02267,"TRD","WR","BCT","BVI-VR",208,0,60.183,62.77,2.588,"ES-W44A","INSULATOR_FLASHOVER",0.7037,14,"AOH_SCHEDULE",148,1,1,1,166,33,0,0,0,0.47,0.659,0.6371
ML-GEN-02153,"TRD","ECR","DNR","DNR-PNBE",454,1,541.873,542.904,1.03,"ES-25A","JUMPER_HOTSPOT",0.7979,11,"EMERGENCY_REPAIR",72,1,1,1,108,95,1,0.88,1,0.608,0.597,0.6433
ML-GEN-01427,"TRD","ECR","DNR","DNR-PNBE",454,1,541.464,542.15,0.686,"ES-25A","JUMPER_HOTSPOT",0.9178,10,"AOH_SCHEDULE",161,1,1,1,104,139,1,0.52,0,0.49,0.66,0.6595
ML-GEN-00387,"TRD","CR","BSL","KYN-BSL",386,0,377.294,380.455,3.161,"ES-C51A","CANTILEVER_MISALIGN",0.6574,10,"DEFECT_ATTENDANCE",58,1,1,1,99,127,0,0,0,0.571,0.644,0.6272
ML-GEN-01295,"TRD","CR","BSL","KYN-BSL",386,0,115.063,118.094,3.031,"ES-C50A","CW_WEAR",0.5731,8,"EMERGENCY_REPAIR",47,1,0,0,82,178,0,0,0,0.6,0.458,0.6298
ML-GEN-01024,"TRD","NR","DLI","NDLS-PWL",389,0,31.586,34.965,3.379,"ES-D06A","CW_WEAR",0.7429,7,"AOH_SCHEDULE",116,1,1,1,112,137,1,0.94,0,0.516,0.566,0.6358
ML-GEN-01144,"TRD","ECR","DNR","PNBE-RJPB",870,1,546.737,548.76,2.023,"ES-18A","CW_WEAR",0.3187,12,"POH_SCHEDULE",188,1,1,1,139,74,1,0.74,1,0.656,0.44,0.6086
ML-GEN-01419,"TRD","ECR","DNR","MKA-BKP",417,1,491.07,492.824,1.754,"ES-31A","CW_WEAR",0.6783,14,"POH_SCHEDULE",153,1,1,1,85,143,1,0.93,0,0.167,0.453,0.6223
ML-GEN-00873,"TRD","WR","BCT","BCT-BVI",543,1,24.094,27.419,3.326,"ES-W42A","CANTILEVER_MISALIGN",0.8346,18,"EMERGENCY_REPAIR",66,1,1,1,249,30,0,0,1,0.271,0.839,0.6647
ML-GEN-01010,"TRD","ECR","DNR","MKA-BKP",417,1,489.718,491.767,2.05,"ES-32A","BIRD_MENACE",0.6547,11,"AOH_SCHEDULE",145,1,1,1,70,142,0,0,0,0.553,0.199,0.6206
ML-GEN-02206,"TRD","CR","BSL","BSL-NGP",465,0,783.002,783.874,0.872,"ES-C54B","JUMPER_HOTSPOT",0.7103,7,"POH_SCHEDULE",191,1,1,1,72,176,1,0.69,0,0.266,0.472,0.6184
ML-GEN-01677,"TRD","WR","BCT","BCT-BVI",543,0,28.524,32.43,3.906,"ES-W42A","CW_WEAR",0.3496,15,"EMERGENCY_REPAIR",60,1,0,1,256,30,1,0.7,0,0.368,0.504,0.5819
ML-GEN-00843,"TRD","WR","BCT","BCT-BVI",543,0,9.484,11.8,2.315,"ES-W40A","CW_WEAR",0.7436,7,"PREVENTIVE_MAINT",175,1,1,1,198,30,1,0.94,0,0.249,0.84,0.6325
ML-GEN-02468,"TRD","CR","BSL","KYN-BSL",386,0,92.722,93.534,0.811,"ES-C52A","ANTICREEP_DEFECT",0.3969,13,"AOH_SCHEDULE",182,1,1,1,89,140,1,0.82,0,0.269,0.427,0.6043
ML-GEN-01986,"TRD","WR","BCT","BVI-VR",208,1,96.418,97.127,0.709,"ES-W43B","JUMPER_HOTSPOT",0.6898,13,"AOH_SCHEDULE",152,1,1,1,198,30,1,0.74,0,0.66,0.7,0.6202
ML-GEN-02346,"TRD","NR","DLI","NDLS-PWL",389,1,3.793,6.104,2.31,"ES-D07A","CANTILEVER_MISALIGN",0.898,16,"AOH_SCHEDULE",217,1,1,1,113,104,1,0.57,0,0.543,0.86,0.6624
ML-GEN-00909,"TRD","ECR","DNR","DNR-PNBE",454,0,540.655,542.245,1.59,"ES-25B","ANTICREEP_DEFECT",0.4215,11,"POH_SCHEDULE",202,1,1,1,119,70,1,0.52,1,0.297,0.878,0.5883
ML-GEN-00123,"TRD","ECR","DNR","BXR-DNR",655,0,614.101,614.671,0.569,"ES-09B","CW_WEAR",0.5666,13,"AOH_SCHEDULE",151,1,1,1,95,90,0,0,0,0.181,0.748,0.6171
ML-GEN-01899,"TRD","NR","DLI","NDLS-GZB",823,0,19.014,23.596,4.582,"ES-D01A","CANTILEVER_MISALIGN",0.736,5,"FOOT_PATROL",92,1,1,1,173,37,1,0.72,1,0.516,0.871,0.6164
ML-GEN-01983,"TRD","ECR","DNR","PNBE-RJPB",870,0,545.429,546.036,0.607,"ES-18B","CANTILEVER_MISALIGN",0.7,10,"AOH_SCHEDULE",189,1,1,1,143,56,1,0.5,0,0.522,0.653,0.6285
ML-GEN-01916,"TRD","WR","BCT","BCT-BVI",543,0,4.808,7.702,2.894,"ES-W40A","BIRD_MENACE",0.898,17,"DEFECT_ATTENDANCE",121,1,1,1,272,30,1,0.64,0,0.103,0.546,0.6532
ML-GEN-01873,"TRD","CR","BSL","KYN-BSL",386,0,295.672,299.191,3.519,"ES-C52A","INSULATOR_FLASHOVER",0.6876,10,"PREVENTIVE_MAINT",152,1,1,1,82,123,1,0.71,0,0.814,0.512,0.6432
ML-GEN-01300,"TRD","ECR","DNR","MKA-BKP",417,1,490.053,491.955,1.901,"ES-31A","CW_WEAR",0.6536,31,"EMERGENCY_REPAIR",108,1,1,1,81,145,0,0,0,0.81,0.65,0.6967
ML-GEN-01031,"TRD","WR","BCT","BCT-BVI",543,1,39.038,43.635,4.596,"ES-W42A","DROPPER_DEFECTIVE",0.6604,15,"AOH_SCHEDULE",154,1,1,1,261,30,1,0.66,1,0.467,0.473,0.6125
ML-GEN-02367,"TRD","ECR","DNR","DNR-PNBE",454,0,541.025,543.228,2.203,"ES-24B","INSULATOR_FLASHOVER",0.9263,16,"AOH_SCHEDULE",147,1,1,1,130,63,1,0.59,0,0.424,0.443,0.6454
ML-GEN-00772,"TRD","WR","BCT","BVI-VR",208,1,72.421,76.148,3.727,"ES-W44A","JUMPER_HOTSPOT",0.6926,12,"EMERGENCY_REPAIR",82,1,1,1,187,46,0,0,0,0.522,0.655,0.6658
ML-GEN-00813,"TRD","CR","BSL","KYN-BSL",386,0,326.857,330.266,3.409,"ES-C50A","CANTILEVER_MISALIGN",0.4995,13,"PREVENTIVE_MAINT",154,1,1,1,87,135,0,0,0,0.747,0.517,0.625
ML-GEN-00828,"TRD","WR","BCT","BVI-VR",208,1,94.795,98.756,3.961,"ES-W43B","CW_WEAR",0.609,11,"FOOT_PATROL",56,1,0,0,182,30,1,0.8,1,0.48,0.822,0.643
ML-GEN-02076,"TRD","CR","BSL","KYN-BSL",386,0,186.109,186.898,0.789,"ES-C50B","CANTILEVER_MISALIGN",0.5068,3,"POH_SCHEDULE",175,1,1,1,100,90,1,0.53,0,0.629,0.754,0.6082
ML-GEN-02328,"TRD","NR","DLI","GZB-MB",515,1,46.176,50.947,4.771,"ES-D04A","CANTILEVER_MISALIGN",0.7506,15,"POH_SCHEDULE",96,1,1,1,141,94,1,0.52,0,0.671,0.829,0.6711
ML-GEN-00769,"TRD","CR","BSL","KYN-BSL",386,1,369.998,372.659,2.661,"ES-C50B","NEUTRAL_PTFE",0.5912,10,"POH_SCHEDULE",188,1,1,1,80,142,1,0.91,0,0.184,0.43,0.6081
ML-GEN-02152,"TRD","CR","BSL","KYN-BSL",386,0,122.03,123.535,1.505,"ES-C51B","INSULATOR_FLASHOVER",0.8147,16,"POH_SCHEDULE",135,1,1,1,114,92,0,0,0,0.304,0.556,0.6423
ML-GEN-01914,"TRD","CR","BSL","BSL-NGP",465,0,583.297,588.262,4.965,"ES-C54B","STEADYARM_CORRODED",0.5973,5,"FOOT_PATROL",83,1,1,0,59,172,1,0.78,0,0.482,0.465,0.5937
ML-GEN-00341,"TRD","CR","BSL","BSL-NGP",465,0,644.704,646.459,1.755,"ES-C53A","CW_WEAR",0.457,64,"FOOT_PATROL",76,1,1,1,76,149,1,0.53,0,0.642,0.393,0.7118
ML-GEN-02015,"TRD","ECR","DNR","DNR-PNBE",454,0,541.826,542.924,1.098,"ES-25B","JUMPER_HOTSPOT",0.7053,12,"POH_SCHEDULE",103,1,1,1,127,70,0,0,1,0.21,0.576,0.6378
ML-GEN-00110,"TRD","CR","BSL","BSL-NGP",465,0,694.448,697.492,3.044,"ES-C54A","BIRD_MENACE",0.8605,19,"PREVENTIVE_MAINT",89,1,1,1,69,130,0,0,0,0.73,0.322,0.6552
ML-GEN-00463,"TRD","CR","BSL","KYN-BSL",386,1,120.264,123.539,3.275,"ES-C51B","DROPPER_DEFECTIVE",0.3326,12,"FOOT_PATROL",110,1,1,1,98,153,1,0.64,0,0.677,0.899,0.6278
ML-GEN-00687,"TRD","CR","BSL","KYN-BSL",386,0,229.226,230.218,0.992,"ES-C52A","CANTILEVER_MISALIGN",0.7907,14,"POH_SCHEDULE",106,1,1,1,97,121,1,0.52,0,0.613,0.543,0.6499
ML-GEN-01173,"TRD","ECR","DNR","BXR-DNR",655,1,611.532,613.956,2.424,"ES-09A","DROPPER_DEFECTIVE",0.7573,10,"DEFECT_ATTENDANCE",65,1,1,0,103,139,1,0.92,0,0.606,0.874,0.6526
ML-GEN-00711,"TRD","ECR","DNR","PNBE-RJPB",870,0,547.6,548.523,0.923,"ES-19A","NEUTRAL_PTFE",0.8802,15,"FOOT_PATROL",57,1,1,1,130,107,1,0.69,1,0.779,0.503,0.678
ML-GEN-02198,"TRD","CR","BSL","KYN-BSL",386,1,194.256,196.729,2.473,"ES-C51A","DROPPER_DEFECTIVE",0.6665,10,"EMERGENCY_REPAIR",65,1,1,0,82,129,1,0.69,0,0.687,0.444,0.6173
ML-GEN-01178,"TRD","ECR","DNR","PNBE-RJPB",870,0,547.446,548.314,0.867,"ES-19A","CANTILEVER_MISALIGN",0.6506,12,"FOOT_PATROL",99,1,1,1,138,87,1,0.78,1,0.108,0.588,0.6087
ML-GEN-00905,"TRD","WR","BCT","BCT-BVI",543,1,24.22,28.697,4.477,"ES-W40B","DROPPER_DEFECTIVE",0.7568,14,"AOH_SCHEDULE",142,1,1,1,233,30,1,0.65,0,0.119,0.637,0.6517
ML-GEN-01234,"TRD","NR","DLI","NDLS-GZB",823,1,15.857,19.253,3.395,"ES-D01A","INSULATOR_FLASHOVER",0.785,13,"DEFECT_ATTENDANCE",120,1,1,1,216,30,1,0.7,1,0.669,0.454,0.6534
ML-GEN-00007,"TRD","NR","DLI","NDLS-PWL",389,0,24.077,28.509,4.432,"ES-D07A","CW_WEAR",0.7776,15,"POH_SCHEDULE",174,1,1,1,99,107,0,0,0,0.506,0.752,0.6518
ML-GEN-00028,"TRD","NR","DLI","NDLS-GZB",823,0,8.27,12.039,3.769,"ES-D01B","CANTILEVER_MISALIGN",0.5097,20,"EMERGENCY_REPAIR",30,1,0,1,177,56,1,0.9,0,0.342,0.751,0.6277
ML-GEN-02173,"TRD","CR","BSL","KYN-BSL",386,1,114.784,118.373,3.59,"ES-C50B","CW_WEAR",0.4773,10,"AOH_SCHEDULE",162,1,1,1,72,160,0,0,0,0.152,0.438,0.5957
ML-GEN-01160,"TRD","CR","BSL","KYN-BSL",386,0,89.832,92.199,2.367,"ES-C50B","CW_WEAR",0.7065,18,"EMERGENCY_REPAIR",83,1,1,1,79,135,1,0.84,0,0.683,0.429,0.6652
ML-GEN-00218,"TRD","NR","DLI","GZB-MB",515,0,49.99,54.651,4.661,"ES-D05A","CANTILEVER_MISALIGN",0.8107,17,"EMERGENCY_REPAIR",77,1,1,0,108,114,1,0.87,1,0.296,0.522,0.6354
ML-GEN-02252,"TRD","CR","BSL","BSL-NGP",465,1,794.891,796.118,1.226,"ES-C53A","CANTILEVER_MISALIGN",0.8275,18,"POH_SCHEDULE",154,1,1,1,74,127,1,0.57,0,0.335,0.395,0.6505
ML-GEN-01262,"TRD","NR","DLI","NDLS-PWL",389,0,22.233,23.931,1.698,"ES-D07A","CW_WEAR",0.5749,13,"EMERGENCY_REPAIR",45,1,0,0,93,122,0,0,0,0.882,0.649,0.6458
ML-GEN-00229,"TRD","NR","DLI","NDLS-GZB",823,0,3.612,7.065,3.453,"ES-D01A","CANTILEVER_MISALIGN",0.6982,14,"FOOT_PATROL",82,1,1,1,198,30,1,0.87,0,0.283,0.403,0.6252
ML-GEN-00072,"TRD","WR","BCT","BVI-VR",208,1,60.286,62.822,2.536,"ES-W44B","NEUTRAL_PTFE",0.7095,11,"AOH_SCHEDULE",198,1,1,1,207,30,1,0.87,1,0.83,0.429,0.6343
ML-GEN-01881,"TRD","NR","DLI","NDLS-GZB",823,1,24.048,27.498,3.45,"ES-D01A","STEADYARM_CORRODED",0.6877,8,"PREVENTIVE_MAINT",92,1,1,1,199,46,1,0.57,1,0.293,0.655,0.6254
ML-GEN-00908,"TRD","WR","BCT","BVI-VR",208,1,92.732,96.91,4.178,"ES-W44B","INSULATOR_FLASHOVER",0.7759,7,"DEFECT_ATTENDANCE",45,1,1,1,210,30,1,0.56,1,0.408,0.844,0.6455
ML-GEN-01869,"TRD","CR","BSL","KYN-BSL",386,0,228.121,230.367,2.246,"ES-C51A","JUMPER_HOTSPOT",0.8571,8,"FOOT_PATROL",132,1,1,1,96,120,1,0.89,0,0.357,0.879,0.6478
ML-GEN-01763,"TRD","WR","BCT","BVI-VR",208,0,102.365,106.202,3.838,"ES-W43A","CW_WEAR",0.4864,16,"POH_SCHEDULE",125,1,1,1,187,30,0,0,0,0.311,0.441,0.6259
ML-GEN-02407,"TRD","ECR","DNR","BXR-DNR",655,1,610.465,611.688,1.222,"ES-09B","BIRD_MENACE",0.6702,22,"PREVENTIVE_MAINT",140,1,1,1,102,115,1,0.53,0,0.474,0.708,0.6556
ML-GEN-00105,"TRD","ECR","DNR","BXR-DNR",655,1,611.861,612.667,0.806,"ES-09B","DROPPER_DEFECTIVE",0.6331,14,"DEFECT_ATTENDANCE",57,1,0,1,117,91,1,0.89,1,0.577,0.884,0.6507
ML-GEN-00822,"TRD","WR","BCT","BCT-BVI",543,0,35.928,40.327,4.398,"ES-W40B","CW_WEAR",0.7568,13,"PREVENTIVE_MAINT",115,1,1,1,266,30,1,0.71,0,0.783,0.714,0.6747
ML-GEN-00239,"TRD","NR","DLI","NDLS-GZB",823,0,10.137,13.015,2.878,"ES-D02B","CW_WEAR",0.769,12,"POH_SCHEDULE",161,1,1,1,194,30,1,0.89,0,0.364,0.659,0.6402
ML-GEN-01224,"TRD","WR","BCT","BCT-BVI",543,0,4.856,6.399,1.544,"ES-W41B","DROPPER_DEFECTIVE",0.5634,10,"AOH_SCHEDULE",183,1,1,1,248,30,0,0,0,0.313,0.588,0.6212
ML-GEN-01022,"TRD","WR","BCT","BCT-BVI",543,1,10.397,11.45,1.054,"ES-W40A","DROPPER_DEFECTIVE",0.5949,9,"PREVENTIVE_MAINT",171,1,1,1,230,30,1,0.89,1,0.438,0.727,0.5989
ML-GEN-00334,"TRD","CR","BSL","KYN-BSL",386,1,183.186,183.994,0.808,"ES-C50B","CANTILEVER_MISALIGN",0.7965,10,"DEFECT_ATTENDANCE",56,1,1,1,92,104,0,0,0,0.515,0.825,0.6324
ML-GEN-00831,"TRD","NR","DLI","GZB-MB",515,1,47.078,49.741,2.663,"ES-D04B","CW_WEAR",0.7193,8,"FOOT_PATROL",89,1,1,0,118,99,1,0.86,0,0.113,0.53,0.6123
ML-GEN-00681,"TRD","CR","BSL","KYN-BSL",386,0,256.05,256.594,0.544,"ES-C51A","INSULATOR_FLASHOVER",0.6648,8,"PREVENTIVE_MAINT",71,1,1,0,82,116,0,0,0,0.816,0.607,0.6347
ML-GEN-02308,"TRD","ECR","DNR","MKA-BKP",417,0,490.846,492.519,1.673,"ES-31A","CW_WEAR",0.7096,11,"DEFECT_ATTENDANCE",126,1,1,1,97,109,1,0.7,0,0.488,0.666,0.6462
ML-GEN-00957,"TRD","ECR","DNR","BXR-DNR",655,1,612.49,614.337,1.848,"ES-09A","CW_WEAR",0.4368,10,"DEFECT_ATTENDANCE",133,1,1,1,109,121,1,0.69,0,0.667,0.492,0.6133
ML-GEN-01412,"TRD","ECR","DNR","BXR-DNR",655,1,611.326,612.674,1.348,"ES-09B","JUMPER_HOTSPOT",0.9035,14,"POH_SCHEDULE",88,1,1,1,108,101,1,0.8,0,0.899,0.703,0.6851
ML-GEN-01136,"TRD","CR","BSL","BSL-NGP",465,0,625.563,626.44,0.877,"ES-C54A","INSULATOR_FLASHOVER",0.712,16,"AOH_SCHEDULE",128,1,1,1,68,185,1,0.56,0,0.454,0.454,0.6439
ML-GEN-01938,"TRD","CR","BSL","BSL-NGP",465,1,769.597,773.627,4.03,"ES-C54A","DROPPER_DEFECTIVE",0.7521,16,"EMERGENCY_REPAIR",68,1,1,1,69,203,1,0.62,0,0.229,0.406,0.6336
ML-GEN-01413,"TRD","ECR","DNR","BXR-DNR",655,0,612.634,614.865,2.231,"ES-09A","CW_WEAR",0.6871,18,"FOOT_PATROL",108,1,1,1,90,99,0,0,0,0.248,0.435,0.6314
ML-GEN-00574,"TRD","WR","BCT","BVI-VR",208,1,74.67,77.39,2.72,"ES-W43B","INSULATOR_FLASHOVER",0.8312,14,"FOOT_PATROL",75,1,1,1,248,30,1,0.8,0,0.639,0.427,0.64
ML-GEN-00146,"TRD","NR","DLI","NDLS-GZB",823,0,25.934,27.925,1.99,"ES-D02B","NEUTRAL_PTFE",0.6687,8,"PREVENTIVE_MAINT",161,1,1,1,190,30,1,0.95,1,0.489,0.725,0.6244
ML-GEN-01155,"TRD","ECR","DNR","BXR-DNR",655,1,612.816,614.988,2.171,"ES-09A","CW_WEAR",0.524,16,"DEFECT_ATTENDANCE",68,1,1,1,98,169,1,0.66,0,0.812,0.505,0.6616
ML-GEN-00396,"TRD","ECR","DNR","MKA-BKP",417,1,489.443,491.192,1.748,"ES-31A","DROPPER_DEFECTIVE",0.674,13,"POH_SCHEDULE",129,1,1,1,88,174,1,0.86,0,0.556,0.872,0.6258
ML-GEN-01021,"TRD","WR","BCT","BCT-BVI",543,1,48.64,51.57,2.93,"ES-W42A","CW_WEAR",0.5146,12,"EMERGENCY_REPAIR",66,1,1,1,241,30,0,0,1,0.755,0.683,0.6278
ML-GEN-00948,"TRD","CR","BSL","BSL-NGP",465,1,729.035,731.674,2.639,"ES-C54A","CW_WEAR",0.6205,10,"DEFECT_ATTENDANCE",97,1,1,1,74,170,0,0,0,0.722,0.355,0.631
ML-GEN-00776,"TRD","WR","BCT","BCT-BVI",543,0,27.556,28.878,1.322,"ES-W41B","INSULATOR_FLASHOVER",0.6099,14,"FOOT_PATROL",107,1,1,1,283,30,1,0.83,1,0.438,0.608,0.6254
ML-GEN-02438,"TRD","WR","BCT","BCT-BVI",543,1,5.036,7.888,2.852,"ES-W40A","JUMPER_HOTSPOT",0.8356,16,"AOH_SCHEDULE",130,1,1,1,276,30,1,0.9,0,0.677,0.526,0.6672
ML-GEN-00918,"TRD","ECR","DNR","PNBE-RJPB",870,0,545.239,547.578,2.34,"ES-18B","DROPPER_DEFECTIVE",0.4386,8,"AOH_SCHEDULE",173,1,1,1,147,48,1,0.91,0,0.102,0.438,0.5863
ML-GEN-02158,"TRD","WR","BCT","BVI-VR",208,1,73.481,75.405,1.924,"ES-W44A","DROPPER_DEFECTIVE",0.4793,10,"FOOT_PATROL",103,1,1,1,205,30,1,0.59,0,0.404,0.72,0.6081
ML-GEN-01426,"TRD","CR","BSL","KYN-BSL",386,1,228.693,232.912,4.219,"ES-C52A","ANTICREEP_DEFECT",0.5276,68,"EMERGENCY_REPAIR",40,1,1,0,71,191,0,0,0,0.539,0.455,0.7511
ML-GEN-00532,"TRD","CR","BSL","BSL-NGP",465,0,561.875,564.892,3.018,"ES-C54B","DROPPER_DEFECTIVE",0.561,12,"EMERGENCY_REPAIR",33,1,0,0,57,185,1,0.66,0,0.54,0.497,0.624
ML-GEN-01932,"TRD","CR","BSL","BSL-NGP",465,0,716.222,717.698,1.477,"ES-C54B","CANTILEVER_MISALIGN",0.5781,9,"DEFECT_ATTENDANCE",54,1,0,0,74,132,0,0,0,0.734,0.353,0.5953
ML-GEN-01785,"TRD","NR","DLI","GZB-MB",515,0,48.866,53.196,4.33,"ES-D04B","INSULATOR_FLASHOVER",0.6853,11,"PREVENTIVE_MAINT",72,1,1,1,122,132,1,0.98,0,0.372,0.66,0.6332
ML-GEN-01549,"TRD","CR","BSL","KYN-BSL",386,1,429.822,433.554,3.733,"ES-C50B","CANTILEVER_MISALIGN",0.5213,15,"EMERGENCY_REPAIR",79,1,1,0,87,117,1,0.67,0,0.743,0.562,0.6311
ML-GEN-00827,"TRD","WR","BCT","BVI-VR",208,1,91.185,91.954,0.769,"ES-W44A","CW_WEAR",0.6958,14,"DEFECT_ATTENDANCE",102,1,1,1,210,30,1,0.92,0,0.697,0.779,0.6747
ML-GEN-01323,"TRD","ECR","DNR","DNR-PNBE",454,0,541.12,543.156,2.036,"ES-24B","NEUTRAL_PTFE",0.6684,12,"AOH_SCHEDULE",156,1,1,1,120,80,1,0.88,0,0.301,0.691,0.6136
ML-GEN-00337,"TRD","ECR","DNR","DNR-PNBE",454,1,540.28,541.698,1.418,"ES-25A","CW_WEAR",0.4161,15,"AOH_SCHEDULE",156,1,1,1,97,110,0,0,0,0.759,0.854,0.6443
ML-GEN-01537,"TRD","CR","BSL","KYN-BSL",386,1,266.189,268.178,1.989,"ES-C51A","CANTILEVER_MISALIGN",0.6227,16,"POH_SCHEDULE",187,1,1,1,78,140,1,0.7,0,0.781,0.289,0.6251
ML-GEN-02089,"TRD","NR","DLI","GZB-MB",515,1,56.106,59.263,3.157,"ES-D04B","INSULATOR_FLASHOVER",0.5762,9,"POH_SCHEDULE",119,1,1,1,134,93,1,0.82,0,0.266,0.475,0.6052
ML-GEN-01778,"TRD","CR","BSL","BSL-NGP",465,1,733.556,735.083,1.527,"ES-C53B","CW_WEAR",0.534,11,"AOH_SCHEDULE",177,1,1,1,72,159,0,0,0,0.534,0.323,0.6187
ML-GEN-00005,"TRD","CR","BSL","KYN-BSL",386,1,260.967,264.593,3.626,"ES-C52A","INSULATOR_FLASHOVER",0.9535,13,"FOOT_PATROL",101,1,1,1,91,107,0,0,0,0.668,0.752,0.664
ML-GEN-00197,"TRD","CR","BSL","KYN-BSL",386,0,170.372,173.664,3.292,"ES-C50A","BIRD_MENACE",0.9395,6,"PREVENTIVE_MAINT",135,1,1,1,93,104,0,0,0,0.613,0.897,0.6636
ML-GEN-02491,"TRD","CR","BSL","BSL-NGP",465,1,726.785,727.728,0.943,"ES-C54B","NEUTRAL_PTFE",0.6397,12,"EMERGENCY_REPAIR",101,1,1,1,64,198,1,0.56,0,0.454,0.406,0.6214
ML-GEN-02478,"TRD","WR","BCT","BCT-BVI",543,1,21.671,24.127,2.456,"ES-W41B","INSULATOR_FLASHOVER",0.7404,8,"FOOT_PATROL",77,1,1,1,286,30,1,0.6,1,0.336,0.432,0.6186
ML-GEN-01417,"TRD","WR","BCT","BCT-BVI",543,1,20.882,23.288,2.406,"ES-W40A","INSULATOR_FLASHOVER",0.7655,12,"POH_SCHEDULE",197,1,1,1,293,30,0,0,0,0.48,0.772,0.6503
ML-GEN-00919,"TRD","CR","BSL","KYN-BSL",386,0,248.68,251.401,2.721,"ES-C52A","JUMPER_HOTSPOT",0.8006,12,"DEFECT_ATTENDANCE",120,1,1,1,95,132,0,0,0,0.304,0.466,0.661
ML-GEN-01376,"TRD","CR","BSL","BSL-NGP",465,1,650.027,652.735,2.708,"ES-C53B","CW_WEAR",0.404,15,"AOH_SCHEDULE",186,1,1,1,60,153,1,0.68,0,0.322,0.311,0.5923
ML-GEN-00637,"TRD","NR","DLI","NDLS-PWL",389,0,40.037,43.258,3.221,"ES-D07A","ANTICREEP_DEFECT",0.5064,16,"PREVENTIVE_MAINT",109,1,1,1,115,100,0,0,0,0.329,0.566,0.6029
ML-GEN-00214,"TRD","NR","DLI","NDLS-GZB",823,0,10.57,12.457,1.887,"ES-D03A","CANTILEVER_MISALIGN",0.7157,8,"POH_SCHEDULE",162,1,1,1,172,30,0,0,0,0.511,0.78,0.6293
ML-GEN-00815,"TRD","CR","BSL","BSL-NGP",465,1,677.332,680.514,3.182,"ES-C54A","JUMPER_HOTSPOT",0.9314,10,"FOOT_PATROL",110,1,1,1,73,145,1,0.54,0,0.58,0.351,0.6452
ML-GEN-01996,"TRD","WR","BCT","BVI-VR",208,1,92.132,92.92,0.788,"ES-W44B","CW_WEAR",0.4988,13,"DEFECT_ATTENDANCE",142,1,1,1,234,30,1,0.56,0,0.268,0.411,0.6198
ML-GEN-02353,"TRD","ECR","DNR","PNBE-RJPB",870,0,546.509,548.766,2.257,"ES-18B","CW_WEAR",0.6149,9,"DEFECT_ATTENDANCE",105,1,1,1,120,120,0,0,0,0.642,0.449,0.6278
ML-GEN-02001,"TRD","WR","BCT","BVI-VR",208,0,80.262,82.71,2.448,"ES-W44A","DROPPER_DEFECTIVE",0.4645,19,"PREVENTIVE_MAINT",148,1,1,1,196,30,1,0.7,1,0.679,0.493,0.6426
ML-GEN-02105,"TRD","NR","DLI","GZB-MB",515,1,44.056,47.531,3.475,"ES-D05B","INSULATOR_FLASHOVER",0.8476,15,"DEFECT_ATTENDANCE",74,1,1,0,112,102,1,0.8,0,0.63,0.602,0.6621
ML-GEN-00933,"TRD","ECR","DNR","BXR-DNR",655,1,612.467,613.756,1.289,"ES-09C","CANTILEVER_MISALIGN",0.6293,15,"PREVENTIVE_MAINT",44,1,0,1,96,137,1,0.61,0,0.439,0.804,0.6405
ML-GEN-01853,"TRD","WR","BCT","BVI-VR",208,0,93.399,95.778,2.379,"ES-W43A","DROPPER_DEFECTIVE",0.4414,10,"PREVENTIVE_MAINT",76,1,1,1,201,30,1,0.79,0,0.606,0.424,0.6135
ML-GEN-02010,"TRD","CR","BSL","BSL-NGP",465,0,601.387,605.206,3.819,"ES-C53A","JUMPER_HOTSPOT",0.8845,17,"FOOT_PATROL",103,1,1,1,70,172,0,0,0,0.228,0.247,0.649
ML-GEN-01900,"TRD","NR","DLI","NDLS-PWL",389,0,11.503,15.4,3.897,"ES-D07A","NEUTRAL_PTFE",0.7016,10,"EMERGENCY_REPAIR",77,1,1,1,99,110,0,0,0,0.38,0.87,0.64
ML-GEN-02091,"TRD","CR","BSL","BSL-NGP",465,1,776.134,779.468,3.334,"ES-C54A","DROPPER_DEFECTIVE",0.5681,14,"POH_SCHEDULE",142,1,1,1,69,156,1,0.99,0,0.462,0.154,0.6042
ML-GEN-00401,"TRD","NR","DLI","GZB-MB",515,1,44.706,48.494,3.788,"ES-D05B","CANTILEVER_MISALIGN",0.6311,17,"DEFECT_ATTENDANCE",80,1,1,0,112,132,1,0.97,1,0.301,0.779,0.6606
ML-GEN-02322,"TRD","CR","BSL","BSL-NGP",465,0,528.839,532.211,3.372,"ES-C54A","STEADYARM_CORRODED",0.6509,14,"AOH_SCHEDULE",191,1,1,1,85,186,0,0,0,0.583,0.487,0.6357
ML-GEN-00559,"TRD","CR","BSL","KYN-BSL",386,0,236.247,239.851,3.604,"ES-C51B","INSULATOR_FLASHOVER",0.9291,6,"FOOT_PATROL",70,1,1,1,94,119,0,0,0,0.35,0.439,0.6312
ML-GEN-01813,"TRD","NR","DLI","NDLS-GZB",823,1,1.018,2.525,1.507,"ES-D01A","CANTILEVER_MISALIGN",0.6552,15,"FOOT_PATROL",48,1,1,0,167,47,1,1,0,0.389,0.703,0.6299
ML-GEN-00755,"TRD","NR","DLI","NDLS-PWL",389,0,22.678,26.266,3.588,"ES-D06B","BIRD_MENACE",1,13,"PREVENTIVE_MAINT",178,1,1,1,136,101,1,0.58,0,0.517,0.631,0.6772
ML-GEN-00925,"TRD","NR","DLI","NDLS-PWL",389,0,12.267,15.14,2.873,"ES-D07B","CW_WEAR",0.6962,7,"DEFECT_ATTENDANCE",108,1,1,1,138,87,0,0,0,0.553,0.732,0.626
ML-GEN-01860,"TRD","ECR","DNR","PNBE-RJPB",870,1,546.279,548.543,2.264,"ES-18B","JUMPER_HOTSPOT",0.8833,15,"FOOT_PATROL",93,1,1,1,154,45,0,0,0,0.418,0.809,0.6527
ML-GEN-01877,"TRD","CR","BSL","KYN-BSL",386,1,330.757,335.091,4.334,"ES-C51B","INSULATOR_FLASHOVER",0.8477,8,"FOOT_PATROL",91,1,1,1,71,138,1,0.98,0,0.583,0.152,0.6578
ML-GEN-02470,"TRD","WR","BCT","BVI-VR",208,1,64.767,67.95,3.182,"ES-W44B","JUMPER_HOTSPOT",0.8915,10,"AOH_SCHEDULE",208,1,1,1,212,30,0,0,0,0.34,0.556,0.6485
ML-GEN-00519,"TRD","WR","BCT","BVI-VR",208,1,96.792,97.571,0.779,"ES-W44A","CW_WEAR",0.7656,60,"EMERGENCY_REPAIR",73,1,1,0,207,30,1,0.97,1,0.58,0.585,0.745
ML-GEN-00258,"TRD","NR","DLI","NDLS-GZB",823,0,8.81,10.747,1.937,"ES-D03A","CW_WEAR",0.4755,15,"PREVENTIVE_MAINT",85,1,1,0,193,30,1,0.77,1,0.624,0.571,0.6159
ML-GEN-00807,"TRD","NR","DLI","NDLS-PWL",389,0,27.813,30.036,2.223,"ES-D07B","INSULATOR_FLASHOVER",0.8059,11,"DEFECT_ATTENDANCE",130,1,1,1,113,103,1,0.81,1,0.482,0.759,0.6368
ML-GEN-01362,"TRD","CR","BSL","KYN-BSL",386,1,90.191,91.548,1.357,"ES-C52A","INSULATOR_FLASHOVER",0.8211,8,"PREVENTIVE_MAINT",140,1,1,1,96,137,1,0.96,0,0.37,0.894,0.6601
ML-GEN-01445,"TRD","CR","BSL","KYN-BSL",386,1,431.896,433.299,1.403,"ES-C52A","INSULATOR_FLASHOVER",0.7451,14,"PREVENTIVE_MAINT",78,1,1,0,96,106,1,0.97,0,0.638,0.682,0.6597
ML-GEN-00935,"TRD","ECR","DNR","MKA-BKP",417,1,489.017,490.616,1.599,"ES-31A","ANTICREEP_DEFECT",0.5909,14,"EMERGENCY_REPAIR",76,1,1,0,84,116,0,0,0,0.377,0.752,0.6516
ML-GEN-01621,"TRD","NR","DLI","GZB-MB",515,1,62.576,63.105,0.529,"ES-D05A","INSULATOR_FLASHOVER",0.5329,16,"AOH_SCHEDULE",116,1,1,1,120,120,0,0,0,0.544,0.425,0.6152
ML-GEN-00321,"TRD","ECR","DNR","DNR-PNBE",454,0,542.15,543.17,1.02,"ES-25A","INSULATOR_FLASHOVER",0.8104,8,"DEFECT_ATTENDANCE",72,1,1,1,112,113,0,0,0,0.423,0.634,0.6453
ML-GEN-02174,"TRD","CR","BSL","BSL-NGP",465,1,619.17,623.078,3.909,"ES-C54A","CANTILEVER_MISALIGN",0.6546,11,"PREVENTIVE_MAINT",79,1,1,1,68,150,1,0.8,0,0.73,0.477,0.6334
ML-GEN-00708,"TRD","NR","DLI","NDLS-GZB",823,0,1.433,6.129,4.696,"ES-D01A","DROPPER_DEFECTIVE",0.6945,9,"AOH_SCHEDULE",208,1,1,1,181,35,1,0.64,1,0.437,0.479,0.6507
ML-GEN-01341,"TRD","NR","DLI","NDLS-GZB",823,0,18.01,22.756,4.746,"ES-D02A","CANTILEVER_MISALIGN",0.6824,7,"FOOT_PATROL",110,1,1,1,177,30,1,0.72,1,0.857,0.758,0.6445
ML-GEN-01436,"TRD","ECR","DNR","DNR-PNBE",454,1,541.816,543.917,2.101,"ES-24A","JUMPER_HOTSPOT",1,7,"POH_SCHEDULE",156,1,1,1,112,113,1,0.71,0,0.721,0.787,0.6644
ML-GEN-00202,"TRD","NR","DLI","NDLS-GZB",823,1,25.474,26.484,1.009,"ES-D01B","CW_WEAR",0.4928,13,"PREVENTIVE_MAINT",73,1,1,1,158,30,1,0.79,0,0.661,0.881,0.6456
ML-GEN-01573,"TRD","NR","DLI","GZB-MB",515,0,53.022,57.39,4.369,"ES-D05A","JUMPER_HOTSPOT",0.9427,16,"FOOT_PATROL",98,1,1,1,129,91,0,0,0,0.637,0.71,0.6585
ML-GEN-01157,"TRD","NR","DLI","NDLS-PWL",389,1,23.582,25.638,2.056,"ES-D07A","BIRD_MENACE",0.7536,12,"FOOT_PATROL",98,1,1,1,107,116,0,0,1,0.656,0.559,0.6584
ML-GEN-01581,"TRD","ECR","DNR","DNR-PNBE",454,0,542.246,543.272,1.027,"ES-24A","BIRD_MENACE",0.796,18,"PREVENTIVE_MAINT",156,1,1,1,116,119,1,0.79,1,0.32,0.891,0.661
ML-GEN-00271,"TRD","CR","BSL","KYN-BSL",386,0,411.837,412.621,0.784,"ES-C51B","ANTICREEP_DEFECT",0.6216,15,"PREVENTIVE_MAINT",103,1,1,1,107,79,0,0,0,0.716,0.895,0.6619
ML-GEN-00224,"TRD","NR","DLI","NDLS-GZB",823,0,4.482,5.791,1.309,"ES-D03A","INSULATOR_FLASHOVER",0.9458,61,"EMERGENCY_REPAIR",39,1,1,1,171,30,1,0.75,0,0.723,0.588,0.7807
ML-GEN-02382,"TRD","CR","BSL","BSL-NGP",465,0,711.995,715.272,3.278,"ES-C53A","STEADYARM_CORRODED",0.5952,17,"EMERGENCY_REPAIR",49,1,0,1,67,133,1,0.53,0,0.775,0.191,0.6298
ML-GEN-02472,"TRD","WR","BCT","BCT-BVI",543,1,18.21,19.823,1.613,"ES-W42A","CANTILEVER_MISALIGN",0.6405,11,"FOOT_PATROL",121,1,1,1,245,30,1,0.71,1,0.858,0.676,0.6403
ML-GEN-00449,"TRD","CR","BSL","KYN-BSL",386,1,159.755,162.441,2.686,"ES-C50A","STEADYARM_CORRODED",0.7611,12,"AOH_SCHEDULE",148,1,1,1,82,136,1,0.85,0,0.656,0.734,0.6522
ML-GEN-00048,"TRD","WR","BCT","BCT-BVI",543,0,25.614,30.338,4.725,"ES-W40A","JUMPER_HOTSPOT",0.7306,11,"AOH_SCHEDULE",147,1,1,1,192,30,1,0.74,0,0.551,0.479,0.6485
ML-GEN-00292,"TRD","CR","BSL","BSL-NGP",465,0,611.059,613.685,2.626,"ES-C53A","STEADYARM_CORRODED",0.5147,9,"EMERGENCY_REPAIR",69,1,1,0,68,167,1,0.97,0,0.39,0.448,0.5986
ML-GEN-00461,"TRD","CR","BSL","KYN-BSL",386,1,334.898,336.286,1.388,"ES-C52A","JUMPER_HOTSPOT",0.7808,12,"PREVENTIVE_MAINT",64,1,1,1,87,94,1,0.99,0,0.583,0.508,0.6394
ML-GEN-01535,"TRD","ECR","DNR","MKA-BKP",417,1,489.121,491.477,2.356,"ES-31B","CW_WEAR",0.6316,14,"EMERGENCY_REPAIR",69,1,1,0,71,158,1,0.88,0,0.59,0.186,0.6288
ML-GEN-02376,"TRD","CR","BSL","KYN-BSL",386,1,156.143,159.355,3.212,"ES-C52A","BIRD_MENACE",0.9451,20,"FOOT_PATROL",69,1,1,1,92,135,0,0,0,0.527,0.586,0.692
ML-GEN-01301,"TRD","CR","BSL","BSL-NGP",465,0,772.684,777.352,4.668,"ES-C53B","JUMPER_HOTSPOT",0.9033,12,"PREVENTIVE_MAINT",82,1,1,1,60,148,1,0.64,0,0.868,0.126,0.6542
ML-GEN-00403,"TRD","CR","BSL","KYN-BSL",386,0,359.677,364.435,4.758,"ES-C51A","ANTICREEP_DEFECT",0.5298,15,"FOOT_PATROL",48,1,0,0,87,126,0,0,0,0.699,0.599,0.6137
ML-GEN-00607,"TRD","ECR","DNR","PNBE-RJPB",870,1,545.864,547.451,1.587,"ES-19A","JUMPER_HOTSPOT",0.9467,15,"FOOT_PATROL",99,1,1,1,167,40,1,0.84,0,0.449,0.896,0.6601
ML-GEN-01802,"TRD","ECR","DNR","PNBE-RJPB",870,1,546.692,548.839,2.147,"ES-18B","CANTILEVER_MISALIGN",0.7871,11,"POH_SCHEDULE",130,1,1,1,147,70,0,0,0,0.165,0.723,0.6489
ML-GEN-00354,"TRD","WR","BCT","BCT-BVI",543,0,47.988,52.369,4.381,"ES-W41B","NEUTRAL_PTFE",0.7244,14,"PREVENTIVE_MAINT",149,1,1,1,282,30,1,0.87,1,0.781,0.7,0.6598
ML-GEN-01439,"TRD","CR","BSL","KYN-BSL",386,1,155.36,156.702,1.342,"ES-C52A","JUMPER_HOTSPOT",0.8054,10,"DEFECT_ATTENDANCE",92,1,1,1,88,143,1,0.89,0,0.257,0.805,0.6509
ML-GEN-01584,"TRD","WR","BCT","BCT-BVI",543,0,40.109,42.71,2.601,"ES-W41A","NEUTRAL_PTFE",0.7381,21,"FOOT_PATROL",74,1,1,0,246,30,1,0.5,0,0.63,0.467,0.6509
ML-GEN-00426,"TRD","CR","BSL","BSL-NGP",465,1,619.116,623.531,4.415,"ES-C54B","DROPPER_DEFECTIVE",0.3996,11,"PREVENTIVE_MAINT",131,1,1,1,63,164,1,0.97,0,0.561,0.387,0.5682
ML-GEN-00270,"TRD","CR","BSL","KYN-BSL",386,0,247.769,249.047,1.278,"ES-C51B","CW_WEAR",0.6119,15,"PREVENTIVE_MAINT",90,1,1,1,100,149,1,0.99,0,0.344,0.598,0.6397
ML-GEN-02029,"TRD","WR","BCT","BVI-VR",208,0,60.728,62.567,1.839,"ES-W43B","INSULATOR_FLASHOVER",0.6705,10,"DEFECT_ATTENDANCE",128,1,1,1,196,30,1,0.62,1,0.73,0.421,0.6444
ML-GEN-00491,"TRD","WR","BCT","BCT-BVI",543,1,38.16,40.91,2.75,"ES-W41A","DROPPER_DEFECTIVE",0.4398,12,"DEFECT_ATTENDANCE",128,1,1,1,243,30,1,0.71,0,0.55,0.788,0.6026
ML-GEN-00215,"TRD","ECR","DNR","MKA-BKP",417,1,491.732,492.385,0.654,"ES-32A","INSULATOR_FLASHOVER",0.7714,16,"POH_SCHEDULE",170,1,1,1,78,171,0,0,0,0.575,0.123,0.6279
ML-GEN-01511,"TRD","WR","BCT","BCT-BVI",543,1,7.812,8.933,1.121,"ES-W40A","INSULATOR_FLASHOVER",0.7404,16,"DEFECT_ATTENDANCE",153,1,1,1,255,30,1,0.53,1,0.485,0.541,0.6485
ML-GEN-02413,"TRD","NR","DLI","GZB-MB",515,0,43.358,45.924,2.566,"ES-D05B","BIRD_MENACE",0.7726,21,"AOH_SCHEDULE",198,1,1,1,117,85,1,0.97,0,0.514,0.478,0.6672
ML-GEN-00177,"TRD","ECR","DNR","BXR-DNR",655,1,610.755,611.512,0.756,"ES-09B","JUMPER_HOTSPOT",0.8211,7,"EMERGENCY_REPAIR",92,1,1,1,97,150,1,0.89,0,0.706,0.726,0.6539
ML-GEN-02439,"TRD","ECR","DNR","MKA-BKP",417,0,490.817,492.507,1.69,"ES-31B","INSULATOR_FLASHOVER",0.8343,11,"FOOT_PATROL",71,1,1,0,80,161,0,0,0,0.211,0.201,0.6077
ML-GEN-01500,"TRD","ECR","DNR","BXR-DNR",655,1,611.368,613.149,1.781,"ES-10A","DROPPER_DEFECTIVE",0.4744,8,"POH_SCHEDULE",95,1,1,1,94,92,1,0.58,0,0.774,0.797,0.6114
ML-GEN-00306,"TRD","CR","BSL","KYN-BSL",386,1,438.258,439.722,1.464,"ES-C51B","INSULATOR_FLASHOVER",0.6701,7,"AOH_SCHEDULE",216,1,1,1,96,133,1,0.7,0,0.662,0.444,0.6239
ML-GEN-00587,"TRD","ECR","DNR","PNBE-RJPB",870,0,545.939,546.691,0.752,"ES-18B","CANTILEVER_MISALIGN",0.5327,18,"EMERGENCY_REPAIR",50,1,1,1,134,67,0,0,0,0.391,0.565,0.6085
ML-GEN-01163,"TRD","WR","BCT","BCT-BVI",543,1,0.997,2.297,1.3,"ES-W41B","CANTILEVER_MISALIGN",0.6364,14,"PREVENTIVE_MAINT",71,1,1,1,252,30,0,0,1,0.262,0.827,0.6246
ML-GEN-00599,"TRD","CR","BSL","KYN-BSL",386,0,159.717,163.868,4.151,"ES-C51A","CW_WEAR",0.7218,13,"EMERGENCY_REPAIR",68,1,1,1,85,158,0,0,0,0.656,0.598,0.6188
ML-GEN-00934,"TRD","CR","BSL","KYN-BSL",386,1,348.627,353.124,4.498,"ES-C51B","INSULATOR_FLASHOVER",0.7861,6,"PREVENTIVE_MAINT",103,1,1,1,91,127,0,0,0,0.755,0.571,0.6527
ML-GEN-01250,"TRD","CR","BSL","BSL-NGP",465,0,484.126,487.888,3.762,"ES-C53A","ANTICREEP_DEFECT",0.6928,9,"PREVENTIVE_MAINT",186,1,1,1,58,201,0,0,0,0.208,0.276,0.6058
ML-GEN-00936,"TRD","CR","BSL","KYN-BSL",386,0,241.881,245.921,4.04,"ES-C51A","CANTILEVER_MISALIGN",0.695,5,"AOH_SCHEDULE",148,1,1,1,83,106,0,0,0,0.228,0.541,0.6122
ML-GEN-00548,"TRD","NR","DLI","NDLS-PWL",389,1,50.591,54.716,4.125,"ES-D06B","DROPPER_DEFECTIVE",0.5392,11,"POH_SCHEDULE",121,1,1,1,103,111,1,0.95,0,0.704,0.638,0.6314
ML-GEN-00125,"TRD","CR","BSL","BSL-NGP",465,0,643.785,644.489,0.704,"ES-C53A","NEUTRAL_PTFE",0.593,41,"PREVENTIVE_MAINT",110,1,1,1,70,138,0,0,0,0.362,0.193,0.6562
ML-GEN-00680,"TRD","NR","DLI","NDLS-PWL",389,0,12.84,16.593,3.753,"ES-D07B","INSULATOR_FLASHOVER",0.8189,12,"PREVENTIVE_MAINT",165,1,1,1,96,106,1,0.5,0,0.68,0.592,0.6451
ML-GEN-00639,"TRD","CR","BSL","BSL-NGP",465,1,544.13,545.686,1.556,"ES-C54A","DROPPER_DEFECTIVE",0.6585,16,"DEFECT_ATTENDANCE",127,1,1,1,75,144,1,0.78,0,0.49,0.132,0.6166
ML-GEN-01011,"TRD","NR","DLI","NDLS-GZB",823,0,24.131,26.347,2.217,"ES-D02A","CANTILEVER_MISALIGN",0.801,13,"DEFECT_ATTENDANCE",93,1,1,1,184,30,1,0.81,0,0.117,0.619,0.6413
ML-GEN-00959,"TRD","CR","BSL","BSL-NGP",465,1,494.059,499.008,4.95,"ES-C53B","JUMPER_HOTSPOT",0.8207,11,"DEFECT_ATTENDANCE",118,1,1,1,78,129,1,0.62,0,0.788,0.364,0.656
ML-GEN-02179,"TRD","NR","DLI","GZB-MB",515,1,40.62,42.604,1.983,"ES-D05B","JUMPER_HOTSPOT",0.9984,11,"EMERGENCY_REPAIR",64,1,1,1,118,125,0,0,0,0.795,0.599,0.6584
ML-GEN-01081,"TRD","ECR","DNR","BXR-DNR",655,0,613.348,613.972,0.624,"ES-09A","CW_WEAR",0.635,14,"PREVENTIVE_MAINT",101,1,1,1,107,83,1,0.99,0,0.57,0.419,0.6308
ML-GEN-00647,"TRD","WR","BCT","BVI-VR",208,1,90.745,92.224,1.479,"ES-W44B","DROPPER_DEFECTIVE",0.3656,13,"POH_SCHEDULE",139,1,1,1,256,30,0,0,0,0.879,0.505,0.6137
ML-GEN-01522,"TRD","WR","BCT","BVI-VR",208,1,69.935,74.221,4.285,"ES-W44A","DROPPER_DEFECTIVE",0.5661,10,"DEFECT_ATTENDANCE",95,1,1,1,208,30,1,0.95,0,0.214,0.781,0.6174
ML-GEN-01352,"TRD","CR","BSL","KYN-BSL",386,1,136.552,140.686,4.135,"ES-C52A","DROPPER_DEFECTIVE",0.5874,49,"EMERGENCY_REPAIR",79,1,1,1,95,119,1,0.53,0,0.514,0.559,0.7088
ML-GEN-01829,"TRD","CR","BSL","KYN-BSL",386,1,422.078,422.858,0.78,"ES-C51A","CANTILEVER_MISALIGN",0.6915,12,"AOH_SCHEDULE",202,1,1,1,104,115,1,0.93,0,0.749,0.437,0.6371
ML-GEN-01305,"TRD","NR","DLI","NDLS-PWL",389,0,10.604,13.4,2.796,"ES-D07B","DROPPER_DEFECTIVE",0.7698,7,"PREVENTIVE_MAINT",173,1,1,1,112,73,1,0.57,0,0.565,0.848,0.6482
ML-GEN-01141,"TRD","NR","DLI","NDLS-GZB",823,1,24.213,28.009,3.796,"ES-D02A","ANTICREEP_DEFECT",0.5758,11,"FOOT_PATROL",70,1,1,0,144,93,1,0.76,0,0.475,0.736,0.6263
ML-GEN-00251,"TRD","NR","DLI","NDLS-GZB",823,1,3.096,8.026,4.929,"ES-D01B","DROPPER_DEFECTIVE",0.4313,20,"PREVENTIVE_MAINT",171,1,1,1,210,30,0,0,0,0.147,0.779,0.6332
ML-GEN-00922,"TRD","CR","BSL","KYN-BSL",386,1,292.557,294.881,2.324,"ES-C50A","DROPPER_DEFECTIVE",0.5753,10,"AOH_SCHEDULE",138,1,1,1,98,117,1,0.81,0,0.471,0.526,0.6302
ML-GEN-02022,"TRD","ECR","DNR","BXR-DNR",655,0,611.027,613.301,2.275,"ES-09C","INSULATOR_FLASHOVER",0.6644,12,"PREVENTIVE_MAINT",121,1,1,1,123,102,1,0.5,0,0.724,0.852,0.6472
ML-GEN-00425,"TRD","ECR","DNR","BXR-DNR",655,1,610.133,612.784,2.651,"ES-09B","CW_WEAR",0.4954,17,"DEFECT_ATTENDANCE",87,1,1,0,91,103,0,0,0,0.772,0.494,0.6498
ML-GEN-00728,"TRD","NR","DLI","NDLS-PWL",389,0,25.294,30.092,4.798,"ES-D07A","NEUTRAL_PTFE",0.7366,6,"DEFECT_ATTENDANCE",71,1,1,0,112,99,1,0.5,0,0.792,0.48,0.6182
ML-GEN-01236,"TRD","ECR","DNR","PNBE-RJPB",870,1,546.404,548.374,1.97,"ES-18A","INSULATOR_FLASHOVER",0.7476,7,"POH_SCHEDULE",114,1,1,1,122,91,0,0,0,0.21,0.413,0.6315
ML-GEN-00227,"TRD","CR","BSL","BSL-NGP",465,1,657.253,660.719,3.466,"ES-C53A","CW_WEAR",0.8304,9,"FOOT_PATROL",67,1,1,0,78,139,1,0.57,0,0.37,0.203,0.6185
ML-GEN-01542,"TRD","ECR","DNR","PNBE-RJPB",870,0,545.324,546.787,1.462,"ES-19A","CANTILEVER_MISALIGN",0.435,9,"AOH_SCHEDULE",174,1,1,1,126,66,0,0,1,0.642,0.72,0.5916
ML-GEN-00342,"TRD","ECR","DNR","MKA-BKP",417,1,489.379,491.035,1.656,"ES-32A","NEUTRAL_PTFE",0.6181,11,"FOOT_PATROL",58,1,1,1,85,141,1,0.68,0,0.878,0.522,0.6391
ML-GEN-01138,"TRD","WR","BCT","BVI-VR",208,1,57.895,59.083,1.188,"ES-W43B","CW_WEAR",0.7153,12,"FOOT_PATROL",60,1,1,0,179,30,1,0.52,0,0.616,0.739,0.655
ML-GEN-01934,"TRD","NR","DLI","GZB-MB",515,1,39.076,41.851,2.775,"ES-D04B","JUMPER_HOTSPOT",0.7892,15,"AOH_SCHEDULE",215,1,1,1,146,66,1,0.71,0,0.506,0.852,0.6769
ML-GEN-01510,"TRD","CR","BSL","BSL-NGP",465,0,546.737,549.95,3.213,"ES-C53B","STEADYARM_CORRODED",0.7552,79,"DEFECT_ATTENDANCE",73,1,1,0,83,159,1,0.89,0,0.307,0.87,0.7874
ML-GEN-00138,"TRD","NR","DLI","GZB-MB",515,1,42.462,44.892,2.43,"ES-D05B","CW_WEAR",0.6094,12,"AOH_SCHEDULE",208,1,1,1,133,99,1,0.61,0,0.111,0.583,0.6336
ML-GEN-00631,"TRD","NR","DLI","GZB-MB",515,1,61.418,64.361,2.943,"ES-D04B","CANTILEVER_MISALIGN",0.6096,14,"EMERGENCY_REPAIR",88,1,1,1,125,91,1,0.72,0,0.75,0.403,0.6483
ML-GEN-00031,"TRD","NR","DLI","NDLS-GZB",823,0,8.47,10.905,2.435,"ES-D02A","JUMPER_HOTSPOT",0.8291,12,"FOOT_PATROL",95,1,1,1,182,42,0,0,0,0.214,0.597,0.6246
ML-GEN-01225,"TRD","CR","BSL","BSL-NGP",465,1,467.491,468.436,0.945,"ES-C53B","CANTILEVER_MISALIGN",0.7257,13,"EMERGENCY_REPAIR",78,1,1,1,49,201,1,0.89,0,0.27,0.109,0.6216
ML-GEN-00435,"TRD","WR","BCT","BVI-VR",208,0,102.464,104.042,1.578,"ES-W44A","JUMPER_HOTSPOT",0.9721,18,"PREVENTIVE_MAINT",134,1,1,1,211,30,1,0.82,0,0.548,0.467,0.6761
ML-GEN-02256,"TRD","WR","BCT","BCT-BVI",543,0,29.935,30.86,0.925,"ES-W40B","CW_WEAR",0.7799,8,"PREVENTIVE_MAINT",48,1,1,0,264,30,0,0,1,0.56,0.618,0.6458
ML-GEN-02399,"TRD","CR","BSL","BSL-NGP",465,1,615.643,619.458,3.815,"ES-C54A","INSULATOR_FLASHOVER",0.6366,8,"POH_SCHEDULE",172,1,1,1,66,167,1,0.91,0,0.287,0.485,0.6076
ML-GEN-02079,"TRD","WR","BCT","BVI-VR",208,1,106.308,108.877,2.569,"ES-W44B","CANTILEVER_MISALIGN",0.5602,50,"POH_SCHEDULE",77,1,1,0,176,30,0,0,0,0.588,0.464,0.6885
ML-GEN-00095,"TRD","NR","DLI","NDLS-PWL",389,0,15.794,17.081,1.287,"ES-D07A","INSULATOR_FLASHOVER",0.9122,9,"FOOT_PATROL",117,1,1,1,85,136,0,0,0,0.186,0.629,0.6389
ML-GEN-02004,"TRD","CR","BSL","BSL-NGP",465,0,496.489,499.834,3.345,"ES-C53B","ANTICREEP_DEFECT",0.6182,6,"EMERGENCY_REPAIR",54,1,0,1,76,150,0,0,0,0.381,0.335,0.6074
ML-GEN-01283,"TRD","WR","BCT","BVI-VR",208,1,56.628,59.748,3.12,"ES-W43A","CW_WEAR",0.5232,11,"DEFECT_ATTENDANCE",170,1,1,1,229,30,0,0,0,0.597,0.598,0.5928
ML-GEN-02497,"TRD","NR","DLI","GZB-MB",515,0,34.159,37.476,3.317,"ES-D04B","CW_WEAR",0.8734,13,"FOOT_PATROL",55,1,1,1,126,71,1,0.96,0,0.359,0.729,0.6594
ML-GEN-01999,"TRD","NR","DLI","NDLS-GZB",823,1,27.644,29.695,2.05,"ES-D03A","CW_WEAR",0.4875,15,"PREVENTIVE_MAINT",153,1,1,1,212,30,1,0.58,0,0.707,0.658,0.6368
ML-GEN-00109,"TRD","NR","DLI","NDLS-GZB",823,0,22.369,23.736,1.367,"ES-D01B","JUMPER_HOTSPOT",0.7528,13,"FOOT_PATROL",53,1,1,0,198,30,0,0,1,0.117,0.768,0.6322
ML-GEN-01607,"TRD","WR","BCT","BVI-VR",208,1,75.602,79.757,4.155,"ES-W44A","CW_WEAR",0.4747,12,"EMERGENCY_REPAIR",56,1,0,1,165,70,1,0.88,1,0.758,0.846,0.6328
ML-GEN-01526,"TRD","CR","BSL","BSL-NGP",465,0,699.956,704.365,4.409,"ES-C54A","JUMPER_HOTSPOT",0.9069,17,"PREVENTIVE_MAINT",118,1,1,1,78,119,1,0.55,0,0.881,0.163,0.6473
ML-GEN-01180,"TRD","CR","BSL","BSL-NGP",465,0,581.802,583.532,1.73,"ES-C53B","CANTILEVER_MISALIGN",0.5894,15,"POH_SCHEDULE",141,1,1,1,58,183,1,0.71,0,0.891,0.312,0.6305
ML-GEN-00972,"TRD","NR","DLI","GZB-MB",515,1,41.394,44.698,3.304,"ES-D04B","INSULATOR_FLASHOVER",0.9638,22,"FOOT_PATROL",59,1,1,1,124,72,1,0.53,0,0.491,0.716,0.6888
ML-GEN-00402,"TRD","WR","BCT","BCT-BVI",543,0,24.731,25.568,0.837,"ES-W40B","BIRD_MENACE",0.7698,9,"PREVENTIVE_MAINT",178,1,1,1,270,30,1,0.66,1,0.487,0.424,0.6388
ML-GEN-01891,"TRD","NR","DLI","NDLS-PWL",389,1,25.646,30.553,4.906,"ES-D06A","INSULATOR_FLASHOVER",0.7816,15,"POH_SCHEDULE",118,1,1,1,115,123,1,0.9,0,0.474,0.498,0.6428
ML-GEN-00924,"TRD","CR","BSL","KYN-BSL",386,0,294.993,298.881,3.888,"ES-C51B","CANTILEVER_MISALIGN",0.4965,6,"PREVENTIVE_MAINT",137,1,1,1,80,143,0,0,0,0.177,0.413,0.5547
ML-GEN-00010,"TRD","CR","BSL","KYN-BSL",386,1,167.233,169.758,2.525,"ES-C50A","NEUTRAL_PTFE",0.6344,80,"EMERGENCY_REPAIR",60,1,1,1,81,147,0,0,0,0.824,0.89,0.7687
ML-GEN-02041,"TRD","WR","BCT","BVI-VR",208,0,77,78.326,1.326,"ES-W43A","JUMPER_HOTSPOT",0.9844,14,"POH_SCHEDULE",170,1,1,1,170,40,1,0.93,1,0.578,0.853,0.6742
ML-GEN-01068,"TRD","ECR","DNR","MKA-BKP",417,1,489.908,491.487,1.579,"ES-32A","ANTICREEP_DEFECT",0.6923,22,"FOOT_PATROL",111,1,1,1,100,112,1,0.63,0,0.55,0.529,0.6583
ML-GEN-02316,"TRD","CR","BSL","BSL-NGP",465,0,644.002,646.147,2.144,"ES-C53A","DROPPER_DEFECTIVE",0.4977,10,"DEFECT_ATTENDANCE",155,1,1,1,76,160,1,0.83,0,0.459,0.41,0.6122
ML-GEN-00766,"TRD","NR","DLI","NDLS-GZB",823,1,14.775,16.041,1.266,"ES-D01B","INSULATOR_FLASHOVER",0.777,10,"FOOT_PATROL",80,1,1,1,162,31,1,0.97,0,0.683,0.67,0.6512
ML-GEN-00423,"TRD","NR","DLI","NDLS-GZB",823,0,22.684,24.787,2.103,"ES-D03A","CW_WEAR",0.5732,15,"FOOT_PATROL",108,1,1,1,160,58,0,0,0,0.832,0.484,0.6124
ML-GEN-01080,"TRD","NR","DLI","NDLS-PWL",389,0,29.22,33.103,3.883,"ES-D06B","DROPPER_DEFECTIVE",0.7943,19,"POH_SCHEDULE",115,1,1,1,126,66,1,0.58,1,0.75,0.518,0.6976
ML-GEN-00034,"TRD","WR","BCT","BVI-VR",208,1,107.739,108.596,0.857,"ES-W44A","BIRD_MENACE",0.9173,14,"AOH_SCHEDULE",139,1,1,1,186,30,1,0.59,1,0.418,0.635,0.6687
ML-GEN-00494,"TRD","ECR","DNR","BXR-DNR",655,0,610.976,612.18,1.203,"ES-09A","DROPPER_DEFECTIVE",0.686,18,"EMERGENCY_REPAIR",60,1,0,1,117,92,1,0.68,1,0.711,0.751,0.6633
ML-GEN-01935,"TRD","ECR","DNR","MKA-BKP",417,1,489.842,491.434,1.593,"ES-32A","CW_WEAR",0.732,11,"FOOT_PATROL",60,1,1,0,68,150,1,0.79,0,0.17,0.15,0.5937
ML-GEN-00715,"TRD","CR","BSL","BSL-NGP",465,0,622.932,625.524,2.592,"ES-C53A","NEUTRAL_PTFE",0.688,12,"FOOT_PATROL",71,1,1,1,62,144,0,0,0,0.356,0.265,0.614
ML-GEN-02165,"TRD","ECR","DNR","DNR-PNBE",454,1,541.782,543.588,1.805,"ES-24A","STEADYARM_CORRODED",0.7255,9,"POH_SCHEDULE",145,1,1,1,136,61,0,0,1,0.154,0.622,0.6096
ML-GEN-02074,"TRD","CR","BSL","KYN-BSL",386,0,225.377,229.627,4.25,"ES-C50B","INSULATOR_FLASHOVER",0.8537,12,"PREVENTIVE_MAINT",175,1,1,1,73,151,0,0,0,0.532,0.145,0.6376
ML-GEN-00231,"TRD","NR","DLI","NDLS-GZB",823,0,22.544,26.292,3.749,"ES-D01A","CANTILEVER_MISALIGN",0.6146,9,"EMERGENCY_REPAIR",38,1,0,0,196,30,0,0,0,0.483,0.698,0.6319
ML-GEN-02103,"TRD","ECR","DNR","BXR-DNR",655,0,613.679,615.696,2.017,"ES-09B","CW_WEAR",0.5308,9,"POH_SCHEDULE",178,1,1,1,103,88,1,0.76,0,0.17,0.59,0.6218
ML-GEN-02066,"TRD","NR","DLI","GZB-MB",515,0,44.478,45.449,0.971,"ES-D04B","DROPPER_DEFECTIVE",0.7492,13,"AOH_SCHEDULE",183,1,1,1,122,92,1,0.65,1,0.692,0.618,0.6579
ML-GEN-02134,"TRD","WR","BCT","BVI-VR",208,1,94.944,99.457,4.513,"ES-W43B","CANTILEVER_MISALIGN",0.7178,15,"POH_SCHEDULE",148,1,1,1,191,30,0,0,1,0.743,0.893,0.6791
ML-GEN-00268,"TRD","NR","DLI","NDLS-PWL",389,0,0.793,5.639,4.846,"ES-D07A","NEUTRAL_PTFE",0.6323,30,"EMERGENCY_REPAIR",64,1,1,1,100,122,1,0.8,0,0.689,0.833,0.6871
ML-GEN-00133,"TRD","WR","BCT","BVI-VR",208,1,95.891,97.678,1.786,"ES-W44B","NEUTRAL_PTFE",0.7365,13,"PREVENTIVE_MAINT",57,1,1,1,174,32,1,0.56,0,0.579,0.442,0.6339
ML-GEN-00726,"TRD","CR","BSL","KYN-BSL",386,0,337.295,338.506,1.21,"ES-C51A","DROPPER_DEFECTIVE",0.7598,71,"DEFECT_ATTENDANCE",58,1,1,1,85,135,0,0,0,0.418,0.457,0.7626
ML-GEN-02112,"TRD","CR","BSL","BSL-NGP",465,1,749.351,751.529,2.178,"ES-C54B","CW_WEAR",0.6008,13,"AOH_SCHEDULE",170,1,1,1,87,151,1,0.82,0,0.816,0.512,0.6511
ML-GEN-01904,"TRD","ECR","DNR","PNBE-RJPB",870,0,546.984,548.62,1.636,"ES-19A","INSULATOR_FLASHOVER",0.8815,13,"POH_SCHEDULE",164,1,1,1,140,49,0,0,0,0.225,0.486,0.6302
ML-GEN-00754,"TRD","NR","DLI","NDLS-GZB",823,0,19.959,24.47,4.511,"ES-D02B","CW_WEAR",0.8963,6,"AOH_SCHEDULE",227,1,1,1,159,59,0,0,1,0.106,0.549,0.6231
ML-GEN-02234,"TRD","NR","DLI","NDLS-GZB",823,1,22.928,25.261,2.333,"ES-D01B","JUMPER_HOTSPOT",0.7672,10,"EMERGENCY_REPAIR",64,1,1,0,190,30,1,0.57,1,0.435,0.558,0.6429
ML-GEN-00059,"TRD","CR","BSL","BSL-NGP",465,1,619.336,622.225,2.889,"ES-C54B","CW_WEAR",0.6253,17,"PREVENTIVE_MAINT",115,1,1,1,67,156,1,0.55,0,0.344,0.22,0.6366
ML-GEN-00592,"TRD","CR","BSL","BSL-NGP",465,1,501.42,504.624,3.204,"ES-C53B","JUMPER_HOTSPOT",0.8165,53,"POH_SCHEDULE",202,1,1,1,79,134,1,0.93,0,0.338,0.16,0.7074
ML-GEN-00051,"TRD","ECR","DNR","PNBE-RJPB",870,1,545.301,547.434,2.132,"ES-19A","INSULATOR_FLASHOVER",0.7042,13,"EMERGENCY_REPAIR",64,1,1,0,131,86,0,0,1,0.194,0.655,0.6155
ML-GEN-02203,"TRD","ECR","DNR","PNBE-RJPB",870,1,546.799,548.132,1.333,"ES-18B","DROPPER_DEFECTIVE",0.4382,19,"DEFECT_ATTENDANCE",141,1,1,1,133,90,1,0.6,0,0.689,0.777,0.6463
ML-GEN-00153,"TRD","ECR","DNR","DNR-PNBE",454,0,542.249,543.893,1.644,"ES-25B","CW_WEAR",0.5623,14,"FOOT_PATROL",121,1,1,1,124,87,0,0,0,0.124,0.502,0.6058
ML-GEN-01887,"TRD","WR","BCT","BVI-VR",208,0,56.499,57.382,0.883,"ES-W44B","CANTILEVER_MISALIGN",0.49,12,"AOH_SCHEDULE",165,1,1,1,192,30,1,0.96,1,0.507,0.685,0.5979
ML-GEN-01257,"TRD","NR","DLI","NDLS-GZB",823,1,22.355,24.461,2.106,"ES-D02A","INSULATOR_FLASHOVER",0.6847,78,"EMERGENCY_REPAIR",49,1,0,1,165,30,1,0.99,0,0.376,0.761,0.7756
ML-GEN-00194,"TRD","NR","DLI","GZB-MB",515,0,30.422,31.372,0.95,"ES-D04B","NEUTRAL_PTFE",0.5613,7,"FOOT_PATROL",103,1,1,1,107,82,1,0.61,0,0.297,0.744,0.6228
ML-GEN-00330,"TRD","WR","BCT","BVI-VR",208,0,75.014,76.402,1.388,"ES-W44B","ANTICREEP_DEFECT",0.4335,14,"POH_SCHEDULE",156,1,1,1,192,30,0,0,0,0.579,0.559,0.6322
ML-GEN-01078,"TRD","CR","BSL","KYN-BSL",386,0,330.775,332.063,1.288,"ES-C52A","JUMPER_HOTSPOT",1,14,"EMERGENCY_REPAIR",97,1,1,1,86,149,1,0.8,0,0.862,0.471,0.6836
ML-GEN-02130,"TRD","NR","DLI","NDLS-GZB",823,0,11.43,14.424,2.994,"ES-D02B","CANTILEVER_MISALIGN",0.4974,6,"POH_SCHEDULE",143,1,1,1,173,30,1,0.64,0,0.717,0.522,0.5926
ML-GEN-01375,"TRD","CR","BSL","KYN-BSL",386,1,412.731,417.676,4.944,"ES-C50A","STEADYARM_CORRODED",0.6942,4,"POH_SCHEDULE",197,1,1,1,92,131,0,0,0,0.484,0.696,0.6163
ML-GEN-01490,"TRD","CR","BSL","KYN-BSL",386,1,316.045,319.634,3.589,"ES-C50A","CW_WEAR",0.5932,73,"PREVENTIVE_MAINT",62,1,1,0,92,154,0,0,0,0.284,0.512,0.7436
ML-GEN-01213,"TRD","CR","BSL","KYN-BSL",386,0,73.364,74.301,0.938,"ES-C51B","ANTICREEP_DEFECT",0.3899,12,"EMERGENCY_REPAIR",57,1,1,0,78,154,0,0,0,0.169,0.243,0.5838
ML-GEN-01686,"TRD","WR","BCT","BCT-BVI",543,0,9.665,11.594,1.929,"ES-W40B","DROPPER_DEFECTIVE",0.5299,10,"FOOT_PATROL",84,1,1,0,267,30,0,0,1,0.787,0.847,0.6433
ML-GEN-01159,"TRD","CR","BSL","BSL-NGP",465,0,714.483,715.165,0.682,"ES-C54A","NEUTRAL_PTFE",0.4989,11,"AOH_SCHEDULE",153,1,1,1,76,141,1,0.78,0,0.364,0.332,0.5757
ML-GEN-02023,"TRD","NR","DLI","NDLS-GZB",823,0,9.286,11.391,2.105,"ES-D01B","BIRD_MENACE",0.9102,15,"PREVENTIVE_MAINT",91,1,1,1,177,31,1,0.99,0,0.52,0.664,0.68
ML-GEN-00308,"TRD","CR","BSL","BSL-NGP",465,0,521.153,525.463,4.31,"ES-C53A","CANTILEVER_MISALIGN",0.8014,7,"EMERGENCY_REPAIR",35,1,1,1,80,158,1,0.84,0,0.488,0.128,0.6265
ML-GEN-02321,"TRD","CR","BSL","BSL-NGP",465,1,559.472,564.047,4.574,"ES-C53B","CANTILEVER_MISALIGN",0.8031,15,"POH_SCHEDULE",159,1,1,1,82,145,1,0.64,0,0.739,0.881,0.681
ML-GEN-00366,"TRD","ECR","DNR","BXR-DNR",655,0,612.078,613.678,1.601,"ES-09C","NEUTRAL_PTFE",0.5833,12,"FOOT_PATROL",68,1,1,1,94,123,1,0.53,0,0.448,0.422,0.6333
ML-GEN-01148,"TRD","CR","BSL","BSL-NGP",465,1,785.929,787.033,1.104,"ES-C53A","NEUTRAL_PTFE",0.6516,80,"FOOT_PATROL",80,1,1,0,72,126,1,0.67,0,0.718,0.308,0.7739
ML-GEN-01499,"TRD","WR","BCT","BVI-VR",208,1,99.082,104.063,4.981,"ES-W44A","DROPPER_DEFECTIVE",0.6489,13,"POH_SCHEDULE",197,1,1,1,207,30,1,0.84,0,0.699,0.779,0.6337
ML-GEN-01616,"TRD","ECR","DNR","DNR-PNBE",454,1,541.204,543.248,2.043,"ES-25A","DROPPER_DEFECTIVE",0.6224,14,"EMERGENCY_REPAIR",30,1,0,0,104,136,1,0.75,0,0.604,0.807,0.6349
ML-GEN-02213,"TRD","CR","BSL","BSL-NGP",465,1,697.509,701.266,3.756,"ES-C54A","NEUTRAL_PTFE",0.6324,17,"POH_SCHEDULE",99,1,1,1,82,142,1,0.7,0,0.441,0.503,0.6282
ML-GEN-02011,"TRD","CR","BSL","KYN-BSL",386,1,99.932,102.973,3.041,"ES-C52A","INSULATOR_FLASHOVER",0.5756,12,"PREVENTIVE_MAINT",110,1,1,1,106,118,0,0,0,0.749,0.728,0.6497
ML-GEN-00518,"TRD","ECR","DNR","MKA-BKP",417,1,489.087,490.229,1.142,"ES-31B","DROPPER_DEFECTIVE",0.3803,11,"EMERGENCY_REPAIR",30,1,1,0,95,123,0,0,0,0.771,0.455,0.6205
ML-GEN-00804,"TRD","NR","DLI","GZB-MB",515,1,55.666,59.676,4.009,"ES-D05B","CW_WEAR",0.3807,9,"POH_SCHEDULE",174,1,1,1,149,46,1,0.76,0,0.573,0.516,0.6005
ML-GEN-01921,"TRD","NR","DLI","NDLS-GZB",823,1,7.452,8.704,1.252,"ES-D02A","ANTICREEP_DEFECT",0.4993,13,"FOOT_PATROL",79,1,1,1,149,30,1,0.95,0,0.389,0.68,0.6133
ML-GEN-01699,"TRD","WR","BCT","BVI-VR",208,1,90.982,94.934,3.952,"ES-W43B","NEUTRAL_PTFE",0.6559,17,"FOOT_PATROL",56,1,0,0,191,30,1,0.62,0,0.552,0.868,0.6614
ML-GEN-01648,"TRD","ECR","DNR","MKA-BKP",417,1,490.503,491.588,1.084,"ES-31B","CW_WEAR",0.6741,46,"EMERGENCY_REPAIR",30,1,1,1,72,171,0,0,0,0.701,0.407,0.7
ML-GEN-02395,"TRD","WR","BCT","BCT-BVI",543,1,18.037,19.947,1.91,"ES-W42A","BIRD_MENACE",0.9971,12,"EMERGENCY_REPAIR",80,1,1,1,259,30,1,0.57,0,0.432,0.577,0.6588
ML-GEN-00846,"TRD","NR","DLI","NDLS-GZB",823,0,3.265,4.128,0.863,"ES-D01A","CW_WEAR",0.7902,7,"EMERGENCY_REPAIR",48,1,1,1,160,30,1,0.86,0,0.43,0.696,0.6305
ML-GEN-02106,"TRD","CR","BSL","BSL-NGP",465,0,596.41,600.455,4.045,"ES-C54A","DROPPER_DEFECTIVE",0.6328,38,"EMERGENCY_REPAIR",30,1,1,0,65,175,0,0,0,0.379,0.31,0.6838
ML-GEN-00513,"TRD","ECR","DNR","PNBE-RJPB",870,0,546.12,548.466,2.345,"ES-19A","CANTILEVER_MISALIGN",0.8499,4,"DEFECT_ATTENDANCE",153,1,1,1,147,56,1,0.77,0,0.547,0.491,0.63
ML-GEN-00066,"TRD","NR","DLI","NDLS-PWL",389,1,0.841,2.007,1.166,"ES-D06B","INSULATOR_FLASHOVER",0.915,12,"FOOT_PATROL",111,1,1,1,123,82,0,0,1,0.289,0.762,0.6529
ML-GEN-00646,"TRD","WR","BCT","BVI-VR",208,1,77.384,80.586,3.202,"ES-W44B","CW_WEAR",0.7919,70,"EMERGENCY_REPAIR",75,1,1,1,191,30,1,0.59,0,0.543,0.584,0.769
ML-GEN-01152,"TRD","ECR","DNR","BXR-DNR",655,1,610.73,612.329,1.598,"ES-09C","STEADYARM_CORRODED",0.6077,15,"DEFECT_ATTENDANCE",86,1,1,0,93,118,1,0.67,0,0.132,0.448,0.6287
ML-GEN-01516,"TRD","CR","BSL","KYN-BSL",386,0,252.366,254.428,2.062,"ES-C52A","JUMPER_HOTSPOT",0.849,8,"DEFECT_ATTENDANCE",64,1,1,1,111,127,0,0,0,0.471,0.556,0.6413
ML-GEN-02086,"TRD","WR","BCT","BVI-VR",208,0,107.215,109.929,2.714,"ES-W43B","INSULATOR_FLASHOVER",0.5621,12,"PREVENTIVE_MAINT",150,1,1,1,239,30,0,0,0,0.331,0.778,0.6374
ML-GEN-00444,"TRD","NR","DLI","NDLS-GZB",823,1,15.731,17.907,2.176,"ES-D01B","CANTILEVER_MISALIGN",0.6951,7,"EMERGENCY_REPAIR",44,1,1,0,139,83,1,0.61,0,0.233,0.741,0.6202
ML-GEN-01002,"TRD","CR","BSL","KYN-BSL",386,1,75.026,79.693,4.667,"ES-C50A","DROPPER_DEFECTIVE",0.2662,6,"FOOT_PATROL",63,1,1,1,100,133,0,0,0,0.494,0.6,0.5662
ML-GEN-01897,"TRD","ECR","DNR","DNR-PNBE",454,0,541.26,542.145,0.885,"ES-24B","CW_WEAR",0.7449,16,"FOOT_PATROL",108,1,1,1,88,141,0,0,0,0.773,0.507,0.6565
ML-GEN-00294,"TRD","CR","BSL","BSL-NGP",465,1,738.795,743.125,4.329,"ES-C54B","JUMPER_HOTSPOT",0.8461,12,"PREVENTIVE_MAINT",59,1,1,1,72,152,0,0,0,0.858,0.41,0.643
ML-GEN-00262,"TRD","CR","BSL","BSL-NGP",465,1,684.746,685.811,1.065,"ES-C53A","DROPPER_DEFECTIVE",0.7011,13,"DEFECT_ATTENDANCE",93,1,1,1,74,145,1,0.67,0,0.245,0.262,0.6167
ML-GEN-01269,"TRD","ECR","DNR","PNBE-RJPB",870,0,545.768,547.902,2.134,"ES-19A","INSULATOR_FLASHOVER",0.7489,9,"EMERGENCY_REPAIR",55,1,1,0,130,73,0,0,0,0.846,0.515,0.6572
ML-GEN-01771,"TRD","CR","BSL","KYN-BSL",386,1,433.468,436.816,3.347,"ES-C50A","CANTILEVER_MISALIGN",0.5836,12,"PREVENTIVE_MAINT",38,1,0,1,85,171,0,0,0,0.609,0.472,0.6277
ML-GEN-00673,"TRD","CR","BSL","KYN-BSL",386,0,133.942,137.76,3.818,"ES-C50B","NEUTRAL_PTFE",0.8187,12,"DEFECT_ATTENDANCE",125,1,1,1,87,162,1,0.59,0,0.496,0.876,0.6558
ML-GEN-01997,"TRD","CR","BSL","BSL-NGP",465,1,495.258,497.854,2.596,"ES-C53B","DROPPER_DEFECTIVE",0.7403,9,"DEFECT_ATTENDANCE",148,1,1,1,64,159,1,0.53,0,0.882,0.16,0.6394
ML-GEN-01090,"TRD","NR","DLI","NDLS-PWL",389,0,27.807,30.287,2.48,"ES-D07B","DROPPER_DEFECTIVE",0.3925,12,"DEFECT_ATTENDANCE",47,1,0,1,98,131,0,0,0,0.291,0.749,0.6073
ML-GEN-00749,"TRD","WR","BCT","BVI-VR",208,0,79.576,84.088,4.511,"ES-W43B","NEUTRAL_PTFE",0.5,11,"FOOT_PATROL",44,1,0,1,206,30,0,0,1,0.238,0.621,0.594
ML-GEN-01289,"TRD","ECR","DNR","DNR-PNBE",454,1,541.503,543.783,2.279,"ES-25B","CW_WEAR",0.7312,16,"PREVENTIVE_MAINT",157,1,1,1,109,104,1,0.62,0,0.883,0.761,0.6678
ML-GEN-00074,"TRD","CR","BSL","KYN-BSL",386,0,81.292,82.202,0.91,"ES-C51B","CANTILEVER_MISALIGN",0.9042,8,"FOOT_PATROL",66,1,1,0,86,135,1,0.65,0,0.184,0.631,0.6529
ML-GEN-02416,"TRD","CR","BSL","BSL-NGP",465,1,493.198,495.039,1.841,"ES-C54A","INSULATOR_FLASHOVER",0.8419,12,"AOH_SCHEDULE",178,1,1,1,75,154,0,0,0,0.352,0.466,0.6247
ML-GEN-01369,"TRD","ECR","DNR","DNR-PNBE",454,1,542.674,543.587,0.914,"ES-25B","DROPPER_DEFECTIVE",0.5275,7,"PREVENTIVE_MAINT",163,1,1,1,107,125,0,0,0,0.508,0.742,0.6013
ML-GEN-01639,"TRD","CR","BSL","BSL-NGP",465,0,649.061,653.901,4.839,"ES-C53A","CANTILEVER_MISALIGN",0.6096,7,"DEFECT_ATTENDANCE",103,1,1,1,68,165,1,0.95,0,0.665,0.292,0.611
ML-GEN-00798,"TRD","WR","BCT","BCT-BVI",543,1,45.4,46.027,0.628,"ES-W41B","CANTILEVER_MISALIGN",0.8481,13,"EMERGENCY_REPAIR",38,1,1,0,269,30,0,0,0,0.4,0.644,0.6538
ML-GEN-00602,"TRD","NR","DLI","GZB-MB",515,1,33.511,35.696,2.185,"ES-D04B","ANTICREEP_DEFECT",0.7209,14,"PREVENTIVE_MAINT",135,1,1,1,116,121,1,0.5,0,0.57,0.459,0.6416
ML-GEN-01826,"TRD","NR","DLI","NDLS-GZB",823,0,14.978,18.503,3.524,"ES-D01A","DROPPER_DEFECTIVE",0.7334,19,"FOOT_PATROL",77,1,1,0,214,30,1,0.74,0,0.73,0.516,0.6851
ML-GEN-00037,"TRD","WR","BCT","BVI-VR",208,0,70.011,72.078,2.067,"ES-W44A","INSULATOR_FLASHOVER",0.7787,14,"POH_SCHEDULE",184,1,1,1,231,30,1,0.58,0,0.56,0.841,0.6738
ML-GEN-01697,"TRD","CR","BSL","KYN-BSL",386,0,326.897,328.843,1.946,"ES-C50A","BIRD_MENACE",0.8022,20,"EMERGENCY_REPAIR",76,1,1,1,100,143,1,0.89,0,0.522,0.622,0.6649
ML-GEN-01738,"TRD","ECR","DNR","DNR-PNBE",454,1,541.369,543.526,2.157,"ES-25A","NEUTRAL_PTFE",0.8326,10,"DEFECT_ATTENDANCE",77,1,1,0,126,72,0,0,1,0.134,0.695,0.6304
ML-GEN-01892,"TRD","CR","BSL","KYN-BSL",386,1,398.545,402.737,4.192,"ES-C50A","NEUTRAL_PTFE",0.6263,6,"POH_SCHEDULE",110,1,1,1,89,143,1,0.65,0,0.627,0.49,0.6214
ML-GEN-00758,"TRD","WR","BCT","BVI-VR",208,1,67.752,71.874,4.122,"ES-W43B","NEUTRAL_PTFE",0.7727,13,"EMERGENCY_REPAIR",46,1,1,0,175,52,1,0.61,0,0.205,0.696,0.635
ML-GEN-02306,"TRD","CR","BSL","BSL-NGP",465,1,770.854,772.711,1.857,"ES-C53B","CW_WEAR",0.8015,7,"EMERGENCY_REPAIR",78,1,1,0,74,167,1,0.53,0,0.257,0.291,0.6397
ML-GEN-01613,"TRD","CR","BSL","BSL-NGP",465,1,574.102,574.861,0.759,"ES-C53B","JUMPER_HOTSPOT",0.8385,9,"AOH_SCHEDULE",192,1,1,1,65,189,0,0,0,0.331,0.374,0.6377
ML-GEN-00084,"TRD","WR","BCT","BCT-BVI",543,1,25.675,28.451,2.776,"ES-W41A","CW_WEAR",0.575,18,"EMERGENCY_REPAIR",108,1,1,1,248,30,1,0.64,0,0.87,0.482,0.6672
ML-GEN-01589,"TRD","ECR","DNR","DNR-PNBE",454,0,541.194,543.579,2.385,"ES-24A","INSULATOR_FLASHOVER",0.6797,5,"PREVENTIVE_MAINT",143,1,1,1,126,54,0,0,0,0.898,0.68,0.6409
ML-GEN-01491,"TRD","ECR","DNR","MKA-BKP",417,0,489.153,489.724,0.571,"ES-31B","CW_WEAR",0.5677,15,"FOOT_PATROL",87,1,1,0,87,143,1,0.81,0,0.837,0.5,0.6345
ML-GEN-02204,"TRD","ECR","DNR","PNBE-RJPB",870,0,545.332,547.364,2.032,"ES-19A","CANTILEVER_MISALIGN",0.8357,39,"EMERGENCY_REPAIR",30,1,1,1,160,56,1,0.86,0,0.466,0.547,0.7101
ML-GEN-00520,"TRD","CR","BSL","BSL-NGP",465,0,739.635,741.987,2.352,"ES-C53A","NEUTRAL_PTFE",0.8113,13,"FOOT_PATROL",98,1,1,1,72,153,1,0.77,0,0.729,0.279,0.6454
ML-GEN-00577,"TRD","CR","BSL","BSL-NGP",465,0,534.535,537.943,3.408,"ES-C54A","JUMPER_HOTSPOT",0.8937,21,"PREVENTIVE_MAINT",133,1,1,1,67,129,1,0.63,0,0.402,0.2,0.6633
ML-GEN-01317,"TRD","NR","DLI","NDLS-PWL",389,0,21.344,23.369,2.026,"ES-D06A","INSULATOR_FLASHOVER",0.6428,16,"FOOT_PATROL",105,1,1,1,111,69,1,0.92,0,0.731,0.615,0.6711
ML-GEN-00420,"TRD","CR","BSL","KYN-BSL",386,1,171.15,172.454,1.304,"ES-C51B","DROPPER_DEFECTIVE",0.5452,10,"DEFECT_ATTENDANCE",66,1,1,0,76,128,1,0.85,0,0.723,0.268,0.6244
ML-GEN-01726,"TRD","WR","BCT","BVI-VR",208,1,71.649,74.38,2.731,"ES-W43B","CW_WEAR",0.5266,17,"FOOT_PATROL",66,1,1,1,179,30,1,0.95,1,0.195,0.724,0.6302
ML-GEN-00517,"TRD","NR","DLI","NDLS-GZB",823,0,6.203,10.704,4.501,"ES-D02B","CW_WEAR",0.7519,9,"AOH_SCHEDULE",245,1,1,1,172,44,0,0,0,0.142,0.782,0.6321
ML-GEN-01347,"TRD","CR","BSL","BSL-NGP",465,1,717.155,719.221,2.066,"ES-C54A","CW_WEAR",0.4863,13,"DEFECT_ATTENDANCE",88,1,1,0,69,166,1,0.54,0,0.159,0.255,0.5936
ML-GEN-01284,"TRD","NR","DLI","GZB-MB",515,1,61.529,62.684,1.155,"ES-D05A","INSULATOR_FLASHOVER",1,15,"PREVENTIVE_MAINT",151,1,1,1,98,122,1,0.85,0,0.73,0.693,0.7006
ML-GEN-00563,"TRD","ECR","DNR","PNBE-RJPB",870,1,545.862,547.264,1.401,"ES-18A","CW_WEAR",0.4134,14,"POH_SCHEDULE",136,1,1,1,157,57,1,0.77,0,0.54,0.458,0.6006
ML-GEN-01832,"TRD","CR","BSL","KYN-BSL",386,0,403.728,407.287,3.559,"ES-C51B","INSULATOR_FLASHOVER",0.6982,9,"PREVENTIVE_MAINT",126,1,1,1,83,183,1,0.86,0,0.139,0.887,0.6123
ML-GEN-00488,"TRD","CR","BSL","KYN-BSL",386,0,122.315,124.932,2.617,"ES-C51A","CANTILEVER_MISALIGN",0.6817,9,"DEFECT_ATTENDANCE",89,1,1,1,101,100,1,0.87,1,0.567,0.878,0.6614
ML-GEN-02211,"TRD","ECR","DNR","DNR-PNBE",454,0,541.399,543.203,1.804,"ES-24B","INSULATOR_FLASHOVER",0.623,10,"FOOT_PATROL",73,1,1,1,124,101,1,0.66,0,0.619,0.829,0.637
ML-GEN-01488,"TRD","ECR","DNR","PNBE-RJPB",870,1,546.046,547.054,1.008,"ES-18A","CW_WEAR",0.9108,15,"PREVENTIVE_MAINT",126,1,1,1,155,87,1,0.58,0,0.559,0.855,0.6838
ML-GEN-02240,"TRD","CR","BSL","BSL-NGP",465,0,491.691,492.526,0.836,"ES-C54A","CANTILEVER_MISALIGN",0.563,11,"EMERGENCY_REPAIR",30,1,1,0,77,152,0,0,0,0.836,0.466,0.6246
ML-GEN-00196,"TRD","WR","BCT","BCT-BVI",543,1,33.656,37.791,4.136,"ES-W40A","CANTILEVER_MISALIGN",0.896,89,"AOH_SCHEDULE",196,1,1,1,242,30,1,0.67,0,0.222,0.83,0.7978
ML-GEN-02312,"TRD","CR","BSL","BSL-NGP",465,0,666.001,669.041,3.04,"ES-C53A","CW_WEAR",0.8526,10,"PREVENTIVE_MAINT",136,1,1,1,82,144,1,0.99,0,0.395,0.778,0.6394
ML-GEN-00678,"TRD","ECR","DNR","DNR-PNBE",454,0,540.83,541.673,0.842,"ES-25B","CANTILEVER_MISALIGN",0.922,7,"DEFECT_ATTENDANCE",70,1,1,1,121,74,1,0.67,0,0.242,0.459,0.6297
ML-GEN-00462,"TRD","ECR","DNR","MKA-BKP",417,1,489.898,492.017,2.118,"ES-31A","NEUTRAL_PTFE",0.6587,8,"POH_SCHEDULE",139,1,1,1,87,137,1,0.55,0,0.462,0.578,0.6298
ML-GEN-00902,"TRD","NR","DLI","GZB-MB",515,0,35.849,38.219,2.37,"ES-D05A","JUMPER_HOTSPOT",0.8901,13,"DEFECT_ATTENDANCE",125,1,1,1,111,74,1,0.8,0,0.229,0.596,0.6407
ML-GEN-00279,"TRD","WR","BCT","BVI-VR",208,0,73.177,74.128,0.951,"ES-W43B","JUMPER_HOTSPOT",0.8897,14,"DEFECT_ATTENDANCE",136,1,1,1,217,30,1,0.83,1,0.165,0.878,0.6462
ML-GEN-00675,"TRD","ECR","DNR","PNBE-RJPB",870,1,545.458,547.326,1.868,"ES-18B","JUMPER_HOTSPOT",0.9196,10,"PREVENTIVE_MAINT",145,1,1,1,130,70,1,0.75,0,0.516,0.656,0.6579
ML-GEN-01759,"TRD","WR","BCT","BVI-VR",208,1,82.412,83.932,1.52,"ES-W43B","ANTICREEP_DEFECT",0.4658,14,"PREVENTIVE_MAINT",115,1,1,1,196,30,1,0.89,1,0.588,0.773,0.6402
ML-GEN-00333,"TRD","WR","BCT","BVI-VR",208,0,77.721,78.757,1.036,"ES-W44A","ANTICREEP_DEFECT",0.4577,8,"AOH_SCHEDULE",183,1,1,1,194,32,1,0.57,1,0.557,0.508,0.6028
ML-GEN-01071,"TRD","CR","BSL","KYN-BSL",386,1,321.891,326.765,4.874,"ES-C50A","INSULATOR_FLASHOVER",0.8702,8,"DEFECT_ATTENDANCE",69,1,1,1,84,150,0,0,0,0.589,0.733,0.6572
ML-GEN-02274,"TRD","ECR","DNR","PNBE-RJPB",870,1,546.541,547.386,0.845,"ES-18A","CW_WEAR",0.8964,13,"DEFECT_ATTENDANCE",114,1,1,1,127,82,1,0.87,0,0.743,0.67,0.678
ML-GEN-02431,"TRD","ECR","DNR","PNBE-RJPB",870,1,545.558,546.465,0.907,"ES-18A","INSULATOR_FLASHOVER",0.7055,5,"DEFECT_ATTENDANCE",52,1,1,1,184,30,1,0.79,0,0.727,0.723,0.6294
ML-GEN-01790,"TRD","WR","BCT","BVI-VR",208,1,85.823,88.254,2.431,"ES-W43B","INSULATOR_FLASHOVER",0.9342,14,"FOOT_PATROL",44,1,1,1,211,30,0,0,0,0.347,0.613,0.6626
ML-GEN-01212,"TRD","WR","BCT","BVI-VR",208,1,105.546,106.175,0.629,"ES-W43A","DROPPER_DEFECTIVE",0.444,14,"EMERGENCY_REPAIR",84,1,1,0,199,30,0,0,0,0.484,0.504,0.6119
ML-GEN-02192,"TRD","CR","BSL","BSL-NGP",465,1,465.656,467.784,2.127,"ES-C54B","CANTILEVER_MISALIGN",0.5319,8,"DEFECT_ATTENDANCE",130,1,1,1,54,158,0,0,0,0.168,0.209,0.5874
ML-GEN-00085,"TRD","NR","DLI","GZB-MB",515,0,52.987,56.8,3.813,"ES-D04A","CW_WEAR",0.4504,10,"POH_SCHEDULE",134,1,1,1,105,91,0,0,1,0.887,0.702,0.621
ML-GEN-01501,"TRD","WR","BCT","BCT-BVI",543,1,14.34,17.387,3.047,"ES-W41B","ANTICREEP_DEFECT",0.5992,15,"AOH_SCHEDULE",187,1,1,1,265,30,1,0.79,0,0.138,0.434,0.6156
ML-GEN-01139,"TRD","NR","DLI","NDLS-PWL",389,0,48.286,53.109,4.822,"ES-D06B","STEADYARM_CORRODED",0.5189,10,"DEFECT_ATTENDANCE",63,1,1,1,104,139,1,0.73,1,0.258,0.725,0.6223
ML-GEN-01627,"TRD","ECR","DNR","BXR-DNR",655,0,610.455,611.758,1.302,"ES-09B","ANTICREEP_DEFECT",0.4474,12,"PREVENTIVE_MAINT",146,1,1,1,97,151,0,0,0,0.842,0.421,0.5835
ML-GEN-00930,"TRD","NR","DLI","NDLS-PWL",389,1,2.499,7.129,4.63,"ES-D06B","BIRD_MENACE",0.7499,14,"AOH_SCHEDULE",163,1,1,1,113,110,1,0.65,1,0.581,0.726,0.6634
ML-GEN-00422,"TRD","CR","BSL","BSL-NGP",465,1,774.313,776.162,1.849,"ES-C53A","JUMPER_HOTSPOT",0.7157,15,"PREVENTIVE_MAINT",94,1,1,1,72,177,1,0.99,0,0.64,0.341,0.6338
ML-GEN-02037,"TRD","WR","BCT","BCT-BVI",543,0,4.173,6.49,2.317,"ES-W41A","CW_WEAR",0.7036,9,"AOH_SCHEDULE",144,1,1,1,264,30,0,0,0,0.789,0.491,0.6225
ML-GEN-01237,"TRD","NR","DLI","NDLS-GZB",823,1,2.087,5.08,2.993,"ES-D01B","NEUTRAL_PTFE",0.4999,10,"POH_SCHEDULE",166,1,1,1,210,30,0,0,0,0.151,0.826,0.6105
ML-GEN-01196,"TRD","NR","DLI","NDLS-PWL",389,0,21.876,25.986,4.11,"ES-D06B","NEUTRAL_PTFE",0.6914,11,"EMERGENCY_REPAIR",45,1,1,0,104,95,1,0.99,0,0.468,0.879,0.6572
ML-GEN-02380,"TRD","NR","DLI","NDLS-GZB",823,1,18.647,22.516,3.868,"ES-D02A","CW_WEAR",0.6065,11,"DEFECT_ATTENDANCE",130,1,1,1,196,30,1,0.53,1,0.159,0.456,0.6078
ML-GEN-02026,"TRD","WR","BCT","BVI-VR",208,1,69.037,73.958,4.921,"ES-W44A","CANTILEVER_MISALIGN",0.7816,14,"FOOT_PATROL",53,1,1,0,209,30,0,0,0,0.412,0.413,0.6266
ML-GEN-00514,"TRD","ECR","DNR","BXR-DNR",655,0,612.701,613.859,1.158,"ES-09B","NEUTRAL_PTFE",0.6621,17,"DEFECT_ATTENDANCE",140,1,1,1,109,93,0,0,1,0.392,0.862,0.6586
ML-GEN-02208,"TRD","WR","BCT","BVI-VR",208,1,107.54,109.718,2.178,"ES-W43A","INSULATOR_FLASHOVER",0.7799,17,"AOH_SCHEDULE",187,1,1,1,205,30,0,0,1,0.855,0.886,0.6741
ML-GEN-00228,"TRD","CR","BSL","BSL-NGP",465,1,573.338,573.916,0.578,"ES-C53A","CW_WEAR",0.4465,6,"POH_SCHEDULE",99,1,1,1,72,137,1,0.95,0,0.391,0.123,0.5832
ML-GEN-02454,"TRD","WR","BCT","BVI-VR",208,0,60.207,61.175,0.968,"ES-W43A","CANTILEVER_MISALIGN",0.7114,8,"DEFECT_ATTENDANCE",40,1,1,0,197,30,0,0,1,0.857,0.879,0.6512
ML-GEN-01288,"TRD","ECR","DNR","PNBE-RJPB",870,0,547.419,548.912,1.493,"ES-19A","ANTICREEP_DEFECT",0.7267,8,"DEFECT_ATTENDANCE",127,1,1,1,153,30,1,0.88,0,0.562,0.541,0.6362
ML-GEN-02338,"TRD","CR","BSL","KYN-BSL",386,0,417.999,422.714,4.716,"ES-C51B","ANTICREEP_DEFECT",0.6836,9,"FOOT_PATROL",81,1,1,1,68,146,1,0.74,0,0.522,0.224,0.6179
ML-GEN-00015,"TRD","WR","BCT","BCT-BVI",543,1,44.169,47.945,3.776,"ES-W40A","JUMPER_HOTSPOT",0.8476,15,"FOOT_PATROL",68,1,1,1,263,30,1,0.82,0,0.364,0.555,0.6442
ML-GEN-00593,"TRD","NR","DLI","NDLS-PWL",389,1,11.633,16.023,4.39,"ES-D06A","CANTILEVER_MISALIGN",0.8206,12,"POH_SCHEDULE",196,1,1,1,106,89,1,1,0,0.146,0.638,0.6341
ML-GEN-01717,"TRD","WR","BCT","BVI-VR",208,0,98.587,103.284,4.697,"ES-W44B","BIRD_MENACE",0.8007,8,"PREVENTIVE_MAINT",167,1,1,1,185,30,0,0,0,0.677,0.433,0.6501
ML-GEN-00385,"TRD","CR","BSL","BSL-NGP",465,1,695.534,699.358,3.824,"ES-C53A","CW_WEAR",0.8113,19,"DEFECT_ATTENDANCE",101,1,1,1,68,176,1,0.6,0,0.875,0.32,0.6655
ML-GEN-00904,"TRD","CR","BSL","KYN-BSL",386,1,338.427,341.463,3.036,"ES-C52A","JUMPER_HOTSPOT",0.9995,62,"EMERGENCY_REPAIR",73,1,1,0,101,106,1,0.79,0,0.857,0.567,0.7818
ML-GEN-02393,"TRD","WR","BCT","BCT-BVI",543,0,22.041,22.806,0.765,"ES-W42A","DROPPER_DEFECTIVE",0.4973,8,"DEFECT_ATTENDANCE",138,1,1,1,298,30,0,0,0,0.769,0.562,0.6164
ML-GEN-00406,"TRD","CR","BSL","BSL-NGP",465,1,762.143,767.067,4.924,"ES-C53B","DROPPER_DEFECTIVE",0.4117,13,"FOOT_PATROL",30,1,0,1,55,165,1,0.59,0,0.43,0.154,0.5904
ML-GEN-00464,"TRD","WR","BCT","BCT-BVI",543,1,11.982,12.61,0.628,"ES-W41A","CW_WEAR",0.8015,18,"FOOT_PATROL",62,1,1,0,278,30,0,0,0,0.805,0.617,0.6788
ML-GEN-00560,"TRD","NR","DLI","NDLS-GZB",823,0,17.299,20.748,3.449,"ES-D01A","CW_WEAR",0.7844,9,"DEFECT_ATTENDANCE",114,1,1,1,196,30,1,0.77,0,0.873,0.416,0.6369
ML-GEN-01485,"TRD","NR","DLI","GZB-MB",515,0,42.002,46.86,4.858,"ES-D05A","STEADYARM_CORRODED",0.6515,18,"EMERGENCY_REPAIR",79,1,1,1,126,80,1,0.73,0,0.627,0.773,0.6378
ML-GEN-00986,"TRD","ECR","DNR","PNBE-RJPB",870,1,546.185,548.227,2.042,"ES-18B","DROPPER_DEFECTIVE",0.5597,15,"FOOT_PATROL",109,1,1,1,153,77,1,0.52,0,0.162,0.556,0.6219
ML-GEN-00752,"TRD","CR","BSL","KYN-BSL",386,0,168.3,172.931,4.631,"ES-C51B","DROPPER_DEFECTIVE",0.6183,13,"PREVENTIVE_MAINT",158,1,1,1,104,75,1,0.64,0,0.116,0.867,0.6223
ML-GEN-00912,"TRD","CR","BSL","BSL-NGP",465,0,505.378,507.421,2.043,"ES-C53A","DROPPER_DEFECTIVE",0.5698,15,"AOH_SCHEDULE",182,1,1,1,80,128,1,0.76,0,0.487,0.126,0.6153
ML-GEN-01003,"TRD","CR","BSL","BSL-NGP",465,0,695.66,698.599,2.939,"ES-C53A","CW_WEAR",0.3726,5,"PREVENTIVE_MAINT",122,1,1,1,65,211,0,0,0,0.497,0.113,0.5748
ML-GEN-00180,"TRD","NR","DLI","NDLS-PWL",389,0,16.544,20.082,3.538,"ES-D07A","STEADYARM_CORRODED",0.6786,9,"AOH_SCHEDULE",195,1,1,1,105,117,1,0.5,0,0.808,0.591,0.6231
ML-GEN-00207,"TRD","WR","BCT","BCT-BVI",543,0,32.476,35.303,2.828,"ES-W41A","CANTILEVER_MISALIGN",0.7391,16,"DEFECT_ATTENDANCE",91,1,1,1,309,30,1,0.72,0,0.581,0.462,0.659
ML-GEN-01567,"TRD","NR","DLI","NDLS-PWL",389,1,38.508,41.459,2.951,"ES-D06B","STEADYARM_CORRODED",0.4832,12,"AOH_SCHEDULE",143,1,1,1,123,92,1,0.94,0,0.742,0.464,0.6066
ML-GEN-01276,"TRD","WR","BCT","BCT-BVI",543,1,31.978,34.598,2.62,"ES-W40B","CW_WEAR",0.664,13,"AOH_SCHEDULE",174,1,1,1,274,30,1,0.55,0,0.701,0.471,0.6666
ML-GEN-00024,"TRD","NR","DLI","NDLS-GZB",823,0,14.241,16.32,2.079,"ES-D02A","CW_WEAR",0.7222,9,"AOH_SCHEDULE",140,1,1,1,182,30,1,0.92,0,0.824,0.763,0.6567
ML-GEN-00665,"TRD","NR","DLI","NDLS-PWL",389,1,35.248,35.821,0.574,"ES-D06B","JUMPER_HOTSPOT",0.7523,14,"EMERGENCY_REPAIR",95,1,1,1,94,113,1,0.52,0,0.808,0.828,0.6614
ML-GEN-02341,"TRD","NR","DLI","GZB-MB",515,0,43.191,46.291,3.101,"ES-D04B","CW_WEAR",0.5926,20,"EMERGENCY_REPAIR",35,1,0,0,108,122,1,0.78,0,0.465,0.521,0.6449
ML-GEN-01596,"TRD","WR","BCT","BVI-VR",208,1,70.402,75.13,4.729,"ES-W43A","CW_WEAR",0.7584,42,"EMERGENCY_REPAIR",71,1,1,1,178,67,1,0.93,0,0.862,0.529,0.7002
ML-GEN-01762,"TRD","NR","DLI","GZB-MB",515,1,51.504,54.109,2.605,"ES-D04B","CW_WEAR",0.6607,12,"AOH_SCHEDULE",183,1,1,1,146,50,1,0.76,0,0.601,0.635,0.6324
ML-GEN-01839,"TRD","WR","BCT","BVI-VR",208,0,87.433,89.198,1.765,"ES-W43B","CW_WEAR",0.4336,16,"EMERGENCY_REPAIR",51,1,0,0,192,30,1,0.74,1,0.602,0.466,0.595
ML-GEN-00205,"TRD","NR","DLI","NDLS-PWL",389,0,22.847,23.863,1.017,"ES-D07B","CANTILEVER_MISALIGN",0.8389,6,"POH_SCHEDULE",133,1,1,1,88,101,1,0.61,0,0.592,0.402,0.6494
ML-GEN-01168,"TRD","WR","BCT","BVI-VR",208,1,100.763,102.148,1.385,"ES-W44A","CW_WEAR",0.4885,8,"EMERGENCY_REPAIR",47,1,0,1,202,30,1,0.77,0,0.155,0.707,0.5938
ML-GEN-02031,"TRD","NR","DLI","NDLS-PWL",389,0,23.234,27.899,4.666,"ES-D07B","STEADYARM_CORRODED",0.6928,11,"PREVENTIVE_MAINT",106,1,1,1,109,122,1,0.9,0,0.274,0.492,0.6177
ML-GEN-00931,"TRD","CR","BSL","KYN-BSL",386,0,246.473,249.042,2.568,"ES-C50A","JUMPER_HOTSPOT",0.7594,13,"PREVENTIVE_MAINT",99,1,1,1,105,93,1,0.71,0,0.889,0.513,0.6611
ML-GEN-01298,"TRD","CR","BSL","BSL-NGP",465,0,529.864,531.269,1.405,"ES-C54B","INSULATOR_FLASHOVER",0.6984,13,"EMERGENCY_REPAIR",70,1,1,0,81,137,0,0,0,0.715,0.614,0.6317
ML-GEN-01536,"TRD","WR","BCT","BCT-BVI",543,0,48.177,50.041,1.864,"ES-W41A","STEADYARM_CORRODED",0.4211,11,"DEFECT_ATTENDANCE",63,1,1,1,282,30,0,0,0,0.156,0.778,0.5958
ML-GEN-01514,"TRD","CR","BSL","KYN-BSL",386,0,282.675,285.051,2.376,"ES-C50A","DROPPER_DEFECTIVE",0.6277,11,"EMERGENCY_REPAIR",34,1,0,0,87,140,1,0.63,0,0.624,0.532,0.6226
ML-GEN-00947,"TRD","ECR","DNR","DNR-PNBE",454,1,540.123,541.282,1.159,"ES-25B","STEADYARM_CORRODED",0.5853,15,"EMERGENCY_REPAIR",52,1,0,0,128,92,0,0,0,0.643,0.83,0.6229
ML-GEN-02061,"TRD","ECR","DNR","MKA-BKP",417,0,490.558,491.509,0.952,"ES-32A","BIRD_MENACE",0.8921,61,"FOOT_PATROL",102,1,1,1,82,164,1,0.52,0,0.23,0.419,0.7527
ML-GEN-02311,"TRD","CR","BSL","KYN-BSL",386,1,98.88,102.702,3.822,"ES-C51A","CANTILEVER_MISALIGN",0.5151,16,"AOH_SCHEDULE",155,1,1,1,101,90,1,0.97,0,0.282,0.71,0.6453
ML-GEN-01339,"TRD","CR","BSL","KYN-BSL",386,1,425.32,426.665,1.345,"ES-C51B","ANTICREEP_DEFECT",0.6395,10,"PREVENTIVE_MAINT",66,1,1,0,94,101,0,0,0,0.223,0.569,0.6121
ML-GEN-00357,"TRD","WR","BCT","BCT-BVI",543,0,21.836,23.801,1.964,"ES-W41A","JUMPER_HOTSPOT",0.8763,11,"FOOT_PATROL",90,1,1,0,299,30,1,0.97,1,0.604,0.704,0.6504
ML-GEN-02266,"TRD","CR","BSL","BSL-NGP",465,1,690.883,694.394,3.512,"ES-C54B","CW_WEAR",0.4561,11,"AOH_SCHEDULE",150,1,1,1,67,140,0,0,0,0.421,0.132,0.5747
ML-GEN-00676,"TRD","CR","BSL","KYN-BSL",386,1,198.361,199.052,0.691,"ES-C51A","CW_WEAR",0.8521,11,"DEFECT_ATTENDANCE",92,1,1,1,87,140,1,0.58,0,0.455,0.7,0.6393
ML-GEN-02131,"TRD","ECR","DNR","MKA-BKP",417,1,490.221,491.538,1.318,"ES-32A","DROPPER_DEFECTIVE",0.4789,10,"PREVENTIVE_MAINT",185,1,1,1,99,83,1,0.95,0,0.227,0.48,0.6023
ML-GEN-01252,"TRD","CR","BSL","KYN-BSL",386,1,181.23,183.986,2.757,"ES-C50A","NEUTRAL_PTFE",0.6643,8,"AOH_SCHEDULE",127,1,1,1,84,167,1,0.53,0,0.766,0.896,0.6469
ML-GEN-00988,"TRD","NR","DLI","NDLS-GZB",823,0,19.868,23.34,3.471,"ES-D01A","CW_WEAR",0.5211,4,"FOOT_PATROL",42,1,0,0,213,30,1,0.62,0,0.331,0.418,0.5842
ML-GEN-01156,"TRD","CR","BSL","BSL-NGP",465,1,596.898,598.428,1.53,"ES-C54A","INSULATOR_FLASHOVER",0.7063,90,"DEFECT_ATTENDANCE",72,1,1,1,75,133,1,0.63,0,0.855,0.377,0.8025
ML-GEN-00535,"TRD","CR","BSL","BSL-NGP",465,0,791.248,794.112,2.864,"ES-C53B","INSULATOR_FLASHOVER",0.64,13,"AOH_SCHEDULE",181,1,1,1,72,152,1,0.82,0,0.627,0.433,0.6431
ML-GEN-02097,"TRD","CR","BSL","KYN-BSL",386,0,120.367,124.71,4.342,"ES-C51A","DROPPER_DEFECTIVE",0.4299,6,"AOH_SCHEDULE",206,1,1,1,91,124,1,0.86,0,0.562,0.712,0.5908
ML-GEN-00480,"TRD","NR","DLI","GZB-MB",515,0,41.569,45.854,4.285,"ES-D04A","INSULATOR_FLASHOVER",0.8143,14,"PREVENTIVE_MAINT",137,1,1,1,121,101,1,0.65,0,0.815,0.461,0.6356
ML-GEN-01275,"TRD","NR","DLI","GZB-MB",515,0,54.723,57.667,2.944,"ES-D04B","BIRD_MENACE",0.8798,12,"PREVENTIVE_MAINT",143,1,1,1,126,95,1,0.82,0,0.671,0.707,0.6632
ML-GEN-01137,"TRD","CR","BSL","BSL-NGP",465,1,757.437,759.301,1.864,"ES-C53B","CW_WEAR",0.6367,14,"POH_SCHEDULE",168,1,1,1,73,149,1,0.55,0,0.601,0.112,0.6369
ML-GEN-02096,"TRD","NR","DLI","GZB-MB",515,0,43.276,47.702,4.426,"ES-D04A","INSULATOR_FLASHOVER",0.8115,12,"EMERGENCY_REPAIR",57,1,1,0,148,58,0,0,0,0.557,0.449,0.6425
ML-GEN-02087,"TRD","CR","BSL","KYN-BSL",386,1,98.162,98.7,0.538,"ES-C50B","DROPPER_DEFECTIVE",0.6463,9,"POH_SCHEDULE",109,1,1,1,82,148,0,0,0,0.761,0.711,0.616
ML-GEN-01880,"TRD","WR","BCT","BCT-BVI",543,0,3.097,7.69,4.593,"ES-W42A","ANTICREEP_DEFECT",0.6381,8,"PREVENTIVE_MAINT",169,1,1,1,224,30,1,0.78,0,0.648,0.413,0.608
ML-GEN-01701,"TRD","WR","BCT","BVI-VR",208,1,103.872,107.924,4.052,"ES-W43A","JUMPER_HOTSPOT",0.7211,7,"FOOT_PATROL",41,1,1,0,184,30,1,0.92,0,0.557,0.897,0.6122
ML-GEN-00989,"TRD","ECR","DNR","PNBE-RJPB",870,0,547.563,548.818,1.255,"ES-18A","INSULATOR_FLASHOVER",0.8335,17,"FOOT_PATROL",110,1,1,1,159,46,1,0.71,0,0.138,0.439,0.6495
ML-GEN-01149,"TRD","NR","DLI","NDLS-GZB",823,0,8.177,11.794,3.617,"ES-D01A","CW_WEAR",0.4712,9,"EMERGENCY_REPAIR",91,1,1,1,167,54,1,0.78,0,0.83,0.857,0.6421
ML-GEN-00624,"TRD","CR","BSL","BSL-NGP",465,0,754.998,759.633,4.635,"ES-C53B","INSULATOR_FLASHOVER",0.9383,4,"EMERGENCY_REPAIR",81,1,1,0,65,181,0,0,0,0.562,0.313,0.6411
ML-GEN-02437,"TRD","NR","DLI","NDLS-GZB",823,0,27.645,29.233,1.589,"ES-D03A","INSULATOR_FLASHOVER",0.7148,9,"POH_SCHEDULE",174,1,1,1,191,30,1,0.75,1,0.653,0.601,0.6436
ML-GEN-00502,"TRD","CR","BSL","KYN-BSL",386,1,182.319,182.843,0.524,"ES-C51B","CW_WEAR",0.9412,8,"POH_SCHEDULE",176,1,1,1,91,126,0,0,0,0.184,0.625,0.6339
ML-GEN-01091,"TRD","ECR","DNR","BXR-DNR",655,0,611.728,613.505,1.777,"ES-09A","JUMPER_HOTSPOT",0.7383,8,"EMERGENCY_REPAIR",36,1,1,0,107,107,1,0.62,0,0.821,0.808,0.6457
ML-GEN-01177,"TRD","ECR","DNR","BXR-DNR",655,1,610.611,612.396,1.786,"ES-09A","INSULATOR_FLASHOVER",0.8394,41,"EMERGENCY_REPAIR",60,1,1,0,94,106,1,0.66,0,0.377,0.493,0.7029
ML-GEN-00967,"TRD","ECR","DNR","MKA-BKP",417,0,490.079,491.716,1.637,"ES-31B","NEUTRAL_PTFE",0.5289,12,"POH_SCHEDULE",100,1,1,1,84,141,1,0.77,0,0.444,0.456,0.6133
ML-GEN-00610,"TRD","NR","DLI","NDLS-PWL",389,0,26.959,31.738,4.779,"ES-D06B","CANTILEVER_MISALIGN",0.6111,8,"FOOT_PATROL",83,1,1,0,99,149,1,0.98,0,0.618,0.785,0.6311
ML-GEN-01062,"TRD","NR","DLI","NDLS-GZB",823,0,22.435,24.72,2.285,"ES-D02B","CW_WEAR",0.5477,10,"FOOT_PATROL",131,1,1,1,168,30,1,0.82,1,0.529,0.64,0.6302
ML-GEN-00994,"TRD","NR","DLI","GZB-MB",515,1,44.59,45.984,1.395,"ES-D04B","INSULATOR_FLASHOVER",0.75,11,"EMERGENCY_REPAIR",67,1,1,0,120,66,1,0.88,1,0.79,0.502,0.6615
ML-GEN-01504,"TRD","ECR","DNR","PNBE-RJPB",870,1,545.979,546.684,0.706,"ES-18B","INSULATOR_FLASHOVER",0.7531,11,"EMERGENCY_REPAIR",89,1,1,0,139,67,0,0,0,0.879,0.747,0.6814
ML-GEN-00674,"TRD","WR","BCT","BCT-BVI",543,1,19.291,22.985,3.694,"ES-W42A","CW_WEAR",0.9357,13,"POH_SCHEDULE",134,1,1,1,274,30,0,0,0,0.41,0.739,0.691
ML-GEN-00753,"TRD","CR","BSL","KYN-BSL",386,1,358.706,362.93,4.224,"ES-C51A","DROPPER_DEFECTIVE",0.6271,12,"FOOT_PATROL",62,1,1,0,90,115,1,0.97,0,0.648,0.817,0.6562
ML-GEN-00778,"TRD","WR","BCT","BVI-VR",208,0,56.989,59.563,2.574,"ES-W43B","CW_WEAR",0.6688,12,"DEFECT_ATTENDANCE",127,1,1,1,221,30,0,0,0,0.526,0.485,0.6228
ML-GEN-01913,"TRD","ECR","DNR","PNBE-RJPB",870,0,546.131,548.474,2.343,"ES-18B","INSULATOR_FLASHOVER",0.9401,10,"DEFECT_ATTENDANCE",74,1,1,0,161,45,0,0,1,0.898,0.854,0.6835
ML-GEN-02396,"TRD","ECR","DNR","PNBE-RJPB",870,1,545.044,546.804,1.76,"ES-18B","ANTICREEP_DEFECT",0.4479,21,"EMERGENCY_REPAIR",30,1,1,1,155,43,0,0,0,0.23,0.703,0.6261
ML-GEN-01082,"TRD","ECR","DNR","MKA-BKP",417,0,490.876,491.992,1.116,"ES-32A","CANTILEVER_MISALIGN",0.7483,10,"FOOT_PATROL",82,1,1,1,81,136,1,0.89,0,0.332,0.576,0.6323
ML-GEN-01723,"TRD","ECR","DNR","MKA-BKP",417,1,489.424,491.057,1.633,"ES-31A","DROPPER_DEFECTIVE",0.5726,12,"EMERGENCY_REPAIR",58,1,1,1,76,124,1,0.99,0,0.372,0.432,0.6295
ML-GEN-02333,"TRD","NR","DLI","GZB-MB",515,1,49.369,50.967,1.598,"ES-D04B","BIRD_MENACE",0.8033,15,"FOOT_PATROL",45,1,1,0,127,125,0,0,0,0.348,0.632,0.6596
ML-GEN-00747,"TRD","WR","BCT","BVI-VR",208,1,55.474,56.171,0.697,"ES-W43B","CANTILEVER_MISALIGN",0.717,9,"FOOT_PATROL",98,1,1,1,161,35,0,0,1,0.668,0.493,0.6498
ML-GEN-00045,"TRD","ECR","DNR","PNBE-RJPB",870,1,547.084,548.806,1.722,"ES-19A","CW_WEAR",0.9312,7,"FOOT_PATROL",69,1,1,1,107,80,1,0.95,0,0.844,0.551,0.663
ML-GEN-01895,"TRD","CR","BSL","BSL-NGP",465,1,537.762,539.858,2.097,"ES-C54A","DROPPER_DEFECTIVE",0.4126,13,"POH_SCHEDULE",173,1,1,1,69,167,1,0.53,0,0.521,0.238,0.6286
ML-GEN-01161,"TRD","ECR","DNR","MKA-BKP",417,1,491.309,492.335,1.026,"ES-31B","NEUTRAL_PTFE",0.8572,48,"FOOT_PATROL",72,1,1,1,89,116,0,0,0,0.885,0.642,0.7392
ML-GEN-02340,"TRD","NR","DLI","NDLS-GZB",823,0,7.879,9.707,1.828,"ES-D01B","INSULATOR_FLASHOVER",0.9554,16,"DEFECT_ATTENDANCE",101,1,1,1,175,78,1,0.53,0,0.9,0.517,0.6742
ML-GEN-01888,"TRD","NR","DLI","NDLS-GZB",823,0,15.057,16.521,1.464,"ES-D01A","CW_WEAR",0.5215,14,"FOOT_PATROL",104,1,1,1,164,49,1,0.56,0,0.9,0.477,0.6085
ML-GEN-02071,"TRD","WR","BCT","BCT-BVI",543,1,10.878,15.785,4.908,"ES-W40A","DROPPER_DEFECTIVE",0.4403,13,"EMERGENCY_REPAIR",30,1,0,0,224,30,1,0.73,1,0.848,0.452,0.622
ML-GEN-00800,"TRD","WR","BCT","BVI-VR",208,1,86.717,90.382,3.665,"ES-W43A","CW_WEAR",0.6075,16,"PREVENTIVE_MAINT",76,1,1,1,198,30,1,0.69,0,0.641,0.732,0.6493
ML-GEN-00564,"TRD","NR","DLI","NDLS-PWL",389,1,11.358,15.941,4.583,"ES-D07B","INSULATOR_FLASHOVER",0.7611,16,"EMERGENCY_REPAIR",44,1,1,1,106,113,0,0,1,0.884,0.481,0.6545
ML-GEN-01486,"TRD","ECR","DNR","DNR-PNBE",454,1,541.372,542.685,1.313,"ES-24B","STEADYARM_CORRODED",0.5167,11,"AOH_SCHEDULE",145,1,1,1,118,118,0,0,0,0.609,0.786,0.6082
ML-GEN-01658,"TRD","WR","BCT","BCT-BVI",543,0,42.946,47.122,4.176,"ES-W41A","DROPPER_DEFECTIVE",0.4873,11,"PREVENTIVE_MAINT",151,1,1,1,227,30,0,0,0,0.604,0.639,0.6237
ML-GEN-00339,"TRD","CR","BSL","KYN-BSL",386,0,59.957,62.229,2.272,"ES-C51B","CANTILEVER_MISALIGN",0.5213,16,"DEFECT_ATTENDANCE",56,1,0,0,109,131,0,0,1,0.668,0.732,0.6381
ML-GEN-00142,"TRD","CR","BSL","KYN-BSL",386,0,105.037,106.286,1.249,"ES-C50B","CANTILEVER_MISALIGN",0.6203,9,"POH_SCHEDULE",154,1,1,1,95,127,1,0.71,0,0.341,0.473,0.6256
ML-GEN-00026,"TRD","NR","DLI","NDLS-PWL",389,0,7.051,10.878,3.827,"ES-D06B","CANTILEVER_MISALIGN",0.7794,13,"DEFECT_ATTENDANCE",48,1,1,1,123,126,1,0.58,0,0.531,0.889,0.6892
ML-GEN-00781,"TRD","ECR","DNR","PNBE-RJPB",870,1,545.501,547.868,2.367,"ES-18A","CW_WEAR",0.4844,14,"DEFECT_ATTENDANCE",84,1,1,0,153,51,1,0.75,0,0.781,0.743,0.6487
ML-GEN-00625,"TRD","NR","DLI","NDLS-PWL",389,0,6.755,11.71,4.955,"ES-D06A","CANTILEVER_MISALIGN",0.478,9,"AOH_SCHEDULE",159,1,1,1,126,91,0,0,0,0.213,0.735,0.6003
ML-GEN-00265,"TRD","NR","DLI","NDLS-PWL",389,0,4.168,6.336,2.168,"ES-D07A","JUMPER_HOTSPOT",0.857,14,"FOOT_PATROL",117,1,1,1,98,146,1,0.86,0,0.344,0.604,0.6613
ML-GEN-01200,"TRD","ECR","DNR","MKA-BKP",417,0,489.449,491.441,1.992,"ES-32A","DROPPER_DEFECTIVE",0.7758,11,"FOOT_PATROL",97,1,1,1,93,117,1,0.67,0,0.634,0.458,0.6196
ML-GEN-01319,"TRD","WR","BCT","BVI-VR",208,0,97.553,99.632,2.079,"ES-W44A","INSULATOR_FLASHOVER",0.6444,9,"FOOT_PATROL",76,1,1,0,206,30,1,0.69,0,0.467,0.805,0.6456
ML-GEN-01922,"TRD","CR","BSL","KYN-BSL",386,0,85.339,86.753,1.414,"ES-C51B","CW_WEAR",0.519,14,"POH_SCHEDULE",108,1,1,1,94,110,1,0.92,0,0.688,0.651,0.6368
ML-GEN-02077,"TRD","NR","DLI","GZB-MB",515,0,39.525,42.772,3.247,"ES-D05B","INSULATOR_FLASHOVER",0.5475,14,"FOOT_PATROL",40,1,1,1,122,81,1,0.75,0,0.506,0.857,0.6365
ML-GEN-00156,"TRD","ECR","DNR","MKA-BKP",417,0,490.398,491.801,1.403,"ES-32A","CANTILEVER_MISALIGN",0.7693,12,"PREVENTIVE_MAINT",133,1,1,1,87,133,1,0.73,0,0.874,0.551,0.6559
ML-GEN-00374,"TRD","CR","BSL","BSL-NGP",465,1,653.689,657.97,4.281,"ES-C54B","CANTILEVER_MISALIGN",0.6778,16,"EMERGENCY_REPAIR",115,1,1,1,66,178,1,0.64,0,0.44,0.468,0.6424
ML-GEN-01929,"TRD","WR","BCT","BCT-BVI",543,0,21.474,26.451,4.978,"ES-W42A","JUMPER_HOTSPOT",0.8924,12,"FOOT_PATROL",50,1,1,1,224,30,1,0.99,0,0.487,0.899,0.6523
ML-GEN-00978,"TRD","CR","BSL","BSL-NGP",465,1,666.825,671.443,4.618,"ES-C54A","CANTILEVER_MISALIGN",0.8672,14,"PREVENTIVE_MAINT",69,1,1,1,70,148,0,0,0,0.668,0.377,0.6483
ML-GEN-00372,"TRD","WR","BCT","BCT-BVI",543,1,39.532,43.593,4.061,"ES-W40B","DROPPER_DEFECTIVE",0.7562,13,"POH_SCHEDULE",192,1,1,1,252,30,0,0,1,0.655,0.895,0.6353
ML-GEN-01342,"TRD","NR","DLI","NDLS-GZB",823,1,5.124,8.994,3.869,"ES-D01A","DROPPER_DEFECTIVE",0.5381,10,"EMERGENCY_REPAIR",30,1,0,1,155,63,1,0.71,0,0.104,0.493,0.6003
ML-GEN-02334,"TRD","WR","BCT","BCT-BVI",543,0,36.487,37.202,0.715,"ES-W41B","ANTICREEP_DEFECT",0.6452,15,"FOOT_PATROL",46,1,0,0,279,30,0,0,0,0.888,0.792,0.6536
ML-GEN-00298,"TRD","ECR","DNR","BXR-DNR",655,0,610.89,614.393,3.503,"ES-10A","CW_WEAR",0.712,7,"AOH_SCHEDULE",142,1,1,1,98,116,1,0.99,0,0.476,0.791,0.6385
ML-GEN-00367,"TRD","WR","BCT","BCT-BVI",543,0,51.526,52.451,0.926,"ES-W40A","NEUTRAL_PTFE",0.8058,14,"EMERGENCY_REPAIR",86,1,1,0,277,30,0,0,0,0.324,0.405,0.6618
ML-GEN-01249,"TRD","WR","BCT","BCT-BVI",543,1,10.19,14.159,3.97,"ES-W41B","DROPPER_DEFECTIVE",0.6742,14,"FOOT_PATROL",59,1,0,0,245,30,1,0.99,0,0.721,0.822,0.6569
ML-GEN-02359,"TRD","NR","DLI","NDLS-GZB",823,0,22.009,24.718,2.709,"ES-D02A","JUMPER_HOTSPOT",1,15,"EMERGENCY_REPAIR",31,1,1,0,213,30,0,0,0,0.836,0.78,0.6958
ML-GEN-01314,"TRD","WR","BCT","BCT-BVI",543,1,17.211,21.17,3.959,"ES-W40B","CW_WEAR",0.7864,14,"PREVENTIVE_MAINT",162,1,1,1,257,30,1,0.73,1,0.254,0.785,0.6481
ML-GEN-02019,"TRD","WR","BCT","BCT-BVI",543,0,43.454,44.777,1.323,"ES-W40A","CANTILEVER_MISALIGN",0.4728,6,"EMERGENCY_REPAIR",71,1,1,1,284,30,1,0.85,0,0.409,0.564,0.567
ML-GEN-01515,"TRD","CR","BSL","BSL-NGP",465,1,589.951,590.555,0.604,"ES-C54A","JUMPER_HOTSPOT",0.9401,9,"EMERGENCY_REPAIR",50,1,1,0,66,140,1,0.54,0,0.325,0.114,0.6436
ML-GEN-02370,"TRD","CR","BSL","KYN-BSL",386,1,139.746,144.459,4.713,"ES-C51A","INSULATOR_FLASHOVER",0.7835,11,"PREVENTIVE_MAINT",140,1,1,1,101,87,0,0,1,0.237,0.894,0.6576
ML-GEN-01337,"TRD","NR","DLI","NDLS-GZB",823,0,24.357,25.789,1.432,"ES-D02A","CW_WEAR",0.8056,9,"DEFECT_ATTENDANCE",133,1,1,1,180,39,1,0.91,0,0.535,0.674,0.6538
ML-GEN-00233,"TRD","WR","BCT","BCT-BVI",543,0,25.554,27.797,2.243,"ES-W41A","CW_WEAR",0.5565,12,"POH_SCHEDULE",176,1,1,1,264,30,1,0.81,0,0.455,0.762,0.6298
ML-GEN-00230,"TRD","WR","BCT","BVI-VR",208,0,80.176,84.189,4.013,"ES-W44B","CW_WEAR",0.5413,9,"DEFECT_ATTENDANCE",72,1,1,1,176,30,0,0,0,0.524,0.477,0.6285
ML-GEN-02133,"TRD","CR","BSL","KYN-BSL",386,0,435.117,436.033,0.917,"ES-C50B","INSULATOR_FLASHOVER",0.7432,16,"PREVENTIVE_MAINT",154,1,1,1,79,162,1,0.7,0,0.358,0.464,0.6387
ML-GEN-00039,"TRD","CR","BSL","KYN-BSL",386,1,397.451,398.163,0.712,"ES-C51A","INSULATOR_FLASHOVER",0.8089,18,"DEFECT_ATTENDANCE",94,1,1,1,94,114,1,0.64,0,0.172,0.779,0.6455
ML-GEN-01907,"TRD","CR","BSL","BSL-NGP",465,0,704.771,706.002,1.231,"ES-C54A","CW_WEAR",0.4675,12,"EMERGENCY_REPAIR",46,1,1,1,65,163,1,0.76,0,0.784,0.15,0.6025
ML-GEN-01147,"TRD","ECR","DNR","MKA-BKP",417,1,490.11,492.462,2.351,"ES-31A","JUMPER_HOTSPOT",0.8659,43,"AOH_SCHEDULE",186,1,1,1,81,160,1,0.61,0,0.582,0.698,0.7194
ML-GEN-01592,"TRD","NR","DLI","NDLS-GZB",823,1,26.774,29.739,2.965,"ES-D03A","CW_WEAR",0.5948,14,"EMERGENCY_REPAIR",90,1,1,1,169,30,1,0.59,0,0.645,0.644,0.6533
ML-GEN-01852,"TRD","CR","BSL","BSL-NGP",465,1,493.064,494.344,1.28,"ES-C54A","BIRD_MENACE",0.9327,19,"PREVENTIVE_MAINT",70,1,1,0,67,141,0,0,0,0.327,0.119,0.6615
ML-GEN-02009,"TRD","CR","BSL","KYN-BSL",386,0,348.494,350.306,1.811,"ES-C51A","JUMPER_HOTSPOT",0.8259,12,"FOOT_PATROL",54,1,1,1,81,194,1,0.52,0,0.17,0.662,0.6502
ML-GEN-00424,"TRD","CR","BSL","KYN-BSL",386,0,323.417,327.841,4.425,"ES-C50A","DROPPER_DEFECTIVE",0.5366,6,"DEFECT_ATTENDANCE",109,1,1,1,103,112,1,0.69,0,0.831,0.49,0.6044
ML-GEN-00459,"TRD","ECR","DNR","DNR-PNBE",454,0,541.551,543.623,2.072,"ES-25B","DROPPER_DEFECTIVE",0.5442,11,"POH_SCHEDULE",104,1,1,1,129,84,0,0,0,0.177,0.476,0.6017
ML-GEN-00097,"TRD","WR","BCT","BVI-VR",208,1,83.635,87.346,3.71,"ES-W43A","CW_WEAR",0.8322,17,"FOOT_PATROL",63,1,1,0,194,30,1,0.72,0,0.861,0.684,0.6561
ML-GEN-02285,"TRD","NR","DLI","GZB-MB",515,0,49.431,51.652,2.22,"ES-D05B","NEUTRAL_PTFE",0.7806,15,"AOH_SCHEDULE",191,1,1,1,155,51,1,0.86,0,0.897,0.659,0.6682
ML-GEN-00114,"TRD","WR","BCT","BCT-BVI",543,0,53.852,54.875,1.023,"ES-W41A","DROPPER_DEFECTIVE",0.6478,9,"AOH_SCHEDULE",224,1,1,1,285,30,1,0.88,0,0.203,0.785,0.6212
ML-GEN-01492,"TRD","CR","BSL","BSL-NGP",465,0,585.876,587.371,1.495,"ES-C54A","ANTICREEP_DEFECT",0.5316,17,"EMERGENCY_REPAIR",53,1,0,0,75,143,1,0.96,0,0.567,0.383,0.6196
ML-GEN-01361,"TRD","WR","BCT","BVI-VR",208,1,94.473,95.263,0.791,"ES-W44A","INSULATOR_FLASHOVER",0.7428,14,"POH_SCHEDULE",124,1,1,1,202,30,1,0.98,1,0.135,0.545,0.6304
ML-GEN-01587,"TRD","CR","BSL","KYN-BSL",386,1,199.127,203.744,4.618,"ES-C51A","JUMPER_HOTSPOT",0.8598,16,"EMERGENCY_REPAIR",60,1,1,1,91,155,1,0.52,0,0.361,0.581,0.6678
ML-GEN-01263,"TRD","WR","BCT","BCT-BVI",543,1,10.85,13.394,2.544,"ES-W41B","CW_WEAR",0.6767,15,"DEFECT_ATTENDANCE",137,1,1,1,257,30,1,0.53,0,0.215,0.557,0.6321
ML-GEN-00002,"TRD","NR","DLI","NDLS-GZB",823,0,25.258,28.72,3.462,"ES-D02A","BIRD_MENACE",0.8913,14,"PREVENTIVE_MAINT",108,1,1,1,189,30,0,0,1,0.785,0.406,0.6488
ML-GEN-00750,"TRD","CR","BSL","KYN-BSL",386,1,156.717,157.633,0.916,"ES-C50A","CANTILEVER_MISALIGN",0.6253,47,"AOH_SCHEDULE",198,1,1,1,88,151,1,0.94,0,0.269,0.496,0.708